replicate,absolute_reduction_task_minus_gold,relative_reduction,goal_success_difference_gold_minus_task
0,-0.036038324579395487,-0.15864245826371534,0.0
1,-0.036355965852690075,-0.16458824851140313,0.0
2,-0.0021798037529247583,-0.007921144785218383,0.0
3,-0.0025696380656044515,-0.009869746206526189,0.0
4,0.004009703056105263,0.014835457265169084,0.0
5,0.00375433499808564,0.014102381920726725,0.0
6,-0.008201759898526284,-0.032381476580502354,0.0
7,-0.04081476659999128,-0.18301982792239435,0.0
8,-0.0011834789394196132,-0.004589193190229426,0.0
9,-0.018901132046982683,-0.07364163349460348,0.0
10,0.0317673087838386,0.11198916713355371,0.0
11,0.13109414406463182,0.35450977281319285,0.0
12,-0.022166742517824994,-0.09713580246913568,0.0
13,-0.0021095118630404253,-0.008291277169237898,0.0
14,-0.01106585353961037,-0.041239956907181824,0.0
15,-0.03694350821563455,-0.15311635390352457,0.0
16,0.004805674546053684,0.01791853565062206,0.0
17,-0.003999735773029034,-0.015101508072427388,0.0
18,0.018105972564032458,0.06461959173715032,0.0
19,0.045487054176625685,0.16237281400308515,0.0
20,-0.019351535678843068,-0.08190705959589921,0.0
21,-0.05194811019992435,-0.22523965962946996,0.0
22,-0.019110522432506882,-0.07567586595325249,0.0
23,-0.010892064317427314,-0.04437209965475924,0.0
24,-0.03498157563598539,-0.1433525511854347,0.0
25,-0.0089082887070156,-0.03491925015816219,0.0
26,-0.02008693240920728,-0.08268056408533118,0.0
27,-0.01866090359409947,-0.07663500576713513,0.0
28,-0.04367564544605798,-0.1856888107250406,0.0
29,-0.02804817205311641,-0.12344862131090582,0.0
30,0.0621424182064757,0.19543884396658975,0.0
31,-0.0699942528090289,-0.318056786080406,0.0
32,0.00222288085358624,0.00889152341434496,0.0
33,0.05874322598703691,0.20152103506687635,0.0
34,-0.04560971584094567,-0.20084379283301673,0.0
35,-0.045470176018125086,-0.20672712596127393,0.0
36,-0.010615976079370537,-0.040954237639528435,0.0
37,0.008303757871327033,0.030268536756772737,0.0
38,-0.05012085049117254,-0.2188233622947934,0.0
39,-0.0290208765443232,-0.1284328153450899,0.0
40,0.00782445887023031,0.02900324698077505,0.0
41,0.04135084322234078,0.14142327323378434,0.0
42,-0.011672149606233861,-0.04660649655197249,0.0
43,-0.03754917556808196,-0.1610085271440713,0.0
44,-0.03017471479047465,-0.12843497864261977,0.0
45,0.003648554625385103,0.013183022400497636,0.0
46,-0.032261696757911074,-0.13920021443768738,0.0
47,0.08877681594333009,0.2716189104984894,0.0
48,-0.0031078637010856225,-0.011736550448706492,0.0
49,-0.02464657813718496,-0.10990162810512555,0.0
50,-0.026703580192537574,-0.11843500586035599,0.0
51,-0.03534805837437416,-0.15212858070000926,0.0
52,0.023984322282689707,0.08557982825404659,0.0
53,0.03732535552829408,0.13232061433211745,0.0
54,-0.03568491599905449,-0.15149424488266097,0.0
55,0.027167195463230154,0.09444242713085056,0.0
56,-0.003281387253383672,-0.012446126396793131,0.0
57,-0.006230832720919288,-0.02443326538877339,0.0
58,-0.05238881426999298,-0.2330029361010685,0.0
59,0.0006373188178246947,0.002416409263459037,0.0
60,0.010346030094443182,0.03931963318674929,0.0
61,-0.03745397298923467,-0.16415895285994075,0.0
62,-0.00018329215624129924,-0.0007056748015290021,0.0
63,-0.03743854612504255,-0.15381868287321462,0.0
64,-0.007633683438215466,-0.029683591348600904,0.0
65,-0.03684324217180995,-0.15428388134796908,0.0
66,0.06480230676523485,0.20467578977326636,0.0
67,0.018238726955091433,0.0669232028430914,0.0
68,0.014308858059819352,0.05287987874194778,0.0
69,-0.040296584020038495,-0.17046615017237812,0.0
70,-0.017655053171030166,-0.06784117653682889,0.0
71,-0.06068539560726863,-0.2686361360520713,0.0
72,-0.04297533506704079,-0.19114729185034937,0.0
73,-0.00574152654011173,-0.022952452113978165,0.0
74,-0.003188578649424789,-0.012647166531843631,0.0
75,-0.033861562482245755,-0.15027423247562585,0.0
76,-0.036054863184567854,-0.16203753351206432,0.0
77,0.05017451604648532,0.16390686395412096,0.0
78,0.09348406443265744,0.2713743756499832,0.0
79,-0.060908849059622266,-0.26962633182943035,0.0
80,-0.03694908151148987,-0.1691446842525981,0.0
81,-0.025374711087245816,-0.10019301126379167,0.0
82,-0.0007456304709194672,-0.002791567738686298,0.0
83,0.016323987705299192,0.06124246623370113,0.0
84,-0.004640030509789672,-0.018315050005190923,0.0
85,-0.023548128335253743,-0.09504730488480052,0.0
86,-0.008726851470580166,-0.03523062260345326,0.0
87,-0.008852963987884876,-0.03451834334487363,0.0
88,0.004730878256297255,0.017809433435815446,0.0
89,-0.010852667463545074,-0.041707053450019155,0.0
90,-0.025956024809870748,-0.10165614751051208,0.0
91,-0.02196445948976475,-0.09862914139642122,0.0
92,-0.02840873652866066,-0.11910600661836795,0.0
93,-0.024007824138411682,-0.10743420084672184,0.0
94,0.045508504758531215,0.15412339761257243,0.0
95,0.010842082708377998,0.04145502212026882,0.0
96,0.031987023801132164,0.11193710405598381,0.0
97,-0.02101329280162126,-0.087239302244998,0.0
98,-0.054955097113407736,-0.245718767553053,0.0
99,-0.03385156734329167,-0.1475143866596841,0.0
100,-0.014619127151516531,-0.05721478877135526,0.0
101,-0.036737853826147554,-0.1543795319125567,0.0
102,-0.03731625852640816,-0.1591856979577753,0.0
103,0.00014480373420733272,0.0005516571327414303,0.0
104,0.08597567205380996,0.26295932236299213,0.0
105,0.00018930485536158836,0.0007792047041594964,0.0
106,-0.023864412568305987,-0.10560231733170997,0.0
107,-0.0026980968698759877,-0.011244884326266632,0.0
108,0.05984710529896514,0.20096421311109317,0.0
109,-0.017662514618233566,-0.07087571196979904,0.0
110,0.052995775578322774,0.18594207465842558,0.0
111,-0.042998064006994546,-0.18779786848904734,0.0
112,0.058137674431876674,0.18927042898377627,0.0
113,0.035710600474879534,0.13291606549633128,0.0
114,-0.03773762127667599,-0.1551034290749506,0.0
115,0.026120638163024346,0.08982884740527038,0.0
116,0.022068657543228953,0.07392658656895891,0.0
117,0.0495047363841023,0.16046023789246266,0.0
118,0.007187340588807933,0.02766588523539993,0.0
119,0.038134689017169765,0.13166122062573485,0.0
120,0.0395171690484894,0.13471377542868335,0.0
121,-0.010826907238552452,-0.04153595322426486,0.0
122,0.047634130187455714,0.1617133209548656,0.0
123,0.014058201980646556,0.050664597344832855,0.0
124,-0.02056431306080675,-0.08526299836660922,0.0
125,-0.01996359947487769,-0.07904778781971773,0.0
126,0.0018274369365831045,0.0070338690714566495,0.0
127,-0.04850607605603133,-0.21967835215106357,0.0
128,-0.05007445787336176,-0.22403070669899208,0.0
129,0.05589794587994201,0.17681000654798065,0.0
130,0.05667505185577476,0.17907742079428832,0.0
131,-0.03903852131596447,-0.17153139353317043,0.0
132,-0.060903017939813064,-0.26647957659885335,0.0
133,0.003030003085476407,0.011288712503225091,0.0
134,-0.02155464366200499,-0.08802570759173606,0.0
135,0.11873159123994581,0.348302546736146,0.0
136,0.051712023921019895,0.17971866129296638,0.0
137,0.005431414154021708,0.02103281107479932,0.0
138,-0.02862837281624442,-0.11237554977111579,0.0
139,0.06566746955960276,0.21232037825153507,0.0
140,-0.03574121862442878,-0.1658102750508973,0.0
141,-0.015129478648194639,-0.06078490539245258,0.0
142,-0.027726040034674465,-0.1160274501451051,0.0
143,-0.009594081122582643,-0.03859085052785416,0.0
144,-0.0017905198739949224,-0.0071814248487599465,0.0
145,-0.045727998285466503,-0.19496907166913968,0.0
146,-0.026992208994490313,-0.11065821767607573,0.0
147,0.01268934506013708,0.04506040754066241,0.0
148,-0.0006026705441061764,-0.0022722762320703327,0.0
149,-0.013252396763909546,-0.05578857449825195,0.0
150,-0.02951702673941317,-0.12209970085376766,0.0
151,0.00296387855198621,0.012252397208149381,0.0
152,0.01075228071673573,0.040558323686815445,0.0
153,-0.00011862558859493388,-0.0004664174141464733,0.0
154,-0.0555956165548917,-0.25964819284764135,0.0
155,-0.027713562483346638,-0.11434385498935806,0.0
156,-0.0438965220269317,-0.18554310407968935,0.0
157,0.06740472667634617,0.20737435049229946,0.0
158,-0.0052970299729102055,-0.02028360472885593,0.0
159,0.030760282974023445,0.11827545425223099,0.0
160,0.04830323075455273,0.16127445109657215,0.0
161,-0.0066600531693746245,-0.02588947007693283,0.0
162,0.03722796451472707,0.13232069055838228,0.0
163,0.07307717048695239,0.21396776765590364,0.0
164,0.05931658318964336,0.19969500958278044,0.0
165,0.023241906545980406,0.0823012966737729,0.0
166,-0.010774699369545893,-0.040010207505731685,0.0
167,-0.02226896018840993,-0.10124214680401582,0.0
168,-0.0006938128167977564,-0.002682850962150203,0.0
169,0.04320361433747444,0.14266735698388897,0.0
170,0.07488572410472316,0.22807428788011316,0.0
171,-0.015128054013718556,-0.06311292267708735,0.0
172,-0.04475014971453389,-0.20170872625049038,0.0
173,0.04662062517306781,0.1579564129670749,0.0
174,-0.009700476667147573,-0.03773542151454132,0.0
175,-0.020550535238705647,-0.08143827213899539,0.0
176,0.01143645820141892,0.04166319473377225,0.0
177,-0.029852069384584123,-0.12149432576039178,0.0
178,0.07980057812178301,0.2540638887792911,0.0
179,0.00665145385027166,0.02480592310084609,0.0
180,-0.06256833568661524,-0.28885174661541024,0.0
181,0.05349395177154792,0.17585932157313156,0.0
182,0.04652082630212645,0.15636303074938596,0.0
183,0.013343002515132207,0.04980506879410734,0.0
184,-0.004719577355600857,-0.01817314904103718,0.0
185,0.05981152993348113,0.20560213414634138,0.0
186,0.024847216480887446,0.08860411664248374,0.0
187,-0.011231713452057562,-0.04578144070132159,0.0
188,0.05513308581330567,0.18031695452726207,0.0
189,-0.04378346770901101,-0.191678005581052,0.0
190,0.03185151203758074,0.11252826528918763,0.0
191,-0.041421200294845334,-0.17704813931336547,0.0
192,0.011949423990980035,0.043048730468041925,0.0
193,0.04266346645767344,0.1414287389606055,0.0
194,0.010695496774789565,0.04190001233608037,0.0
195,-0.019051827603562443,-0.07586951205248449,0.0
196,-0.0006500668239545204,-0.002437935058281198,0.0
197,-0.01995877955749145,-0.08107955052851443,0.0
198,-0.02886817850339088,-0.1278927442999061,0.0
199,-0.02005365155151992,-0.08875307503075026,0.0
200,-0.026511310246992492,-0.11640174524374833,0.0
201,-0.004894876934802783,-0.01931367026695502,0.0
202,-0.043454308606170805,-0.17708019204350178,0.0
203,-0.012305164035246896,-0.04691343788437879,0.0
204,0.08299513844853099,0.25571475089547385,0.0
205,-0.008820826412574312,-0.03515134852329671,0.0
206,-0.006073600273475865,-0.023717617543905185,0.0
207,-0.04340948293996383,-0.19381257396171842,0.0
208,0.02436688294647832,0.08945389692614616,0.0
209,0.04919614698452296,0.1626289807780805,0.0
210,0.027261735243068685,0.09259444163917664,0.0
211,-0.012348995461675005,-0.05063397637919877,0.0
212,0.006887555178992921,0.026306525037936387,0.0
213,-0.009431443777984272,-0.03743796109993287,0.0
214,-0.02356472383946767,-0.09442802017011566,0.0
215,0.018085436069745026,0.06849729729729717,0.0
216,0.012460976388567968,0.04442033833631766,0.0
217,-0.006770300176459687,-0.02745995875766866,0.0
218,0.0016886964974932028,0.0061721474925345455,0.0
219,-0.027077250200792102,-0.12268378277573085,0.0
220,0.04589065273740117,0.15415513144033127,0.0
221,-0.03277206026760937,-0.1345192509901511,0.0
222,-0.01056335994073651,-0.042484399301351096,0.0
223,-0.0032739309313954412,-0.012294311433922947,0.0
224,-0.018037569976013273,-0.07325594825594814,0.0
225,-0.010871854644402823,-0.04058180040984217,0.0
226,-0.012209905504758478,-0.04895494580184155,0.0
227,-0.009212305118348751,-0.03892979126549384,0.0
228,-0.014574490194967038,-0.060545678973951196,0.0
229,0.10895333572025304,0.30410393071285813,0.0
230,0.01628513190709402,0.06084534693458585,0.0
231,0.05055296618342253,0.17912601017659383,0.0
232,-0.010552819297618754,-0.04004175903319921,0.0
233,0.07023960716806238,0.2201972780606024,0.0
234,-0.03252372540010237,-0.1436856304798215,0.0
235,-0.02822065505244814,-0.11559288720162432,0.0
236,0.04517117349494948,0.14549533784574867,0.0
237,0.019885236889595426,0.07184487153623403,0.0
238,-0.033911232303311445,-0.14120752503456663,0.0
239,-0.004019140259363396,-0.015767761844949307,0.0
240,-0.010459929592123496,-0.04085176752154017,0.0
241,-0.005988054724745312,-0.024128753531196617,0.0
242,0.0044642254813335724,0.016291202422447044,0.0
243,-0.07282123888722003,-0.3491659674361406,0.0
244,-0.02520077099526552,-0.10444251571460164,0.0
245,0.03353830162626015,0.12159955650539947,0.0
246,-0.01532250118199785,-0.06105145081737347,0.0
247,-0.02364995561602612,-0.10028851752681162,0.0
248,0.03681047270076898,0.12895774153394396,0.0
249,-0.018740602325097222,-0.07961233318556338,0.0
250,-0.04357390129934646,-0.18346351187947327,0.0
251,-0.035528981568414275,-0.15233050847457622,0.0
252,0.027815970496830822,0.09230232993933012,0.0
253,0.017323845248602532,0.05929324396614117,0.0
254,0.005942642596989067,0.022079304916714962,0.0
255,0.03922192539385866,0.13161584242990715,0.0
256,-0.03692423870059652,-0.16194924056834883,0.0
257,0.03433435237172486,0.1249785874858286,0.0
258,0.04062387410062601,0.1393248422858507,0.0
259,0.02562657592378076,0.08917831706245904,0.0
260,-0.017347301510000024,-0.07471295526803651,0.0
261,0.028652191959238016,0.09457288901066718,0.0
262,0.017934130405795834,0.06461733319745527,0.0
263,-0.01259603072065546,-0.053163604151337904,0.0
264,0.006920498190290281,0.02595780006918023,0.0
265,-0.02222869189092555,-0.0916262384344552,0.0
266,0.022110390816310055,0.08645528702169464,0.0
267,0.009152186098654702,0.03518857758620687,0.0
268,0.019450232940895373,0.06910503928244685,0.0
269,-0.0040193151808080585,-0.015168506672228388,0.0
270,0.017673970658103333,0.06199023254179768,0.0
271,0.033814218500987314,0.1200051362862322,0.0
272,-0.02702759618986819,-0.12211305410331921,0.0
273,-0.008794469059983101,-0.03268480130551755,0.0
274,-0.03556464638712539,-0.15391838733871105,0.0
275,-0.03324786363369614,-0.14893281431676866,0.0
276,-0.03404446591259777,-0.1436709039947906,0.0
277,0.038217829020001814,0.12798073000031376,0.0
278,0.006467902737238518,0.023853104390017216,0.0
279,0.021536698267158566,0.08373709256321792,0.0
280,0.06800530114363029,0.2132955112562667,0.0
281,0.0073738806446430605,0.027608603625734286,0.0
282,-0.014666377627349847,-0.05983809912659218,0.0
283,-0.023116998836194336,-0.0986325283677625,0.0
284,0.01695737471483255,0.06105028407795992,0.0
285,-0.022467388487344142,-0.09444108212794286,0.0
286,0.012224689542947031,0.04354142913470715,0.0
287,0.0334155220963501,0.11998190819830404,0.0
288,-0.022096127290913037,-0.08679522854644031,0.0
289,-0.00981057301321775,-0.038197865021559536,0.0
290,-0.014937158691864683,-0.05522576325293881,0.0
291,-0.026089091681557014,-0.10480982718419254,0.0
292,-0.03755030592218411,-0.15123590490817665,0.0
293,-0.010643797166492663,-0.04260074400130437,0.0
294,-0.030602616839805696,-0.1279166909521866,0.0
295,-0.04406259094266976,-0.18413411165993124,0.0
296,-0.02540482282828449,-0.10083201432441877,0.0
297,-0.02205833369087573,-0.09194982977323836,0.0
298,-0.03614749813573692,-0.15474938976051994,0.0
299,0.051783782406356726,0.1632514321334258,0.0
300,0.013633020887550362,0.047930208071539714,0.0
301,0.03878268122570577,0.12829624344867316,0.0
302,-0.0338436640622716,-0.14108322609091534,0.0
303,-0.0018359842664349424,-0.006834519007668918,0.0
304,-0.020790405898828107,-0.0869302008202825,0.0
305,0.021020194308943974,0.08028281030950078,0.0
306,0.03077836426249031,0.10446764301542354,0.0
307,-0.0007820909669555842,-0.003073287039163493,0.0
308,0.10153884825533108,0.30491315289137394,0.0
309,0.027167827183251586,0.10169742452301989,0.0
310,-0.008210314137231778,-0.03248554036265361,0.0
311,0.03724058045326781,0.1319567439112497,0.0
312,-0.007937334315502753,-0.03045250743757777,0.0
313,0.03420053388862465,0.11875904308136474,0.0
314,-0.04638413510960543,-0.18992194957605713,0.0
315,0.034077830107217766,0.1111724990231446,0.0
316,0.03042884132867052,0.10572114337311261,0.0
317,-0.00036288290072067353,-0.0013844815708346414,0.0
318,-0.014955643962443477,-0.05923850928082641,0.0
319,0.029356248740022184,0.10024976229476455,0.0
320,0.056542550632606936,0.1833905445467312,0.0
321,-0.03682890160199409,-0.1612276882550427,0.0
322,0.0356742794457173,0.12688912179879727,0.0
323,-0.0018058315695615446,-0.007046367576624445,0.0
324,-0.049904149250486696,-0.20738755941564788,0.0
325,0.007416557883296038,0.028717995822077808,0.0
326,-0.05545296529420027,-0.24465352926324585,0.0
327,0.015204997832898193,0.05858658976976871,0.0
328,-0.014898376969845195,-0.05977086950997418,0.0
329,0.043222995030316486,0.15637141273669924,0.0
330,-0.040222658235551795,-0.17908049749459048,0.0
331,-0.03608267529349127,-0.15283654274439107,0.0
332,-0.011122006758182257,-0.04386519465427082,0.0
333,-0.05241280935868767,-0.24009125355094446,0.0
334,0.06166658009007811,0.20642076282784041,0.0
335,-0.04290333220642642,-0.20398789053003008,0.0
336,0.02094480180016367,0.07262211556648389,0.0
337,-0.05294436438433775,-0.24390728288932376,0.0
338,0.0257400121633638,0.08871797369312918,0.0
339,-0.060418131501422,-0.27477727940607855,0.0
340,-0.03313225349593729,-0.14183582676350684,0.0
341,0.017118084887234486,0.06219760411408233,0.0
342,-0.03492941120411186,-0.15060418813999132,0.0
343,-0.004394356286325729,-0.017567181890556238,0.0
344,0.0009375821025247588,0.003409024432734562,0.0
345,-0.013133647287487282,-0.05047139016223132,0.0
346,0.043774539414074304,0.1639564479638009,0.0
347,-0.03488372895331046,-0.14683418756502944,0.0
348,0.016074938370075786,0.05967865822179142,0.0
349,-0.01178298139548467,-0.046446868524061664,0.0
350,0.06137744888786584,0.19253697322297741,0.0
351,-0.01855677560945171,-0.0774977341389727,0.0
352,0.013106957473525915,0.04987373199669545,0.0
353,0.028687745283097588,0.0962751287175559,0.0
354,-0.034200541488712655,-0.1412151390501684,0.0
355,0.07216583887896166,0.2298510380042519,0.0
356,-0.06212736633898788,-0.26977188462463825,0.0
357,-0.018248810326277676,-0.0766821038742062,0.0
358,0.05537909659645296,0.1743294638420886,0.0
359,-0.02490642764334372,-0.10249132158741932,0.0
360,0.02492303024697584,0.08595381128209087,0.0
361,0.0007559300250336576,0.002757019319527386,0.0
362,0.03591186991498979,0.12497946582419275,0.0
363,-0.035690259369262095,-0.16349396823097656,0.0
364,0.0036505178780109893,0.014524031937454647,0.0
365,0.04151174469834623,0.14049144428741434,0.0
366,0.03340354567952952,0.11646868583903972,0.0
367,-0.027282056055709963,-0.11943955249586409,0.0
368,-0.028026151670877686,-0.11620355633335373,0.0
369,0.0040691526304705294,0.014568460736343939,0.0
370,-0.016444197820499912,-0.07092723814653358,0.0
371,-0.048873392422662476,-0.2234864740288638,0.0
372,0.002493266497082147,0.010235186621313445,0.0
373,-0.015919323802221913,-0.06897716909848876,0.0
374,0.0377856823502811,0.13210691537384764,0.0
375,-0.01378501401817156,-0.054533770733924056,0.0
376,0.029058820862739365,0.10000643723678268,0.0
377,-0.031473106128236644,-0.13305607926601537,0.0
378,0.01629826656182548,0.05848719199238237,0.0
379,-0.004263632460283384,-0.016407799074686057,0.0
380,-0.040202887807393534,-0.17679156701213558,0.0
381,-0.00034574397000369794,-0.0012946672719408713,0.0
382,-0.04961343227184037,-0.23363161468123697,0.0
383,0.07090713845519056,0.2336364705933617,0.0
384,-0.04697492808110362,-0.2179328630647922,0.0
385,0.01821299393945175,0.06500728126831166,0.0
386,-0.021888201316591277,-0.0923873351688161,0.0
387,0.04310087735362969,0.14716385159052475,0.0
388,-0.03330404647105564,-0.14367599947437823,0.0
389,-0.0020509959293529834,-0.007701421800947958,0.0
390,0.017617921873241044,0.06819172113289769,0.0
391,0.048505373936408414,0.15809158912607185,0.0
392,0.02445551157857906,0.0893984812150279,0.0
393,0.010251716693016277,0.03771409684086452,0.0
394,-0.005570571869080249,-0.022302397844079405,0.0
395,-0.006289439611112335,-0.023079872630578525,0.0
396,-0.034089552266076045,-0.14196948437542808,0.0
397,0.018630466832973702,0.06789492275372296,0.0
398,0.020980993844040452,0.07378505186450118,0.0
399,0.001041988721171283,0.004214686500058875,0.0
400,0.03500828657574728,0.11543272870922076,0.0
401,-0.03833613476255329,-0.16082701354603682,0.0
402,0.01670698905768117,0.06826115382145713,0.0
403,-0.028789494452876457,-0.12526923065255438,0.0
404,-0.041419806404038306,-0.18748199969954543,0.0
405,-0.015124214097802013,-0.062073441133524386,0.0
406,0.08954888726524723,0.28040382073579884,0.0
407,0.05074173876045948,0.1756234046730806,0.0
408,-0.013783581877325618,-0.05696987232157271,0.0
409,-0.01495355029304768,-0.0612988239883665,0.0
410,0.03337170345305329,0.12201529075022609,0.0
411,-0.0179498466869617,-0.06948393848799901,0.0
412,-0.02617121151050253,-0.11591065379619495,0.0
413,0.0326452007365845,0.11239952137668742,0.0
414,-0.050013258622530116,-0.22186382316476796,0.0
415,-0.022018496913025626,-0.08885111107256223,0.0
416,0.03742409000628122,0.12335251418988764,0.0
417,0.0249216359098704,0.08822739915359264,0.0
418,0.01726154706758115,0.06236738569096116,0.0
419,-0.026991220452408343,-0.11533542999891302,0.0
420,-0.011423130141962279,-0.046372634027091096,0.0
421,-0.015084232199662595,-0.0618620916104535,0.0
422,0.03746146922070687,0.13213246651648686,0.0
423,0.07056838931791379,0.22466080045415837,0.0
424,0.004704101097698532,0.01797109334173278,0.0
425,-0.014542767920576793,-0.05738219512057777,0.0
426,0.03271511481545969,0.11612297942484254,0.0
427,0.007373341228152003,0.02922060407958568,0.0
428,-0.01852138894167521,-0.07106646230915609,0.0
429,-0.0029782130491727288,-0.011519302615193091,0.0
430,-0.030110805448850197,-0.11979677512474751,0.0
431,0.08574942947469799,0.2560221288033881,0.0
432,-0.052766099669059485,-0.2333807618483752,0.0
433,0.00971700174548018,0.03586906507153469,0.0
434,0.03856742998469903,0.13588050305288785,0.0
435,0.022237419712582585,0.08188197180989712,0.0
436,-0.03385397580288335,-0.14398235937576667,0.0
437,0.011979802712294707,0.04423623096127742,0.0
438,0.09547146541935192,0.27706136914673296,0.0
439,-0.01127620231123544,-0.04374433936052356,0.0
440,0.004849209609936511,0.018098929261687866,0.0
441,0.012512023715513965,0.04452015334981369,0.0
442,0.001810771343096318,0.006844632231220068,0.0
443,0.01558114547890932,0.056775838817855896,0.0
444,0.02012148709624101,0.06840894130368237,0.0
445,0.004489103262096339,0.01683542868949594,0.0
446,-0.022999533780907327,-0.09275267632907827,0.0
447,0.0016676593210244173,0.005932203389830501,0.0
448,-0.02841146590883664,-0.11357805584081473,0.0
449,-0.025733506470390743,-0.10738062442607903,0.0
450,-0.054267286923608854,-0.2549213298718145,0.0
451,0.025798525798525762,0.09621993127147753,0.0
452,-0.02124893844801251,-0.08447808823821215,0.0
453,0.0010835063146358848,0.004058093902895322,0.0
454,-0.005881774758009661,-0.02284605142847963,0.0
455,-0.006959952109935247,-0.028628374442344486,0.0
456,0.022526333146338284,0.08648040541237915,0.0
457,0.05527811690954276,0.19031879413463518,0.0
458,0.021263460936182477,0.07487646073254,0.0
459,-0.002752776157881831,-0.011164217624924302,0.0
460,0.05429859934390194,0.19022529217050602,0.0
461,-0.026394918156836228,-0.10608243297318942,0.0
462,0.02878938685793081,0.10127308481173297,0.0
463,-0.03466938093907018,-0.14968858989636807,0.0
464,-0.024408078215844953,-0.10549305985770582,0.0
465,-0.020884721074989815,-0.0941620047402337,0.0
466,0.009167139981442862,0.03503339560355198,0.0
467,-0.02032516329429343,-0.08546363843022177,0.0
468,-0.006243409080069762,-0.024700256277719778,0.0
469,-0.014410292068856412,-0.05500929982542031,0.0
470,0.04010921551912733,0.13756571489559194,0.0
471,-0.02469118731991149,-0.10730075513928244,0.0
472,-0.051486334602998646,-0.23112381688236425,0.0
473,-0.022082964615956824,-0.09543901948965249,0.0
474,0.009557961583547936,0.035779689713555156,0.0
475,0.027145650874649707,0.10084853855345652,0.0
476,-0.031559466458311064,-0.14025091137262158,0.0
477,0.0066360599450788205,0.02688622078361996,0.0
478,-0.039756175170657965,-0.16952351540229246,0.0
479,0.03049916600527136,0.10980346615895681,0.0
480,-0.018129403981660963,-0.072082336119161,0.0
481,0.048760703856150195,0.16811372554417148,0.0
482,-0.030266252252004466,-0.1236237501404337,0.0
483,-0.004327972688832782,-0.015963673529464484,0.0
484,0.026206890646748693,0.09171004267143636,0.0
485,0.016792992446103105,0.060913941728422516,0.0
486,-0.01185541832391318,-0.047253511333611393,0.0
487,0.011418934617399401,0.04252436768691866,0.0
488,-0.007778482416163579,-0.029799996824086145,0.0
489,0.01353995211731257,0.05004562800730043,0.0
490,0.00517834548266316,0.02021010010973807,0.0
491,-0.02988979386349061,-0.1261291542983529,0.0
492,-0.01523798998731346,-0.058881959026319715,0.0
493,-0.028790077939872954,-0.1216521920792671,0.0
494,0.03824326014817642,0.12990066050330998,0.0
495,-0.0393372996336874,-0.1753590465598113,0.0
496,0.013294288876687488,0.046969491692428936,0.0
497,-0.02296036645592439,-0.09211032257376693,0.0
498,0.0557629495849985,0.18024387744645978,0.0
499,-0.019238239247828193,-0.07584603873769781,0.0
500,-0.033217833426818916,-0.15471319678244427,0.0
501,-0.03677527412322679,-0.1548554787890926,0.0
502,0.006104368722407494,0.023454005621311242,0.0
503,-0.02394371767784642,-0.10322005655648718,0.0
504,-0.0005705438256757844,-0.002184183594790461,0.0
505,-0.020119119292603127,-0.08197294058887059,0.0
506,-0.012987890304901162,-0.05313371142939541,0.0
507,0.007214705079538919,0.026979990870359082,0.0
508,0.007874427202211043,0.030385916870142263,0.0
509,-0.04302900099158541,-0.1935193184130605,0.0
510,-0.04167387232578543,-0.17555118717237111,0.0
511,-0.0019659915148112495,-0.0075483252197110825,0.0
512,-0.005116179899076034,-0.019688264058679655,0.0
513,-0.01912929127052254,-0.08143402895085619,0.0
514,0.0017394961756375116,0.006454036705357524,0.0
515,-0.0435518360757102,-0.19281636563763588,0.0
516,-0.037378099924330555,-0.1605591757259142,0.0
517,0.006277657423291838,0.02319421799941272,0.0
518,-0.038849528603737915,-0.16826483890758887,0.0
519,0.040781720315642506,0.14336309951893417,0.0
520,0.005289874940211825,0.01953704610506348,0.0
521,-0.023340405197481262,-0.09960314705542066,0.0
522,0.06000569449058038,0.19501850709438623,0.0
523,0.02803908498762936,0.10262305105472344,0.0
524,0.035755195495239284,0.12738035870230874,0.0
525,0.0005382149428651006,0.0020922417062230365,0.0
526,0.029593749272404102,0.1022035493997781,0.0
527,0.06457217948679214,0.2136103214957136,0.0
528,-0.008129389776258988,-0.03322236368183751,0.0
529,-0.03985551681269467,-0.18349479940564625,0.0
530,0.02811097282829439,0.10008110863922874,0.0
531,0.0402613737751743,0.1430417431137196,0.0
532,0.010150017985230964,0.04031515915537351,0.0
533,-0.004459029751514965,-0.016497414761464407,0.0
534,-0.04072223976032632,-0.16788134901192223,0.0
535,0.06515158354020911,0.20477136236818455,0.0
536,0.034880091126520796,0.1140796541773834,0.0
537,0.011724590357680198,0.042361061303327466,0.0
538,0.014607199731995923,0.0549975775144276,0.0
539,0.023685197329685437,0.0803279901129311,0.0
540,0.01758069227398862,0.06309044929833989,0.0
541,-0.03566706005639689,-0.16198980549362285,0.0
542,0.017050100875708657,0.06520084871914514,0.0
543,-0.04096281964332266,-0.18162955816468193,0.0
544,-0.021776184960992956,-0.0887418516011825,0.0
545,0.00709849124352957,0.027408527366192998,0.0
546,-0.025551448704357743,-0.11205374900556885,0.0
547,0.0018962824214382445,0.007507823208140388,0.0
548,0.01433257778160163,0.053640084203327484,0.0
549,0.00023428957716575827,0.0009190939253768882,0.0
550,-0.05670390299823003,-0.25466127864383664,0.0
551,-0.01594078718954181,-0.07130958524683331,0.0
552,0.0019509333059742895,0.007257987563415364,0.0
553,0.008664438739275027,0.03213144935658256,0.0
554,0.012694617986314993,0.046585227090051855,0.0
555,0.030513670574412843,0.10678173630792413,0.0
556,0.036639836283491656,0.12409769996753589,0.0
557,0.006544879721581298,0.025198164372131918,0.0
558,-0.027469147277854905,-0.12093423311116759,0.0
559,-0.004424499819294853,-0.01805025137376983,0.0
560,0.0042565659390186306,0.015976438076047504,0.0
561,-0.01268195450223103,-0.05061304918989941,0.0
562,-0.019722469785236063,-0.07549770131680221,0.0
563,-0.03087883904676947,-0.12303973425863238,0.0
564,0.04407791421160079,0.14905597058208692,0.0
565,-0.02292457544647164,-0.08786467469102206,0.0
566,0.012271321164443905,0.04650982219116393,0.0
567,-0.022672181026650473,-0.09758249343580623,0.0
568,0.01379141299069958,0.04883835511348604,0.0
569,-0.0026180842316511632,-0.01005595968610178,0.0
570,-0.03912525571856812,-0.17405722736337356,0.0
571,-0.038995246049081334,-0.17348596528174734,0.0
572,0.03391850010548561,0.11991275478793645,0.0
573,-0.02839110396335348,-0.12328934857862786,0.0
574,-0.0030366670769175763,-0.010941324577578022,0.0
575,0.027534727039724094,0.09408181470625726,0.0
576,-0.0007748130733268299,-0.0028367749003887846,0.0
577,0.003598359429333009,0.013776692798116047,0.0
578,-0.033943293521240425,-0.13814511507801225,0.0
579,-0.04909334398674792,-0.2182416562594455,0.0
580,0.010249240078707422,0.037249926307560306,0.0
581,-0.018199201833072304,-0.07526336582248583,0.0
582,-0.04994961437817391,-0.21440104239364233,0.0
583,-0.029639810243379278,-0.12474585230969416,0.0
584,-0.005305225090053989,-0.020432872773740098,0.0
585,0.01936540952914062,0.0766707520797831,0.0
586,-0.06577158844786085,-0.29949562596793783,0.0
587,-0.010335321001812975,-0.043628085563895316,0.0
588,-0.00874157114112517,-0.03337509982891476,0.0
589,0.03611219069827698,0.1205235018749948,0.0
590,-0.037290525736473984,-0.15417521607556342,0.0
591,-0.0018766172287102145,-0.008127214588194556,0.0
592,-0.00275039454927295,-0.011110537404926141,0.0
593,-0.028150574356947677,-0.11367174326733162,0.0
594,-0.037107523283698624,-0.15567058548283325,0.0
595,0.022623255244872575,0.07694804105166371,0.0
596,-0.023259666104707172,-0.09782569166007525,0.0
597,0.041177259990120035,0.1420310775346318,0.0
598,0.03534748462872639,0.12140459447662462,0.0
599,-0.038844769338967244,-0.155057666734861,0.0
600,0.040005797490542616,0.13434150216633484,0.0
601,0.014651493677736493,0.05322082306118189,0.0
602,-0.010180292197699725,-0.0407211687907989,0.0
603,0.0674202921274542,0.20722113020780938,0.0
604,0.048679071841459365,0.16617149131220685,0.0
605,-0.013674214773646554,-0.05201502905916181,0.0
606,0.028282336916865325,0.10315094741324257,0.0
607,0.010044316291902333,0.0383293830507018,0.0
608,-0.001489946783963969,-0.0055944880378579,0.0
609,-0.012211980867451455,-0.047750373425973436,0.0
610,-0.01730938373752866,-0.06743238485002474,0.0
611,-0.024352176859929714,-0.10280118005416736,0.0
612,-0.025754082869901607,-0.10229761288788825,0.0
613,-0.036986048743455874,-0.1502310850269266,0.0
614,0.02855493623392319,0.09708678319533884,0.0
615,0.0088123616906019,0.03295229180485744,0.0
616,0.03566961011658559,0.11987082812764509,0.0
617,-0.03261146878117019,-0.14692415696913447,0.0
618,-0.035986036372064045,-0.1460177706333451,0.0
619,-0.004924184859076808,-0.018907750725932423,0.0
620,-0.010627603160290267,-0.04196092434615194,0.0
621,-0.030390840271185743,-0.12792081618379392,0.0
622,-0.018172664650380255,-0.07129115454223886,0.0
623,-0.02911245897757958,-0.12278170730398387,0.0
624,-0.021825396825396803,-0.09401709401709392,0.0
625,0.035544804409116115,0.12036180936887104,0.0
626,0.03496849805821495,0.11612041731634364,0.0
627,-0.046670339127065114,-0.21458412916878272,0.0
628,-0.017888905982876402,-0.06990497516722635,0.0
629,0.013320714790810484,0.04919783996072672,0.0
630,0.05637598889369605,0.1824995580166784,0.0
631,-0.03862125897510457,-0.16157969539584505,0.0
632,-0.003501854373650859,-0.012872307036110215,0.0
633,-0.0593833464968076,-0.2874675305723375,0.0
634,0.00640695975987543,0.023954870071415665,0.0
635,-0.031875062710909674,-0.13955108100402133,0.0
636,-0.004370980267896285,-0.016483335227126954,0.0
637,-0.042727663663769094,-0.18471497676183254,0.0
638,0.000602229300169399,0.0020909297469243575,0.0
639,0.019461233446258108,0.07503126147954933,0.0
640,-0.04730744650248622,-0.21894039257350092,0.0
641,-0.01575553660100068,-0.0673475794335942,0.0
642,-0.029876246575684162,-0.1307511779795151,0.0
643,0.011311972647942231,0.044898174433806386,0.0
644,-0.017061579877406474,-0.06625185241747536,0.0
645,-0.037089389535834905,-0.1597946108466495,0.0
646,-0.002512864418298788,-0.009458534608203303,0.0
647,-0.04738512723675928,-0.21579443079443075,0.0
648,0.027356326205552006,0.09902563120337499,0.0
649,-0.010935126615881252,-0.044595622999838,0.0
650,0.0010290564106226752,0.00398658074036501,0.0
651,-0.0032336163915111515,-0.012014681348014767,0.0
652,0.006214800028516432,0.02192681837903778,0.0
653,-0.006217728055077476,-0.0233686423546536,0.0
654,-0.02064540190472952,-0.0865300407331976,0.0
655,0.00020283531959489065,0.0008165421840102008,0.0
656,0.0037895661388293034,0.014702312216252622,0.0
657,0.07395737484526976,0.23635015755294583,0.0
658,0.07000531618605618,0.22341245165559837,0.0
659,-0.030108061803440028,-0.13119046284575853,0.0
660,0.008833381725113165,0.03140027828958931,0.0
661,0.007581919550032734,0.027517139056584324,0.0
662,-0.03904242409604336,-0.1569645720843324,0.0
663,0.05038308162285737,0.16491291821320114,0.0
664,0.012756271022397792,0.04841026522769536,0.0
665,-0.03493432948826636,-0.14750537865585833,0.0
666,-0.04289582236717618,-0.19040492581348611,0.0
667,-0.007402310770744436,-0.027470426426871,0.0
668,-0.020523218298733936,-0.08151339409003032,0.0
669,0.007613418859211962,0.029193345963532354,0.0
670,-0.03429924419088454,-0.13536662266518468,0.0
671,0.020017387033955225,0.07411304690558422,0.0
672,0.0013011881075654652,0.004643919481225623,0.0
673,-0.005935363235361146,-0.023692802423121953,0.0
674,0.0539959582425667,0.17363298474542557,0.0
675,-0.009115218814332249,-0.0353752182994899,0.0
676,0.05770741524451761,0.18648422560311254,0.0
677,0.038288228636406185,0.12427787075032672,0.0
678,-0.0004888919332374231,-0.0019019364007816146,0.0
679,0.006158650729833071,0.023686045162529,0.0
680,-0.015772886788900653,-0.06799954705980256,0.0
681,0.017510639114164617,0.06280739128421242,0.0
682,0.006529958573177508,0.024959763440044976,0.0
683,-0.02473384780296431,-0.09932703557414535,0.0
684,-0.04904247596011682,-0.21235513784219318,0.0
685,-0.02386413506060789,-0.10040109428104387,0.0
686,0.0005727323260825146,0.002229731425120312,0.0
687,-0.036584318517101644,-0.1520232705608236,0.0
688,-0.004659126909855343,-0.01871324620028958,0.0
689,0.0316417444712373,0.11155916974709253,0.0
690,-0.009238539953066505,-0.035969553513413126,0.0
691,0.013784761406004875,0.05029778915648387,0.0
692,-0.06079703163294539,-0.288340055357849,0.0
693,-0.03450016762184513,-0.1529025753502194,0.0
694,-0.06391730299473247,-0.28879302264547096,0.0
695,-0.035076547678524445,-0.1541860382784191,0.0
696,-0.030765216696888698,-0.13846363582846105,0.0
697,0.04657423545743028,0.1498394321923733,0.0
698,0.037140995330852467,0.12402841471090732,0.0
699,-0.04725038427318978,-0.20612383543418017,0.0
700,0.02358514589056626,0.07995759187377119,0.0
701,0.004448167611547427,0.016002731679929074,0.0
702,-0.06151942394714033,-0.28804506877377806,0.0
703,0.015559663576230398,0.054687641098809775,0.0
704,-0.0620498434237996,-0.27966126613543485,0.0
705,-0.04793811333022824,-0.21969532727524335,0.0
706,0.007362007105626067,0.025940434030637456,0.0
707,-0.05211022201576146,-0.2219557586107745,0.0
708,0.04280640307935055,0.15231868050373656,0.0
709,-0.0021179233192681335,-0.00806804200916496,0.0
710,-0.011217093542413514,-0.04577898692955479,0.0
711,-0.013599532083654303,-0.055454402671211725,0.0
712,0.0019998482384669947,0.007700773081155713,0.0
713,-0.021484381156450405,-0.08673514835735846,0.0
714,0.051256164741515536,0.1718337535390745,0.0
715,0.031777831043909355,0.11720516231949138,0.0
716,-0.025094462191435157,-0.10479039175873221,0.0
717,-0.02982929612076532,-0.12758669231852096,0.0
718,-0.009819369986388882,-0.03840034364746742,0.0
719,-0.05574635734862757,-0.23996056866023122,0.0
720,-0.06570667690563503,-0.2853617865110305,0.0
721,-0.0019390600120914592,-0.007776917228589561,0.0
722,0.006470323836513359,0.023875425308469096,0.0
723,-0.03881873315363882,-0.163299959179971,0.0
724,0.009046107175158302,0.03521823650234752,0.0
725,0.0375231029565376,0.12786809224396756,0.0
726,0.04477829849208398,0.14927622568738608,0.0
727,0.003922254515587809,0.015089526554636985,0.0
728,0.004886575982769037,0.01861631368210321,0.0
729,0.005953485370398748,0.02319806368465719,0.0
730,-0.04250210718906022,-0.17834518383664621,0.0
731,-0.0019927094775310517,-0.007684502319310749,0.0
732,0.01039514804809577,0.039628451713867446,0.0
733,0.05867248222251248,0.20154092174822225,0.0
734,0.0022351874279801787,0.008120855633534972,0.0
735,0.004980324577559203,0.018855688321795093,0.0
736,-0.0225010252677241,-0.09465485061846661,0.0
737,0.03859086028822456,0.12435692052798615,0.0
738,0.03058329876511695,0.10675302399144596,0.0
739,-0.005254496179683987,-0.020157386728522426,0.0
740,-0.03821367377406365,-0.16782901001026426,0.0
741,0.10192071035090416,0.2981980821398956,0.0
742,-0.03988722667499492,-0.1711045454317444,0.0
743,-0.02509116329538233,-0.10368375123880683,0.0
744,0.10552625258709353,0.30079822641110054,0.0
745,-0.0014033944341183546,-0.005371504062944547,0.0
746,-0.0028420838655380254,-0.011192159503235708,0.0
747,0.012040147964967607,0.04299868490811582,0.0
748,-0.011196098366366147,-0.04344600929293347,0.0
749,0.04084469456226347,0.13409235072807543,0.0
750,-0.04322268320417488,-0.18266603403035767,0.0
751,-0.010546666338292654,-0.03988430599817398,0.0
752,-0.016759739634570503,-0.07520568574977286,0.0
753,0.010901287376358787,0.04192615658362989,0.0
754,0.04754830571790952,0.15542200033125914,0.0
755,0.0022084036101239213,0.00851225186626345,0.0
756,-0.024849892109954003,-0.10208604326251373,0.0
757,0.01722740453481464,0.0637780508310159,0.0
758,0.03556034333244257,0.12209671810165358,0.0
759,0.04129987060104401,0.14424714219339535,0.0
760,-0.012876775201461632,-0.050638667129468885,0.0
761,-0.024762403087804946,-0.10971934020723537,0.0
762,-0.03705836441204724,-0.1625695632235195,0.0
763,0.047571280597503124,0.1634694642188085,0.0
764,0.038682367671554696,0.12416228504366157,0.0
765,-0.03233376072986949,-0.13396499457328556,0.0
766,-0.009838624220410708,-0.03772603494171278,0.0
767,-0.028939842928022597,-0.12640953497428856,0.0
768,0.021655086940446544,0.07382115598925368,0.0
769,-0.03635339091381756,-0.1470034873713592,0.0
770,-0.012368313811709997,-0.050966502889961074,0.0
771,0.027691330390569202,0.0996417053161183,0.0
772,0.011637033201850722,0.041959598357604135,0.0
773,-0.022541675044531,-0.09149580837650437,0.0
774,-0.03133605498715039,-0.13790287085195696,0.0
775,-0.04696813934242561,-0.19929879175740745,0.0
776,0.02075818620058778,0.0746661555929639,0.0
777,0.06954858995080504,0.2161720701677327,0.0
778,0.011929387407690423,0.04658336961376478,0.0
779,0.07642574168214411,0.2372822928510838,0.0
780,0.011939541430588674,0.04420028897908775,0.0
781,0.016329714693001707,0.058717484747176356,0.0
782,-0.0010851570416830214,-0.0045042736044148156,0.0
783,-0.012027211679482175,-0.04766132256241309,0.0
784,-0.039459436201262105,-0.17545991258090163,0.0
785,-0.01563047866320838,-0.060835043247160055,0.0
786,-0.004114693861324681,-0.015446579586963705,0.0
787,-0.031800678328306964,-0.13513295765825678,0.0
788,0.029126996749666345,0.10158191190080731,0.0
789,0.00031629576737696175,0.001192929024745744,0.0
790,-0.038095938323862766,-0.1681190321683509,0.0
791,0.022715631480432652,0.08285701702994817,0.0
792,0.004513297894542523,0.01626955201722643,0.0
793,0.04883711987550102,0.16816406326062486,0.0
794,-0.009615066841456466,-0.039195469609378086,0.0
795,-0.0502414906317096,-0.21320661660801857,0.0
796,0.04008770905505171,0.14022329127711722,0.0
797,-0.035109207123243974,-0.15079766410022186,0.0
798,0.004419558549606184,0.01639811977271281,0.0
799,-0.022593358413030173,-0.08913000526170801,0.0
800,0.04757191292419649,0.15916769199220743,0.0
801,0.005535428460166247,0.021687458281214066,0.0
802,-0.03980262473966514,-0.16924683115008907,0.0
803,0.007327754380730522,0.02808002132729426,0.0
804,-0.04609446723354799,-0.20611152965052804,0.0
805,0.035834616971228916,0.12429775748575048,0.0
806,0.03329922677885461,0.12229104681666693,0.0
807,0.03065789206836661,0.10891446420425091,0.0
808,-0.017148673694070166,-0.07462230900597329,0.0
809,-0.014284018831549117,-0.05814778854475757,0.0
810,0.019055272042879018,0.07123302614421823,0.0
811,0.03761031274777388,0.13262371804949202,0.0
812,0.03819467256687584,0.1350244633490545,0.0
813,0.015205455281430691,0.05643297380585526,0.0
814,0.019570638344196922,0.07049528366914913,0.0
815,-0.03277868293956521,-0.144374013318695,0.0
816,-0.043906479412540445,-0.18529388939428565,0.0
817,-0.010799755697533053,-0.04238181193991143,0.0
818,-0.007913641863278864,-0.031866626065773354,0.0
819,0.03398861063605574,0.11500255927542147,0.0
820,0.02866341461939692,0.11082290904428023,0.0
821,-0.035120255765029085,-0.1656432533316033,0.0
822,-0.041887476698864584,-0.17727468977754055,0.0
823,0.02263536434887692,0.08438690440417482,0.0
824,0.013587538282294032,0.048683668690653055,0.0
825,-0.021235729513236712,-0.0844113920460601,0.0
826,-0.006553503466443122,-0.024910760335513912,0.0
827,0.010131151924736542,0.03896862873439619,0.0
828,-0.04274151280958535,-0.18643956093902672,0.0
829,0.05815184502961873,0.18374125884608075,0.0
830,0.027268184896289127,0.09613140642897172,0.0
831,0.036349825496376,0.13274892218720574,0.0
832,-0.019013811588729418,-0.07861211588396441,0.0
833,-0.017931548314946033,-0.07183032536381982,0.0
834,0.036599386374501996,0.12439230696131365,0.0
835,0.07965808424222537,0.23234221981104217,0.0
836,0.06667984245238157,0.21637643933548845,0.0
837,-0.010366218460993393,-0.03908928211332925,0.0
838,0.0033448831392614564,0.01263198740847656,0.0
839,0.02934617631010661,0.10245587698681011,0.0
840,-0.05310221649635466,-0.23940649998679947,0.0
841,0.005736842626264282,0.02117681841133176,0.0
842,-0.03865571538573134,-0.17333713645189056,0.0
843,-0.05032960597643296,-0.21043610614783925,0.0
844,-0.019665816995914076,-0.07836071695294994,0.0
845,0.0037581994070070845,0.01488737757842226,0.0
846,0.061869012604378104,0.20812245533026463,0.0
847,-0.010640627737029562,-0.04521586441195554,0.0
848,0.03939071563905577,0.13471054458982154,0.0
849,0.03154015278146344,0.11232780705036277,0.0
850,0.01868448234062231,0.0687862685059314,0.0
851,0.014528892160471069,0.05742862338607004,0.0
852,0.0003878702234264564,0.00135920689643982,0.0
853,-0.04122281478879722,-0.18217478306403354,0.0
854,0.01632483088364378,0.05833289837674211,0.0
855,-0.004990108653181391,-0.01915594133492969,0.0
856,0.006489161605754579,0.024088227798991526,0.0
857,-0.01792142431949778,-0.07449002773385385,0.0
858,-0.04079526108489592,-0.17270658818703494,0.0
859,0.02239122326348547,0.08146489862747883,0.0
860,-0.02733600812104217,-0.1134858518964478,0.0
861,-0.032629226838460396,-0.13206148613909416,0.0
862,0.010712891279286041,0.040868164255295214,0.0
863,0.008534735564768942,0.03307210031347965,0.0
864,0.012497010577545264,0.048516965636481446,0.0
865,0.025079017999166564,0.08724268982056904,0.0
866,0.016078395110653176,0.06001166870732089,0.0
867,-0.037025418275418304,-0.15656462585034026,0.0
868,0.012403818065490013,0.0472566043971577,0.0
869,-0.04636168775865321,-0.20160576768053126,0.0
870,0.004021809308076996,0.014497727364620659,0.0
871,-0.010161444258498659,-0.0422495712482878,0.0
872,0.009368976864964018,0.03600626403005779,0.0
873,0.06346996250726014,0.202772510741066,0.0
874,-0.03540874572163713,-0.15564628176249343,0.0
875,0.1056552167093564,0.2999991189776616,0.0
876,0.0657637420211643,0.21051006868081237,0.0
877,-0.0030913627533334376,-0.012290326766594176,0.0
878,-0.02457694065357599,-0.10276813308614662,0.0
879,0.03402402715038089,0.1202753082307228,0.0
880,-0.011578809441676774,-0.04277303619408887,0.0
881,-0.018423377622404286,-0.0747947833736463,0.0
882,0.03715811203356412,0.12542806227229228,0.0
883,-0.008408216885661873,-0.035987168270632815,0.0
884,-0.023405315895737494,-0.1047128166771441,0.0
885,-0.019831525768720076,-0.08526072425255214,0.0
886,0.002267520363961162,0.008730846125803214,0.0
887,-0.04771496876447617,-0.21836615116919098,0.0
888,0.03219152575050821,0.1128419367459179,0.0
889,-0.03467308975590158,-0.15303680986170776,0.0
890,-0.046630175288684295,-0.20315349209000003,0.0
891,-0.025866025866025877,-0.11816948316269896,0.0
892,-0.04010044156501125,-0.16831239927349015,0.0
893,0.041238114085927285,0.14356156294084846,0.0
894,-0.05687999731331722,-0.26242532268995633,0.0
895,0.05392369372544559,0.17517160148584116,0.0
896,-0.011145837971323902,-0.041483185032344584,0.0
897,-0.034869321346920085,-0.14890256861236298,0.0
898,-0.02270748559273611,-0.08828060660416735,0.0
899,0.0004948553589663729,0.0019420630173604808,0.0
900,0.040215697851609944,0.13490768097292163,0.0
901,-0.02383172768143868,-0.10424497822727918,0.0
902,-0.0455584744113641,-0.2086675579322639,0.0
903,-0.017543029239928898,-0.06889664045955389,0.0
904,0.004128575641403676,0.015927189988623282,0.0
905,0.009326008725588447,0.03641844673497669,0.0
906,0.007381305323136078,0.028001557349695123,0.0
907,0.03039527991464447,0.10825217754149222,0.0
908,-0.001309765528047846,-0.005113954791705682,0.0
909,-0.02668772675384562,-0.11334861449470154,0.0
910,0.006250677980822239,0.02349345230057664,0.0
911,-0.023691656164080088,-0.09504866818208321,0.0
912,-0.032471946901672655,-0.13494424649162262,0.0
913,-0.030385276694366303,-0.12089765385923157,0.0
914,-0.008309247695509975,-0.03386921615017653,0.0
915,-0.030795544702379135,-0.1277608928899662,0.0
916,-0.00046252791464002074,-0.0018467801249612355,0.0
917,-0.017673228730405832,-0.0700528797690035,0.0
918,0.01640180918120482,0.05748527132278951,0.0
919,-0.011777815250492318,-0.04875900887764642,0.0
920,-0.05112656417847053,-0.23124524822903492,0.0
921,0.001188934641179279,0.004737490453341283,0.0
922,-0.02672664461338256,-0.11995505808807434,0.0
923,0.07684025760516197,0.23830206472486942,0.0
924,0.059097797464898544,0.1931109272272396,0.0
925,0.015820458818041755,0.05972917083583484,0.0
926,-0.004351648117763063,-0.016233281203805554,0.0
927,0.02820960729698685,0.09736676827867213,0.0
928,-0.006927676935120419,-0.026977745334376784,0.0
929,0.027451476682422205,0.10457257727082524,0.0
930,-0.021105770543297958,-0.08987738242595422,0.0
931,0.005756360106163039,0.021555314404349452,0.0
932,-0.05346108025451152,-0.2441870962976337,0.0
933,-0.05252587443846907,-0.21975898937859484,0.0
934,-0.015161250215103117,-0.059560825192363095,0.0
935,0.052477900434903635,0.1717214408294646,0.0
936,-0.034775714576493116,-0.144558688976057,0.0
937,-0.020794172850632814,-0.08731032091465706,0.0
938,-0.04121069492468768,-0.1770571575220081,0.0
939,0.05782840686911883,0.18334430094097498,0.0
940,-0.008832694097913762,-0.03719086344922063,0.0
941,-0.006189744111832873,-0.022951046729048092,0.0
942,0.007108513096857394,0.025932173476245133,0.0
943,-0.01943713307770628,-0.076580930677182,0.0
944,-0.01986418369395329,-0.08229112891138905,0.0
945,-0.004543701606227857,-0.01754488415677529,0.0
946,0.010802948749709107,0.0423847749988587,0.0
947,0.01100889911008901,0.03951665968774309,0.0
948,-0.025734419361477245,-0.10266992048145432,0.0
949,-0.025967077667811367,-0.1117854999727237,0.0
950,0.012988358761795549,0.04774099436768094,0.0
951,0.05798377475542832,0.18901281811959436,0.0
952,0.00794869573479845,0.031102800263541244,0.0
953,0.036868535701220506,0.12762185435037868,0.0
954,0.022254039809845916,0.08194664323715073,0.0
955,-0.029807032707091813,-0.12744296411553035,0.0
956,-0.028647635924787918,-0.124272216369824,0.0
957,-0.014919395116757106,-0.05948518498486625,0.0
958,0.010993543917444143,0.042780881064418894,0.0
959,0.030032007455959908,0.10517619705196214,0.0
960,-0.010459219764090089,-0.03973779688917273,0.0
961,-0.017776003870476953,-0.06743111970501703,0.0
962,-0.0028298971481961477,-0.011391897230717594,0.0
963,-0.009651962339997877,-0.03983166276673765,0.0
964,0.04688394806140811,0.1552225426303702,0.0
965,-0.027744033050095374,-0.11003179304726793,0.0
966,-0.03930977960264684,-0.16245807818730904,0.0
967,0.04329367011443752,0.15155145154563188,0.0
968,0.011098799761074696,0.04237252058316835,0.0
969,-0.00818045504039655,-0.02973730249849647,0.0
970,-0.014971288953359085,-0.05979420023048762,0.0
971,0.016335693232670395,0.06144171186019313,0.0
972,-0.011495456281652827,-0.04307906186442858,0.0
973,0.020606341971244474,0.07718607094790779,0.0
974,0.048098471824508215,0.16014548183641958,0.0
975,-0.023282039754226797,-0.1024289738671782,0.0
976,-0.03017062914190663,-0.13180002921203937,0.0
977,0.006721521740095271,0.025088210446104767,0.0
978,-0.023403641308052336,-0.10036843913541141,0.0
979,-0.014629217314923115,-0.05688391865031669,0.0
980,-0.037001773513024444,-0.14961397858259295,0.0
981,0.002134932357350239,0.008094028441303615,0.0
982,-0.03700767539281588,-0.16728830926581686,0.0
983,-0.03187860510844201,-0.1411706954210901,0.0
984,0.0228827308014507,0.08921604229914443,0.0
985,-0.012936783831314247,-0.052823900203858534,0.0
986,0.010498115061800595,0.03999110726167647,0.0
987,-0.040870890302857676,-0.17744820833618682,0.0
988,0.032350897642311305,0.11597359630476138,0.0
989,-0.010836623622122038,-0.04519303358827761,0.0
990,0.005537142072917389,0.021090840346785454,0.0
991,0.0035466748833125616,0.013007113467148524,0.0
992,-0.00477922418352969,-0.019179111486803763,0.0
993,-0.01763618341880427,-0.07129609770252708,0.0
994,0.011057375359031618,0.04139395949075331,0.0
995,-0.014893497495087282,-0.05829892241834404,0.0
996,0.005193236714975846,0.019474637681159424,0.0
997,0.01471586139536768,0.057293523674110274,0.0
998,-0.03140921044885367,-0.14260029185386258,0.0
999,-0.023660692951015527,-0.09170811221323848,0.0
1000,-0.0015031266985566505,-0.006016120079559671,0.0
1001,0.020583074033582838,0.07367650010034121,0.0
1002,0.015570333773175904,0.05800887840867486,0.0
1003,-0.019164402079239667,-0.07819823016498524,0.0
1004,-0.04806866516946576,-0.20432179496597103,0.0
1005,0.015285748445719782,0.05911455323084048,0.0
1006,0.012410089849680506,0.0458621764889304,0.0
1007,-0.06505466350940323,-0.30634016720152085,0.0
1008,0.0003162553402092372,0.0011777666159373445,0.0
1009,0.09602887881253239,0.2891935975766465,0.0
1010,-0.019602007908161106,-0.07845399179186638,0.0
1011,0.03539625750503683,0.11925475286629199,0.0
1012,0.09794631573371274,0.28602556588904715,0.0
1013,-0.04996917279331076,-0.2105716389768054,0.0
1014,-0.01684219832189715,-0.06911038313839304,0.0
1015,0.015600137532253727,0.058893259255252954,0.0
1016,-0.060887125179045265,-0.29079286755635314,0.0
1017,-0.030967155094414,-0.1266872327952301,0.0
1018,-0.02065368253051239,-0.0841044211603139,0.0
1019,-0.0292054202142209,-0.12781969174359903,0.0
1020,-0.03510469587905932,-0.15204638189842884,0.0
1021,0.029962395614286097,0.10591884620066402,0.0
1022,-0.007970683832780101,-0.030913201859062944,0.0
1023,0.02017653290338528,0.07009739477411021,0.0
1024,0.015430737151515272,0.05583976995352259,0.0
1025,-0.02277080782933777,-0.10008090346474925,0.0
1026,0.01496532960478597,0.0536778415714521,0.0
1027,0.01793710915152591,0.06798512066097163,0.0
1028,-0.009500428029839803,-0.039248426854745236,0.0
1029,-0.021070792147646955,-0.0848330587771219,0.0
1030,-0.05162012661044596,-0.22898158727197823,0.0
1031,0.03405713927551507,0.11556140420837165,0.0
1032,-0.017420573141901652,-0.07206750551613104,0.0
1033,0.03393178322332813,0.1150548464987926,0.0
1034,0.012864191729323293,0.047526041666666616,0.0
1035,0.030632134122071747,0.11337370549498599,0.0
1036,-0.008212819913072433,-0.033688317653022534,0.0
1037,-0.008111152927517407,-0.03212356491200724,0.0
1038,0.0008744262152758364,0.003241846966274878,0.0
1039,-0.006476191823129418,-0.02513539271606747,0.0
1040,-0.05451182241215513,-0.23672713707393228,0.0
1041,0.04174690771577466,0.14985952321165935,0.0
1042,-0.02214837547922391,-0.08910678987701669,0.0
1043,0.012962395351681422,0.04500565566666157,0.0
1044,-0.04343379391071436,-0.19649404492688077,0.0
1045,0.019722278838049112,0.07055002136523872,0.0
1046,0.005900302836771898,0.021471252887692565,0.0
1047,-0.013365348562933893,-0.059963942541788315,0.0
1048,0.016002415458937214,0.06257378984651718,0.0
1049,0.009031937601574946,0.032853302053483455,0.0
1050,0.027237707350149715,0.09832661868833051,0.0
1051,-0.007612889010833707,-0.031523273428355106,0.0
1052,0.012361010302402387,0.04573439889783765,0.0
1053,-0.006321057105518474,-0.0256858014617186,0.0
1054,-0.030150040177178622,-0.13053285876967866,0.0
1055,-0.023788710608585756,-0.10488935316931418,0.0
1056,-0.002122266791264038,-0.008263651257283474,0.0
1057,0.025946899225998105,0.09444907736479492,0.0
1058,-0.010348811225371735,-0.040835849700115494,0.0
1059,-0.006187952231353128,-0.026181631007111565,0.0
1060,-0.008324136574014651,-0.032156253614686735,0.0
1061,-0.02777472076233395,-0.11453321226724743,0.0
1062,0.012956350078758061,0.04627064934924891,0.0
1063,0.021558308326403708,0.07566270793266851,0.0
1064,0.02760588269685213,0.10214491374148822,0.0
1065,-0.014970648326091796,-0.0586724947098794,0.0
1066,0.023299855509081646,0.08273927413756865,0.0
1067,-0.009196435331508435,-0.03564286260307044,0.0
1068,0.01698144140378427,0.06045542920928269,0.0
1069,0.031594836283835415,0.10866106692585324,0.0
1070,0.004583245915356526,0.0185302943711893,0.0
1071,-0.014747214507980055,-0.06085425748042367,0.0
1072,-0.02906336173336732,-0.1194399118945975,0.0
1073,0.07574697080854542,0.25162467249899984,0.0
1074,-0.03954138079157418,-0.17226555042530767,0.0
1075,0.02346835844531525,0.09282725394695178,0.0
1076,0.015162846994651036,0.056591769904521375,0.0
1077,0.007987186160194448,0.029844013152618445,0.0
1078,0.03469764542272097,0.11977817324007785,0.0
1079,-0.021793451651384077,-0.08750555704051054,0.0
1080,-0.030885643487044423,-0.13243794469290124,0.0
1081,0.0011620949173010708,0.004098361970125662,0.0
1082,-0.010555927184509317,-0.04100758809466062,0.0
1083,0.037554078102630783,0.12762999699428923,0.0
1084,0.05490866283961027,0.19300336199404766,0.0
1085,0.044015256691596866,0.1526867576881947,0.0
1086,0.03547110966889089,0.1250762331135074,0.0
1087,-0.029441538266742256,-0.1254351687527151,0.0
1088,0.03140662467190233,0.11309761938301173,0.0
1089,0.014335781621743426,0.05316719009938996,0.0
1090,0.013028642304646454,0.04997576319863229,0.0
1091,-0.0028544469354552238,-0.010463206139084512,0.0
1092,-0.018848860175046722,-0.07572689779587939,0.0
1093,0.05081560919861,0.16021032344561764,0.0
1094,-0.011258460115910973,-0.04546260245823018,0.0
1095,-0.03987383251509602,-0.1659534231793935,0.0
1096,-0.03716437737124395,-0.153428907757609,0.0
1097,-0.04288910402703,-0.19176219425692617,0.0
1098,0.00443001719599001,0.017181698638614032,0.0
1099,0.0012114323211843692,0.004458176398526155,0.0
1100,-0.04066520411481833,-0.1922204417329524,0.0
1101,0.03875301272507914,0.14047429473929907,0.0
1102,0.029759814120580957,0.11041756536685352,0.0
1103,-0.003818194201241354,-0.01568606227816251,0.0
1104,-0.030907882716017993,-0.12437361688366423,0.0
1105,-0.01836473465952429,-0.07510846570332388,0.0
1106,-0.04200568530733645,-0.18608625475845486,0.0
1107,-0.024117308922896735,-0.10222992953084321,0.0
1108,-0.02548599026705145,-0.09752030094346562,0.0
1109,-0.03974556143379818,-0.1770391095526068,0.0
1110,-0.023486054587899874,-0.10061605296701565,0.0
1111,-0.0018633653948055828,-0.007886859312311145,0.0
1112,-0.03694087929485643,-0.15871068821888507,0.0
1113,-0.013993326477547169,-0.059852468566622644,0.0
1114,-0.016443835211255226,-0.06892978943133843,0.0
1115,0.004378638502707866,0.015981044355040757,0.0
1116,0.053624427962151805,0.18453282114267988,0.0
1117,0.02736539971607449,0.09761732343652564,0.0
1118,-0.03203063198377418,-0.1368827128270446,0.0
1119,0.04150688057836127,0.1403246945243882,0.0
1120,0.020412991088785776,0.07597792142791693,0.0
1121,0.029934671038794797,0.10915804301962274,0.0
1122,-0.04264406057557299,-0.18798647891970935,0.0
1123,-0.015603145431480364,-0.06631815432472145,0.0
1124,0.0654008144810393,0.2042146946195799,0.0
1125,-0.039462288533681916,-0.1747686725476556,0.0
1126,-0.018852829028624396,-0.0749427842688158,0.0
1127,-0.029113043746821776,-0.1286233055343455,0.0
1128,-0.010741535434947325,-0.042642601515845105,0.0
1129,0.014148502984836053,0.05053486438744,0.0
1130,-0.0173854406485609,-0.07018032735740165,0.0
1131,-0.017237356318175162,-0.07370676494962275,0.0
1132,0.015718674387624698,0.05621858136029941,0.0
1133,0.07310549134198513,0.22551547767776114,0.0
1134,-0.031651459674939625,-0.13911629706929984,0.0
1135,-0.04826960096165969,-0.21062013769426294,0.0
1136,0.0095019622770873,0.03813578250498073,0.0
1137,0.02277260012794302,0.08507696993837725,0.0
1138,-0.0059065831163050975,-0.02463743474744503,0.0
1139,0.005525853512982931,0.02243442483693926,0.0
1140,0.055171385444051424,0.18126934214473395,0.0
1141,-0.014731261084465319,-0.05570103096920725,0.0
1142,-0.012073220896750309,-0.05040790038643195,0.0
1143,0.017649900034672206,0.06539773739911227,0.0
1144,0.009509653959610231,0.03646102823261232,0.0
1145,-0.020963673446788178,-0.08428047926934554,0.0
1146,-0.05809404940814297,-0.272198731501057,0.0
1147,-0.05749563350418593,-0.26558216201544954,0.0
1148,-0.050886384605245805,-0.24099563046192257,0.0
1149,0.012562905694530668,0.045754129879863055,0.0
1150,-0.057385500575374004,-0.26738873994638074,0.0
1151,-0.0494137493449969,-0.21381663720335126,0.0
1152,-0.009699275968787946,-0.03771569034759726,0.0
1153,-0.0034082014665993143,-0.012765472085099002,0.0
1154,0.025045055135752142,0.09268931804755222,0.0
1155,-0.049318619244325984,-0.2239193414002125,0.0
1156,-0.0010225047778210095,-0.004044818780603778,0.0
1157,0.018352995604904027,0.0698907681465822,0.0
1158,-0.005811465513288816,-0.021554900515843804,0.0
1159,0.02452517941956875,0.09099915057361872,0.0
1160,-0.012268518624031888,-0.04841761392765973,0.0
1161,-0.03911081669506966,-0.18345087128187404,0.0
1162,-0.02883646450157279,-0.1238016633864516,0.0
1163,0.050094485760127455,0.17033188735635693,0.0
1164,0.006983900048327718,0.02597464321771598,0.0
1165,0.022386122526375007,0.0882164997861388,0.0
1166,-0.005024575546244081,-0.019623165017482794,0.0
1167,0.05962164376995571,0.19044483224128284,0.0
1168,-0.008782176143371345,-0.03441411712785729,0.0
1169,0.02070907848078654,0.08105062092839571,0.0
1170,0.040949822564041616,0.13647137992082042,0.0
1171,0.022960299429347547,0.0847957086650768,0.0
1172,-0.019855682690377963,-0.07472183632523297,0.0
1173,0.04691524018814097,0.15862057728498463,0.0
1174,-0.04978467387611496,-0.21826212977185355,0.0
1175,-0.025000583526312736,-0.10516414612685282,0.0
1176,-0.013175859304052656,-0.05428071662503917,0.0
1177,0.024482579211456884,0.09066120668260248,0.0
1178,-0.03475585280955987,-0.15111629816940078,0.0
1179,-0.018448790038017582,-0.07393081301999692,0.0
1180,0.028339072062036175,0.0962881036209578,0.0
1181,0.05483994006945361,0.18443093691050091,0.0
1182,-0.026426997363470123,-0.11044551215196599,0.0
1183,-0.02435300517717426,-0.09837411474038787,0.0
1184,0.03205699212076618,0.1167203302858666,0.0
1185,-0.027241441710626813,-0.10830056884724776,0.0
1186,-0.04173286185278191,-0.17994044424802974,0.0
1187,0.008479573869299789,0.03309126300816052,0.0
1188,-0.030394552876307712,-0.13289492553213283,0.0
1189,-0.020155013351932732,-0.08961549921163364,0.0
1190,0.037853765409247286,0.13088080035872443,0.0
1191,-0.05385967168145386,-0.2559058325187358,0.0
1192,0.051603996635475935,0.1684826138887278,0.0
1193,-0.04974457150809733,-0.2173975606210299,0.0
1194,0.016366682130240895,0.06027466360807705,0.0
1195,-0.039306391455747824,-0.16352987162148305,0.0
1196,0.006181433946582937,0.023857032525545992,0.0
1197,0.020583027969984402,0.07499260696825588,0.0
1198,0.050060079114172484,0.16557559835652427,0.0
1199,-0.026992571433971074,-0.12042021027376057,0.0
1200,-0.0015204056103076957,-0.005800321516735715,0.0
1201,-0.007483966441756945,-0.03177587280302662,0.0
1202,-0.015371375151486733,-0.06112467020332987,0.0
1203,-0.045655872648495244,-0.19937192429401646,0.0
1204,0.009945728317690805,0.035942263719512084,0.0
1205,0.038932420819309366,0.12925242288515812,0.0
1206,-0.010061696234351492,-0.039774958619265215,0.0
1207,0.014290576705816738,0.05477774525778402,0.0
1208,-0.011918263888514913,-0.04952472170689921,0.0
1209,0.002572276267800988,0.009851522441738958,0.0
1210,-0.008957189198456506,-0.035710757894205636,0.0
1211,-0.01675190231847573,-0.07159321015516262,0.0
1212,0.06851158272083463,0.21345516234988363,0.0
1213,-0.029609973066437117,-0.1189661358629008,0.0
1214,0.027165525387263356,0.09782525952970189,0.0
1215,0.024188865640428936,0.0851584198358391,0.0
1216,0.011620704138577242,0.042450881637719734,0.0
1217,0.008784140368696985,0.034407118239492634,0.0
1218,-0.010234714796342137,-0.03869110130924882,0.0
1219,-0.005767723467336117,-0.022231952274095575,0.0
1220,0.0340752160674192,0.11584843018848198,0.0
1221,0.015170777700051707,0.05408922336203345,0.0
1222,-0.010091035111250896,-0.04088692901100815,0.0
1223,0.028071913936352277,0.09666579867628804,0.0
1224,-0.03189723299096897,-0.1363178422708674,0.0
1225,-0.02001607244714307,-0.08886400667806431,0.0
1226,-0.047794866022784155,-0.21617310962598704,0.0
1227,-0.0008978201454996615,-0.0034416438910820357,0.0
1228,0.029555881082185487,0.11729319393148187,0.0
1229,-0.045720622252674925,-0.19624874369686438,0.0
1230,-0.017836383589246524,-0.07175581436690823,0.0
1231,-0.04835283904502791,-0.21999578561522656,0.0
1232,-0.01636084622394715,-0.06647188978064675,0.0
1233,-0.01949521406698379,-0.0824017040675114,0.0
1234,-0.03577055309835392,-0.1516204097410127,0.0
1235,-0.022377903327055887,-0.09548094023870243,0.0
1236,0.03667942410783326,0.12702378622997532,0.0
1237,-0.059362273698641194,-0.2558643986791797,0.0
1238,0.02023487569175353,0.07228003631377462,0.0
1239,0.04752525105724709,0.16034780083600592,0.0
1240,-0.008869410854247195,-0.03421767118154203,0.0
1241,0.018623853513293265,0.06956432556613064,0.0
1242,0.006207617644255814,0.023058874148538015,0.0
1243,-0.03407438859479492,-0.1430388902522506,0.0
1244,-0.0728940998880879,-0.3385892166344296,0.0
1245,0.05896399355832954,0.18633334520245529,0.0
1246,-0.011117064072224958,-0.044521703712323994,0.0
1247,-0.011493327968886247,-0.04497389205216358,0.0
1248,-0.01393250610922031,-0.05525016377516225,0.0
1249,-0.024189125490177432,-0.09738927337662401,0.0
1250,0.009606590833201312,0.034968841715097135,0.0
1251,0.06609423734428421,0.22246526024572916,0.0
1252,0.06668442422322687,0.21416350688985478,0.0
1253,-0.0022193523908000667,-0.00874321616282631,0.0
1254,-0.02065381830777724,-0.08460689142507319,0.0
1255,0.003530168040640713,0.012590163578494221,0.0
1256,-0.03591415496081499,-0.15845815526326712,0.0
1257,-0.03408812274648107,-0.15039408856758735,0.0
1258,-0.024008684596862007,-0.09995753329086651,0.0
1259,-0.011523871849967338,-0.0436518092173986,0.0
1260,-0.038083764652448726,-0.1642921367577825,0.0
1261,0.04791344667697062,0.16045548654244302,0.0
1262,-0.02935836871627734,-0.12793473752131626,0.0
1263,-0.04463180230721281,-0.18935208665410808,0.0
1264,-0.06098529586565171,-0.2810486386189558,0.0
1265,0.006931370950066129,0.025474137507250826,0.0
1266,0.025456754805941312,0.09326402872461736,0.0
1267,-0.03257196125114947,-0.14496990329583573,0.0
1268,-0.01082874889938451,-0.04005921536677596,0.0
1269,0.02992568400607376,0.10518942146340948,0.0
1270,0.041151178846423164,0.14163154668647124,0.0
1271,0.028205999965094597,0.09868965987786987,0.0
1272,0.00616361903653681,0.025314309418320576,0.0
1273,8.09235023691568e-05,0.0003033945546450421,0.0
1274,0.055001382187732456,0.19277893092377987,0.0
1275,-0.04553277041722564,-0.20763896876127505,0.0
1276,-0.011002259395903435,-0.042459243186751906,0.0
1277,0.007068872969410556,0.028120042124842686,0.0
1278,-0.033858426739371894,-0.1451075431687367,0.0
1279,-0.012178158469569766,-0.04815189222501671,0.0
1280,-0.044249396994975404,-0.2005620078935605,0.0
1281,-0.023497438414802813,-0.0941841769085063,0.0
1282,0.0648654644239137,0.21741816923659446,0.0
1283,0.001382322422746829,0.005517824931556951,0.0
1284,0.03133548907630823,0.10799552485227659,0.0
1285,-0.03028578343042962,-0.1272831619545046,0.0
1286,-0.03201218053666788,-0.1358940718102145,0.0
1287,-0.005286347344964026,-0.02015267668719581,0.0
1288,0.002592069631175753,0.010255579845086675,0.0
1289,-0.01066549127487143,-0.04263632689930574,0.0
1290,0.04872797292566225,0.1646011855779322,0.0
1291,-0.031437125245355024,-0.1312677115820281,0.0
1292,0.0020741919251933694,0.008092789110973655,0.0
1293,0.02144295604364982,0.07513932107411732,0.0
1294,-0.03707202159523104,-0.15808242295052843,0.0
1295,0.0596213878626457,0.186090998480379,0.0
1296,0.002539721247547866,0.009985177640712955,0.0
1297,-0.016239851168392633,-0.06531653103028287,0.0
1298,-0.018933158536789063,-0.07914015135699552,0.0
1299,0.07335812140164655,0.22911651833396962,0.0
1300,0.03594578538136406,0.12266972232250767,0.0
1301,-0.03088069704459631,-0.1259961537838417,0.0
1302,-0.006357395488149509,-0.023115993813532153,0.0
1303,-0.03237990300312299,-0.1333012065238056,0.0
1304,0.0104951470862569,0.04117043664012356,0.0
1305,-0.017148030083278087,-0.07280989667657703,0.0
1306,-0.0749328852994921,-0.34004292608237985,0.0
1307,0.01750618511248339,0.06735674037417408,0.0
1308,0.037879388442027706,0.13313551684695235,0.0
1309,-0.013287378603395461,-0.05517256231300259,0.0
1310,0.009846943328871038,0.03785129126986305,0.0
1311,-0.007201532171081493,-0.028142829668568466,0.0
1312,0.05563224530555205,0.17750931283237392,0.0
1313,0.010773277132380688,0.04076241106014695,0.0
1314,0.00038423390264380464,0.0015229972586050685,0.0
1315,0.046165052551302654,0.15872858549804586,0.0
1316,-0.011234386492111947,-0.043926707092733844,0.0
1317,-0.018092343320306847,-0.06998880179171332,0.0
1318,0.09556226006697705,0.2913775167393487,0.0
1319,0.013385515399668646,0.04860897277722366,0.0
1320,-0.04349233172568101,-0.19356295350502958,0.0
1321,0.005030457532002153,0.018523262512283485,0.0
1322,0.005084998605516922,0.019242096995876534,0.0
1323,0.01650430869317443,0.06155310638318589,0.0
1324,-0.013186231203327764,-0.05285494104504323,0.0
1325,0.01735026468058931,0.06680147309484558,0.0
1326,0.03810063063356545,0.1407547373573711,0.0
1327,0.003056188186333908,0.011970951650276762,0.0
1328,-0.04421366228105442,-0.1868560090716008,0.0
1329,-0.007770253716664066,-0.030678943976383634,0.0
1330,-0.01193498381764449,-0.04782538861533436,0.0
1331,-0.027848923698863992,-0.11722774944862575,0.0
1332,-0.06239411456183033,-0.29982381941406144,0.0
1333,0.03934113931956901,0.1351300447535561,0.0
1334,0.024850863677665647,0.08792343616391488,0.0
1335,-0.014680921256664425,-0.061535702282287455,0.0
1336,0.027289742823653762,0.09022549763669861,0.0
1337,0.0414170646034685,0.13378078389615933,0.0
1338,0.01520917371168995,0.05831704782129375,0.0
1339,-0.027194913969919132,-0.1115885202333771,0.0
1340,-0.024745019540558577,-0.10228526398739166,0.0
1341,0.006373363920561148,0.024718216094246515,0.0
1342,-0.007053156866332844,-0.02808217450232892,0.0
1343,0.05759544937848307,0.18747551012411473,0.0
1344,-0.007017431913011296,-0.027474609751295107,0.0
1345,0.05084009659025174,0.1623975077473623,0.0
1346,0.07188607250591267,0.22837374391074367,0.0
1347,0.07518642736661257,0.22252927612348875,0.0
1348,0.0039050708664536415,0.015514242580420902,0.0
1349,-0.015921782811778556,-0.06427612321270508,0.0
1350,-0.019801270746133692,-0.0796508461885354,0.0
1351,0.04190197371960219,0.14332532099394346,0.0
1352,-0.02742731863622308,-0.11959994443672724,0.0
1353,0.01281613487664135,0.04843240255837903,0.0
1354,-0.028046386386401,-0.11477923109305169,0.0
1355,-0.034549869030185254,-0.15228519195612425,0.0
1356,-0.040974827447134404,-0.18029952303274827,0.0
1357,0.02921785389217324,0.10627558147533155,0.0
1358,-0.008760575047435826,-0.03559253335158964,0.0
1359,-0.026638739526769484,-0.11225149943974928,0.0
1360,0.045655221732339685,0.16164551641855796,0.0
1361,-0.01664059441328336,-0.06506592132100364,0.0
1362,0.025407798004641602,0.09215802595218064,0.0
1363,0.028869352855278807,0.10332353884459634,0.0
1364,-0.014477041055045742,-0.05920539012117273,0.0
1365,-0.013207789873266651,-0.05300683747203388,0.0
1366,0.06390296800961834,0.21995293735800067,0.0
1367,0.030544236353352544,0.11296360198879236,0.0
1368,0.01705445417276308,0.06673039117777668,0.0
1369,-0.027247041025184632,-0.11229083574015485,0.0
1370,0.02016943437854965,0.07525634057417842,0.0
1371,-0.0038323523563913997,-0.015153157371439109,0.0
1372,0.03830449163286598,0.13141700586807742,0.0
1373,0.02859256242524888,0.09900480215836711,0.0
1374,0.010751948561358304,0.03707765470946621,0.0
1375,-0.03051073622130049,-0.12363543882795074,0.0
1376,-0.014429253638687578,-0.05731007908197887,0.0
1377,-0.04046623598735924,-0.16850355443710988,0.0
1378,-0.0030739344493239673,-0.012032669550167322,0.0
1379,-0.014717774804598793,-0.06038564020918318,0.0
1380,-0.04232309213376054,-0.19484486458902608,0.0
1381,-0.007666968505714689,-0.029788634515322664,0.0
1382,-0.020461728347602626,-0.07744943668412749,0.0
1383,0.006604294554743151,0.025522846664684466,0.0
1384,0.018605180359356932,0.06771396803970081,0.0
1385,0.038667891031527346,0.13255823714585505,0.0
1386,-0.04540138004301211,-0.19546251705862536,0.0
1387,-0.027924723611437108,-0.12722088177231852,0.0
1388,-0.00044673680504636604,-0.0017398144380016732,0.0
1389,-0.00013795432088986592,-0.0005476562483586093,0.0
1390,0.04546020018695174,0.1467568796209271,0.0
1391,-1.773660123199905e-05,-7.030065488314186e-05,0.0
1392,-0.048382790024408734,-0.22383406542871198,0.0
1393,0.03340440840211434,0.11908762864229178,0.0
1394,0.009957465965307444,0.037731100543015095,0.0
1395,-0.02619387753311231,-0.10991219013589756,0.0
1396,0.00028018060227175123,0.0011109447466731894,0.0
1397,0.008898422639581571,0.03382626562532099,0.0
1398,-0.06809632716723679,-0.30969584690092844,0.0
1399,0.0195655709391393,0.07123597375078894,0.0
1400,-0.0030138559203160553,-0.011655833795199844,0.0
1401,-0.029638510859462563,-0.12872956214740355,0.0
1402,-0.01351926908821982,-0.05760747954299609,0.0
1403,-0.042531139217785396,-0.18577728096988044,0.0
1404,0.020139651310877915,0.07263224580297767,0.0
1405,0.045815657576644186,0.153434728238449,0.0
1406,0.01747257893486226,0.06440948452740103,0.0
1407,0.0631042573855149,0.21512200804655185,0.0
1408,0.011732442977190838,0.04367877094972053,0.0
1409,-0.04042804100801595,-0.16889505727238355,0.0
1410,-0.009500575439591707,-0.034879521608522444,0.0
1411,-0.008828947301024515,-0.03607746023492763,0.0
1412,-0.012085019645427353,-0.04912068989851931,0.0
1413,0.052697755656079204,0.19024481901458706,0.0
1414,-0.041315194733733684,-0.18194276322364986,0.0
1415,-0.04391550648812956,-0.1999250551277184,0.0
1416,-0.005010003449465339,-0.01960053981106615,0.0
1417,-0.010923244246253128,-0.046629033718718765,0.0
1418,-0.00702489174938925,-0.027937703132363698,0.0
1419,-0.003788681539170946,-0.014356008525357459,0.0
1420,-0.032514359584942365,-0.14105853744745672,0.0
1421,-0.014125510838039784,-0.058229623814365444,0.0
1422,-0.012740562087562357,-0.048422744420633955,0.0
1423,-0.03529319911234749,-0.14792747570534162,0.0
1424,0.036191441500426,0.12898392429823954,0.0
1425,-0.01742747061070249,-0.07221153383324855,0.0
1426,0.009287945573694056,0.03195565987722127,0.0
1427,-0.0066151862317966326,-0.025733224445911845,0.0
1428,0.005703429500362345,0.0209583855133797,0.0
1429,-0.0025236430088993456,-0.010289158981716548,0.0
1430,0.026998256950191035,0.09484876600482466,0.0
1431,0.016486834377663295,0.06193803915063051,0.0
1432,-0.04861295916480185,-0.2146562151533946,0.0
1433,-0.013476053334369409,-0.05100663190380776,0.0
1434,-0.013686932204084734,-0.06441023635246125,0.0
1435,0.015040951949706227,0.0520297365038478,0.0
1436,0.005083745682859964,0.01880242497777678,0.0
1437,-0.051682160573149755,-0.23574082120441936,0.0
1438,-0.012642496944800463,-0.04941542184816984,0.0
1439,-0.04109545095224995,-0.19801053621097967,0.0
1440,-0.00013947974056766066,-0.0005442670537009306,0.0
1441,-0.021346836052827778,-0.09219624881436825,0.0
1442,0.0305924517097656,0.10845829195630584,0.0
1443,0.00879057777299258,0.031011471205704466,0.0
1444,0.03551776554985642,0.12524685746528316,0.0
1445,0.010222734548712642,0.037813860905940404,0.0
1446,0.02499137914721805,0.08838545944091557,0.0
1447,0.03451592829293726,0.1191974151938294,0.0
1448,0.005778663122704059,0.02274465659821004,0.0
1449,0.02236570566750662,0.08250131163444495,0.0
1450,-0.05457216396520928,-0.254741156009473,0.0
1451,-0.003019650222899961,-0.011965682728861728,0.0
1452,0.040346791986338615,0.12917614882868908,0.0
1453,-0.025891591233315886,-0.11329265640441755,0.0
1454,-0.027081943938502384,-0.11859781163718187,0.0
1455,0.007783522043724761,0.03075129200881422,0.0
1456,-0.034911895588211894,-0.15180209415022505,0.0
1457,-0.022611902972390185,-0.09283503368397573,0.0
1458,-0.06242566551533707,-0.288092777217839,0.0
1459,0.0030932574492971154,0.01179193675974891,0.0
1460,-0.03982634286131026,-0.17474310788264288,0.0
1461,-0.059617571101330175,-0.2657725097221006,0.0
1462,-0.018243721838300475,-0.06895232953139399,0.0
1463,-0.01706079007078004,-0.0653835941104413,0.0
1464,-0.06112607188766131,-0.2700495116231007,0.0
1465,-0.05172462448008852,-0.2409111432128543,0.0
1466,-0.05108450566969164,-0.22286608172995007,0.0
1467,-0.011118610979377386,-0.042838217272803944,0.0
1468,-0.005489159430180468,-0.021648113537292523,0.0
1469,0.016746947462753403,0.06204606764888966,0.0
1470,-0.0010275434705661057,-0.003919507482726046,0.0
1471,-0.014621053750487195,-0.059469508636157305,0.0
1472,0.018089572139335763,0.06245564648931491,0.0
1473,-0.01780607375225632,-0.07390270562157887,0.0
1474,0.0067829421128817735,0.026760208685436833,0.0
1475,0.006250018150454173,0.024673855758851115,0.0
1476,0.019100279552929922,0.07230973927704473,0.0
1477,-0.009657980117299625,-0.037810935146358395,0.0
1478,0.04969752189165741,0.16696133759107376,0.0
1479,0.08047341427254878,0.247718162195498,0.0
1480,-0.009926733024853501,-0.0412698125756517,0.0
1481,0.04016885052276156,0.13953167169984582,0.0
1482,-0.029039012082677257,-0.13146612508611788,0.0
1483,-0.023716949834120843,-0.10030719843530764,0.0
1484,0.03394385408608436,0.1173064967990928,0.0
1485,-0.03936571146925605,-0.17279065689410164,0.0
1486,-0.024197967113580132,-0.09844370573033738,0.0
1487,-0.06152640147936725,-0.2730922500446083,0.0
1488,-0.03155124597408915,-0.12736385667502576,0.0
1489,-0.008742463393626165,-0.03433403805496821,0.0
1490,-0.03413492165450921,-0.147691841146156,0.0
1491,0.037259440184021775,0.12842192976006653,0.0
1492,0.0017733078951776005,0.00652724115229315,0.0
1493,-0.023909854728712043,-0.10714584318274065,0.0
1494,0.0410664903233392,0.14064286814044344,0.0
1495,-0.004283447892380998,-0.017346696671867192,0.0
1496,-0.006669716922369784,-0.024892865713600117,0.0
1497,-0.026766556208181413,-0.1147235793546064,0.0
1498,0.031013840601570475,0.11012309626407529,0.0
1499,0.0011502616313701086,0.004606576629477406,0.0
1500,0.061825826097877845,0.1913135444739642,0.0
1501,-0.009050964137537698,-0.034579324525464535,0.0
1502,0.00677837987554003,0.025921886510341437,0.0
1503,-0.025708963481609115,-0.11021763552016582,0.0
1504,-0.005774672464220865,-0.02254394701599187,0.0
1505,-0.004044525979610469,-0.014980711358688779,0.0
1506,0.04992838373852937,0.16625637059324727,0.0
1507,-0.03458489851984747,-0.1405523719467735,0.0
1508,0.055281172029940484,0.1765234622377479,0.0
1509,0.01838796115371416,0.06548835348869037,0.0
1510,0.01240855641242486,0.04771653965868833,0.0
1511,0.054573352838611366,0.1870763224768149,0.0
1512,-0.03356978527940921,-0.15249634459592956,0.0
1513,-0.03706740870765368,-0.16861836402460945,0.0
1514,0.013060987371615207,0.05417285625723754,0.0
1515,-0.041383400884284716,-0.1761473487700997,0.0
1516,0.028559145995603913,0.1052092677194374,0.0
1517,0.014835921679599046,0.05778759481398055,0.0
1518,-0.024683895958089203,-0.10751067728037317,0.0
1519,0.08355311630340273,0.2578048049206061,0.0
1520,-0.011623996644554324,-0.04504806150142182,0.0
1521,-0.01605493147373424,-0.06613644939239223,0.0
1522,-0.008385763490241116,-0.03320603746135667,0.0
1523,0.07297013057366486,0.22274358864702282,0.0
1524,-0.024915115493017503,-0.10291292778766097,0.0
1525,-0.0001393235884722399,-0.0005193673770270721,0.0
1526,-0.027866118978671972,-0.11543581502661839,0.0
1527,0.0068474536216471815,0.026470856934039874,0.0
1528,0.036103712978657915,0.12890775052512,0.0
1529,0.02596570079385052,0.09271835859758039,0.0
1530,-0.026334499624123042,-0.10697587591213885,0.0
1531,-0.02670132459601468,-0.10842259951754654,0.0
1532,-0.03356930751010845,-0.1393732935901611,0.0
1533,0.014877355483715715,0.052972402101108984,0.0
1534,0.022954864642728945,0.08260196314468723,0.0
1535,-0.04123110810545799,-0.18308512536456892,0.0
1536,-0.048904166289852474,-0.220774713959439,0.0
1537,-0.03247092366757001,-0.13769265300014963,0.0
1538,-0.02277160463875008,-0.09657703388667864,0.0
1539,-0.002445997989457216,-0.009615108322193153,0.0
1540,0.0027345207803222693,0.010499439856186189,0.0
1541,-0.0157200881559785,-0.06369314214079186,0.0
1542,-0.01631501302168864,-0.06339923838958039,0.0
1543,0.015584754188071398,0.05948270441541111,0.0
1544,0.012853989671830712,0.04599576776347149,0.0
1545,-0.019267423173308318,-0.07652374445691756,0.0
1546,0.01957676151224541,0.07051099057950337,0.0
1547,-0.003289769778225149,-0.01178892874488177,0.0
1548,-0.043105324715033755,-0.18919654487643908,0.0
1549,0.0008673676915892381,0.0032551098723257446,0.0
1550,0.028212210843536645,0.10153950641628248,0.0
1551,-0.0068588623721703434,-0.02795047729493493,0.0
1552,0.0541630376478002,0.18605796614579062,0.0
1553,0.047321750603150387,0.16404192163727077,0.0
1554,-0.024391566846632906,-0.10113799870199601,0.0
1555,-0.012547675600369984,-0.05122997394937904,0.0
1556,0.08128012554646341,0.24835593916974932,0.0
1557,0.011774803511867438,0.0432495037673778,0.0
1558,-0.028288585196747512,-0.11556398690059864,0.0
1559,0.008667682590752457,0.031734293232591505,0.0
1560,-0.04537416597451216,-0.19962352919942408,0.0
1561,-0.03438109072891679,-0.14725403706864743,0.0
1562,-0.03379207629551398,-0.13822204810531283,0.0
1563,-0.04710015357893463,-0.21265140490359877,0.0
1564,-0.016322202760984617,-0.06520976889981747,0.0
1565,0.018813158767308658,0.06775644266857411,0.0
1566,0.013009513618459534,0.045901758834630095,0.0
1567,-0.054860424569337096,-0.2502700339229529,0.0
1568,-0.009239826276963625,-0.03680345261643583,0.0
1569,-0.02819203365014722,-0.11885149574581177,0.0
1570,0.026074181785474715,0.09130146648732002,0.0
1571,0.010858498705780817,0.04135187466995237,0.0
1572,-0.008896466091644989,-0.03674011822914344,0.0
1573,-0.04334544989651393,-0.19664310123209067,0.0
1574,0.008527827648114883,0.03298611111111104,0.0
1575,0.006007002026902519,0.021638125580777892,0.0
1576,0.04362979216553364,0.15045555321695717,0.0
1577,-0.07154912858866502,-0.34278176701965696,0.0
1578,0.04384052774989247,0.1511537193714977,0.0
1579,-0.010035818443085015,-0.04119143248128171,0.0
1580,-0.013346560970192878,-0.056924088560056305,0.0
1581,0.05942917404386655,0.1879343419663756,0.0
1582,0.016871315660540842,0.061574812578871936,0.0
1583,-0.0026268729934421087,-0.009641458270563534,0.0
1584,-0.026064267124608687,-0.10367376923416198,0.0
1585,0.001047106029791689,0.00408010280574003,0.0
1586,0.008770863280430363,0.032997517347213665,0.0
1587,-0.010889174999437923,-0.04362082941470951,0.0
1588,0.0071010797380443025,0.02568158451118122,0.0
1589,0.05176263492549055,0.18016384364743435,0.0
1590,0.0020711607777760266,0.008071541019517903,0.0
1591,-0.003759071559329863,-0.014484376308955415,0.0
1592,-0.008404158728268635,-0.03558402067134608,0.0
1593,-0.0014101970963912303,-0.005456438597545061,0.0
1594,-0.01563521236125151,-0.06658578000612583,0.0
1595,-0.016590235278908017,-0.07057166072956811,0.0
1596,-0.020147632003234023,-0.08345843256842035,0.0
1597,0.07749537657819158,0.24086812720124248,0.0
1598,-0.0483872967296092,-0.20557087554691114,0.0
1599,0.030725286104778537,0.10655160780875556,0.0
1600,-0.03758260672567937,-0.16290488208683992,0.0
1601,-0.0251814754075681,-0.09879336979666833,0.0
1602,-0.02682618262648989,-0.10466299622621145,0.0
1603,-0.0622997715174792,-0.2939875704581586,0.0
1604,-0.0034749556891930933,-0.013764114428081993,0.0
1605,-0.030822592991593845,-0.1326465568646805,0.0
1606,0.007179030341476267,0.027180142781217123,0.0
1607,-0.042680320481099904,-0.18237086756367168,0.0
1608,0.005132870508290477,0.01922046379615271,0.0
1609,0.011555530172732559,0.04491114241402373,0.0
1610,-0.01789776231712434,-0.07375794947918528,0.0
1611,0.02834496747590609,0.09785834760665761,0.0
1612,-0.01754159897858759,-0.06923662918403653,0.0
1613,0.029353733225185807,0.10212192226458615,0.0
1614,-0.01642602735342724,-0.06510433691906085,0.0
1615,-0.033367705138352965,-0.14219332793853,0.0
1616,0.003506508078994608,0.013200971591509111,0.0
1617,-0.016340599373683873,-0.06491919727587378,0.0
1618,-0.015749615358658514,-0.06847044318103977,0.0
1619,-0.010891052739922191,-0.04219490514372649,0.0
1620,-0.017946521937679982,-0.07348904238714211,0.0
1621,-0.002268633849212609,-0.008587659639256862,0.0
1622,-0.03454786194293974,-0.1386476620351111,0.0
1623,-0.02043717456438901,-0.08405006919993523,0.0
1624,-0.0061814924475017685,-0.02476237433916786,0.0
1625,-0.018202738800200152,-0.07348432620653593,0.0
1626,0.03084641111396963,0.11112140871177012,0.0
1627,0.019175081426625606,0.07173863797012134,0.0
1628,-0.005176287077932523,-0.021058076976134585,0.0
1629,0.007420751226478672,0.028238181222418265,0.0
1630,-0.03442564143955085,-0.1526546649009992,0.0
1631,-0.027318840579710124,-0.11260454002389478,0.0
1632,-0.005408375604361637,-0.02060946758079304,0.0
1633,-0.013777213725075815,-0.058976743474051255,0.0
1634,0.04359114792490687,0.14439287745321155,0.0
1635,-0.02075791561509399,-0.08358941019302452,0.0
1636,-0.0028695359280067056,-0.01175663675663681,0.0
1637,0.016443239326782155,0.058754725549775795,0.0
1638,-0.02918366620345597,-0.1261597398912046,0.0
1639,-0.03472544730761784,-0.1502067567200521,0.0
1640,-0.004124099492051336,-0.016689112897740454,0.0
1641,0.04470621354611115,0.14560280558595834,0.0
1642,0.0556411517939146,0.1908614115575098,0.0
1643,-0.026240163762580176,-0.11128897712704527,0.0
1644,0.011811514695889147,0.04086859557714999,0.0
1645,-0.007137164952739972,-0.027310175125056176,0.0
1646,0.04306294159557533,0.14839508275537894,0.0
1647,-0.0062430385401560096,-0.024259281247734254,0.0
1648,-0.0228101116990006,-0.0921177587844255,0.0
1649,0.07607479324949251,0.23319850084555974,0.0
1650,-0.019161001019036172,-0.07475489129962,0.0
1651,-0.03705816900181877,-0.15972865277202591,0.0
1652,-0.011696640829636035,-0.046828139056090234,0.0
1653,-0.005709783190666479,-0.02392968745966669,0.0
1654,0.004471919366224764,0.01637907816063046,0.0
1655,0.029426754639357344,0.10335557458358238,0.0
1656,-0.01954556591391715,-0.07822930472886697,0.0
1657,-0.016752275842639552,-0.07214731725385196,0.0
1658,0.02323971701775035,0.07881507387341986,0.0
1659,-0.06639656017038018,-0.32187897647814734,0.0
1660,-0.03524434615261185,-0.15013400395401813,0.0
1661,0.017315030638450968,0.06201549856268857,0.0
1662,0.011249139843428457,0.04800205475172906,0.0
1663,-0.03359225820637962,-0.15550111917002088,0.0
1664,0.017152647880862737,0.0601905350074433,0.0
1665,0.004809019375247803,0.01773654738945333,0.0
1666,0.0012980448553737145,0.004759973277342951,0.0
1667,0.03355898507128352,0.11565992820606173,0.0
1668,-0.017671315510415175,-0.06751906889309807,0.0
1669,0.026477976460199615,0.08884771814257555,0.0
1670,0.02103514149009489,0.073375258002922,0.0
1671,0.013889679558580725,0.0522768342624746,0.0
1672,-0.003115815465238425,-0.012035528613654697,0.0
1673,0.07054226563403793,0.22552362323201927,0.0
1674,-0.050778354589695845,-0.2255458813357503,0.0
1675,0.08658130779558182,0.25529348233183236,0.0
1676,0.017525069597870424,0.06416930505595786,0.0
1677,-0.01932504921984307,-0.07950149145477407,0.0
1678,0.022749666960193288,0.08380131745292438,0.0
1679,0.01247335074918171,0.04346370351769294,0.0
1680,0.04730136613811431,0.15041738776983773,0.0
1681,-0.00033576986228162076,-0.0012508349814666971,0.0
1682,-0.011974550689090702,-0.04562905273993694,0.0
1683,-0.01789218696581707,-0.07094241693097597,0.0
1684,-0.02241704457010038,-0.10563473424201147,0.0
1685,0.02965285611990706,0.10640331470111829,0.0
1686,-0.02426087544460398,-0.09232231904285182,0.0
1687,0.04109814781316559,0.141220231315452,0.0
1688,0.009018237797777218,0.03357683180065268,0.0
1689,0.012941614797931073,0.05028741750053217,0.0
1690,0.02665380495752248,0.09657639591049903,0.0
1691,-0.024176279207335116,-0.09965133006607664,0.0
1692,-0.020891797690898106,-0.08816650443434984,0.0
1693,-0.023336822610516117,-0.09662813958657468,0.0
1694,0.01193307261474097,0.0431013455184851,0.0
1695,0.03450048297403674,0.128607063534796,0.0
1696,0.005827293141055456,0.021536489363126417,0.0
1697,-0.004923882143521352,-0.01912606089627161,0.0
1698,0.00031638781638781976,0.0011771747805267485,0.0
1699,-0.02044418953778493,-0.08323532101947158,0.0
1700,0.0025147643079566073,0.009750532907007678,0.0
1701,0.007859103544792412,0.0299049435934283,0.0
1702,0.006251194434888974,0.02225699996597832,0.0
1703,-0.015279655909285705,-0.06306677976557676,0.0
1704,-0.01712098289043873,-0.06844388247897026,0.0
1705,-0.0021479670488486202,-0.008541973490427034,0.0
1706,-0.06060161648342949,-0.2733913561676095,0.0
1707,0.003226219975550948,0.01228949482786055,0.0
1708,0.006416202164327867,0.02354263559632249,0.0
1709,-0.03167202297476976,-0.1373117478466463,0.0
1710,0.005689676423568879,0.021764142505592648,0.0
1711,0.012505396380274147,0.043821211165186606,0.0
1712,-0.04272453019538733,-0.19432770185643913,0.0
1713,-0.022214045064091303,-0.09311387222698271,0.0
1714,-0.017380730130313715,-0.06778280030797257,0.0
1715,0.004490093404031448,0.016525758571115743,0.0
1716,0.037275680192563304,0.132096201470145,0.0
1717,-0.011929405982666785,-0.045098654450389034,0.0
1718,-0.03202728730543308,-0.12742285020804447,0.0
1719,0.0190390794207147,0.06754389730963299,0.0
1720,-0.022952676207867978,-0.09472177596027469,0.0
1721,-0.046991035179388435,-0.21124466664302854,0.0
1722,-0.037017393330619236,-0.16975551219463808,0.0
1723,0.01502645335744715,0.05830613355093157,0.0
1724,0.01259682921934574,0.04739969945705923,0.0
1725,-0.013029570639245813,-0.05318064563068675,0.0
1726,-0.03456706337080037,-0.1530386185714899,0.0
1727,-0.017712939663032667,-0.07227213588926065,0.0
1728,0.023721932617962183,0.08960420911602988,0.0
1729,-0.01566771189785357,-0.06447129370192557,0.0
1730,0.040523315320570436,0.14090862138584473,0.0
1731,0.007016406787158647,0.02590025842369904,0.0
1732,0.017179725933684387,0.06224787363304976,0.0
1733,-0.04109547908572714,-0.19224044192258613,0.0
1734,-0.0032481214660571855,-0.012065477746703572,0.0
1735,-0.03550684079601993,-0.14504922197523035,0.0
1736,-0.026383934563823097,-0.10133546565374035,0.0
1737,-0.024604800168058383,-0.09916393269129001,0.0
1738,-0.03933002255283216,-0.17410549407930834,0.0
1739,-0.020763410235506263,-0.08209348324327331,0.0
1740,0.03317019986790076,0.11402041816018836,0.0
1741,-0.023768553987464275,-0.09695144074838101,0.0
1742,-0.020678443944251196,-0.0866355496285007,0.0
1743,-0.002609017593661278,-0.010349515288599478,0.0
1744,0.03905549337605435,0.13249103520156852,0.0
1745,0.017331410524284108,0.06644046004033884,0.0
1746,0.06075347257512151,0.2056173199968923,0.0
1747,-0.016809170714081223,-0.07062764179988336,0.0
1748,-0.03197357709653381,-0.13964632024671167,0.0
1749,-0.005896833245570082,-0.024251964067512448,0.0
1750,-0.05364961113385183,-0.24097444383158673,0.0
1751,0.0073401467810758625,0.02865697542102872,0.0
1752,-0.0071984466124443425,-0.027225317577799817,0.0
1753,0.0348617846951676,0.12166652420013611,0.0
1754,-0.036587412253763135,-0.15310494570131117,0.0
1755,-0.01702750213514001,-0.07412100095026929,0.0
1756,0.012553288198331791,0.0470359988623658,0.0
1757,0.030478937023484476,0.11667662767642839,0.0
1758,0.027225302193107204,0.09171078236149305,0.0
1759,0.0003835482532496548,0.0014105770196775383,0.0
1760,-0.03794606445043611,-0.17017776845833033,0.0
1761,0.04831205269396391,0.17165742616483637,0.0
1762,-0.008173737878037657,-0.03223706631516878,0.0
1763,-0.05352316204442317,-0.23512211657622425,0.0
1764,0.044696335506492685,0.15227134691604305,0.0
1765,0.03541369780196055,0.13351921198306746,0.0
1766,0.000983138120296545,0.0037577723709112383,0.0
1767,-0.017310929009398707,-0.07193464380282572,0.0
1768,0.04455594036266741,0.154403652758381,0.0
1769,-0.023248050421963457,-0.09916837548416492,0.0
1770,-0.05131609675629631,-0.22393078211777118,0.0
1771,0.019154777296746944,0.07522193719593094,0.0
1772,0.023276466549922714,0.08219659354022384,0.0
1773,0.02211003195091321,0.0815936251240693,0.0
1774,-0.03828679480752528,-0.15755226945275397,0.0
1775,-0.019538532823384358,-0.07774566022405902,0.0
1776,-0.03841997627629565,-0.16503018239817968,0.0
1777,-0.0018898848831747639,-0.0074412822731851685,0.0
1778,0.011826311340481399,0.04431588950202564,0.0
1779,0.02764337715704085,0.09656248184993722,0.0
1780,0.005329463978490656,0.020685855624609117,0.0
1781,0.023799011932667813,0.08592015279766696,0.0
1782,-0.037647887412688735,-0.16401342607348343,0.0
1783,0.00023903373191347388,0.0008925316227608883,0.0
1784,-0.040107110625564046,-0.17897042329397425,0.0
1785,-0.014785986666478734,-0.05897121317682055,0.0
1786,-0.0606875013701797,-0.2669948881621057,0.0
1787,0.02507321872946655,0.08727817451803717,0.0
1788,-0.001478767046149354,-0.005607703209647204,0.0
1789,-0.035839261059913696,-0.15255234901722964,0.0
1790,0.015437120505971097,0.059080776867322556,0.0
1791,-0.02500721092769334,-0.10416560870254353,0.0
1792,0.0002450831173765322,0.0009079903147698462,0.0
1793,-0.041876748882742704,-0.1850295205927411,0.0
1794,-0.029958877451282562,-0.12680523647162836,0.0
1795,-0.0006635578889006566,-0.002566114745875634,0.0
1796,0.002722571213872982,0.010221850891547776,0.0
1797,-0.0032667850258147335,-0.012306830448030338,0.0
1798,-0.03677658325381755,-0.16454727540380454,0.0
1799,-0.03639253039560267,-0.16215813101778007,0.0
1800,-0.006708783299647969,-0.02569752302234495,0.0
1801,0.020108619641419634,0.07337107759393947,0.0
1802,-0.005169293269502051,-0.02013082500887384,0.0
1803,0.02908822190766397,0.10733104397055258,0.0
1804,-0.017876279367783354,-0.06971954192004598,0.0
1805,-0.03551254272487647,-0.14159594070186213,0.0
1806,0.044254561419140304,0.15147566729225306,0.0
1807,0.018355522602619967,0.06706902891822586,0.0
1808,-0.018031946348424643,-0.07008485968023544,0.0
1809,0.026067283537821506,0.091552713293153,0.0
1810,-0.04404390570114422,-0.19089423423964796,0.0
1811,0.02048546558332759,0.07411645945405898,0.0
1812,-0.03717108292152471,-0.1616848240715311,0.0
1813,-0.03992114351051057,-0.17906428259807056,0.0
1814,0.03897579198821227,0.1365839983309863,0.0
1815,-0.017554116827065647,-0.06917060287113602,0.0
1816,-0.007244184407792731,-0.02728393852556987,0.0
1817,0.029979285283908585,0.10441612475749397,0.0
1818,0.04939633489142067,0.16636851804124123,0.0
1819,-0.03696715703519596,-0.16681735631644057,0.0
1820,0.026421885238677778,0.09485428662362384,0.0
1821,-0.027883741939080414,-0.11791134879307058,0.0
1822,0.04706729487065514,0.16075907089722172,0.0
1823,-0.013860566725604984,-0.05454906582459038,0.0
1824,-0.02825711753935839,-0.1102677172943928,0.0
1825,0.005713830297082778,0.021020946168877206,0.0
1826,-0.04215007960470743,-0.19403475380612353,0.0
1827,0.025485250575720986,0.09043153430094544,0.0
1828,-0.0022589280885508267,-0.009003933764446439,0.0
1829,-0.0138596411460441,-0.05601467793347752,0.0
1830,-0.02613427648764663,-0.10841120282967873,0.0
1831,-0.031606402835810676,-0.12721860352908743,0.0
1832,0.014973390426365252,0.058598469879483917,0.0
1833,-0.028036266025031897,-0.12045478212301075,0.0
1834,-0.012730870883938483,-0.05157673824698228,0.0
1835,0.0010059939575737253,0.0038612752130107683,0.0
1836,0.021205880272245736,0.07823481260393537,0.0
1837,0.02802039526849104,0.09618429559510597,0.0
1838,0.05229366158798171,0.17780943546249664,0.0
1839,-0.02613500869950164,-0.10861979554569871,0.0
1840,0.01642420798733052,0.059617152749592,0.0
1841,0.025083024513408297,0.09556401159659128,0.0
1842,0.0001712442450289009,0.0006337400785881849,0.0
1843,0.11328289948672715,0.3245602846587862,0.0
1844,0.0202152033623072,0.07003426102088017,0.0
1845,-0.005260739425743427,-0.021114399843323313,0.0
1846,-0.0028878155632063307,-0.010721578048697,0.0
1847,0.015192658104481338,0.057825647380568654,0.0
1848,-0.03777166317260655,-0.16555761455525597,0.0
1849,-0.02350819507885399,-0.09747162899601569,0.0
1850,-0.04874186020169319,-0.20924657661369647,0.0
1851,0.06432303543455417,0.21367992885844156,0.0
1852,-0.034354518053809624,-0.13684413038617724,0.0
1853,-0.026509360324987213,-0.11271363155378471,0.0
1854,0.006214793376186467,0.023635464189523312,0.0
1855,-0.0058883437166512564,-0.023753951051600445,0.0
1856,-0.017439255100982126,-0.07129577820695633,0.0
1857,0.04022565453706317,0.14061714858557062,0.0
1858,0.016713168533822875,0.05954526454506277,0.0
1859,-0.019615086662999826,-0.08644412054734255,0.0
1860,0.048423609305478066,0.16069203959359368,0.0
1861,-0.0077812832186937575,-0.03424354852626165,0.0
1862,0.029362995949876403,0.10094106356381595,0.0
1863,-0.03271635902897185,-0.13575086549353071,0.0
1864,-0.04811885373849925,-0.2196341305434554,0.0
1865,0.013648418557951292,0.05262605324976642,0.0
1866,0.06473174592041397,0.20701589423479963,0.0
1867,-0.03179417466597412,-0.12546813320287448,0.0
1868,-0.03133523617066078,-0.12933245690914397,0.0
1869,-0.03117813205508782,-0.12816425884498195,0.0
1870,0.00037009423715106404,0.0014368115698310453,0.0
1871,-0.042172739897456485,-0.19470881928462772,0.0
1872,0.03377548437956801,0.11895951010758507,0.0
1873,0.018656859106297274,0.07296560218175407,0.0
1874,-0.019747247849358468,-0.08021308980213095,0.0
1875,-0.030897431146634458,-0.12663856857453304,0.0
1876,-0.021680879476413006,-0.09580185755637373,0.0
1877,-0.03861635475909661,-0.16575934654575186,0.0
1878,-0.04576477822277897,-0.19051832306713254,0.0
1879,-0.018544834236220664,-0.07240808120080174,0.0
1880,-0.018910351403940595,-0.07390651099154766,0.0
1881,0.0026146266208947333,0.00969117041005548,0.0
1882,-0.0548013084724312,-0.25097952597810574,0.0
1883,-0.029871843019194044,-0.12394691262229567,0.0
1884,-0.0004957888723802206,-0.0018657605472722622,0.0
1885,-0.01542178427435048,-0.06048846012944197,0.0
1886,0.008227040711769718,0.031114367440745517,0.0
1887,0.024857652757712234,0.08700178465199282,0.0
1888,-0.024875736271214505,-0.1064925691414324,0.0
1889,-0.04284396415392727,-0.18268492329593355,0.0
1890,0.007744059501204437,0.027746764915414605,0.0
1891,-0.004391291765386773,-0.01682717881492071,0.0
1892,0.07408780559464079,0.23511016928112116,0.0
1893,-0.030073685543448275,-0.12486476301617985,0.0
1894,-0.05486142598843491,-0.25017390028015496,0.0
1895,0.003856546676763939,0.01537122404657931,0.0
1896,0.011189175855680522,0.041937183513572174,0.0
1897,-0.026084023234749704,-0.10845801266004568,0.0
1898,-0.008257982713655188,-0.03068930487122897,0.0
1899,0.0012146978439113165,0.0046296296296295895,0.0
1900,0.02790857350314685,0.09855592569347206,0.0
1901,-0.02048070640365121,-0.08238443109701217,0.0
1902,0.007223174591777515,0.027427975825324354,0.0
1903,0.0018934984602997362,0.0070963926670608414,0.0
1904,0.020888664165780335,0.07441868583467529,0.0
1905,-0.010822259756765706,-0.042138541786565537,0.0
1906,0.013508490839101384,0.054575616087499515,0.0
1907,0.0006414492444006825,0.00237026749301568,0.0
1908,0.016432820581866348,0.06155468308967694,0.0
1909,0.05643758646602565,0.18264628288088547,0.0
1910,-0.0489355244890711,-0.21139426939212697,0.0
1911,0.025474420442767542,0.08969518758696732,0.0
1912,0.023042876233867637,0.08453369764446948,0.0
1913,-0.014632206162666778,-0.061642060004426,0.0
1914,-0.023354923598560673,-0.09895036955316565,0.0
1915,0.016648280202137405,0.06255831677315052,0.0
1916,-0.02479869242841659,-0.09786057105669893,0.0
1917,0.04300781863900674,0.14693560597925298,0.0
1918,-0.055350462011226065,-0.23718646472398505,0.0
1919,0.0032437321684594678,0.01340184053364742,0.0
1920,-0.003224329595239911,-0.012968970149742753,0.0
1921,-0.048164874421278314,-0.21827097852817395,0.0
1922,-0.032158180405171044,-0.12619365309520447,0.0
1923,-0.007544975326596148,-0.02936073255663987,0.0
1924,0.015158141535593778,0.05930600766493108,0.0
1925,0.004528991756062251,0.016738908720040885,0.0
1926,-0.023075432628114456,-0.09895644329285037,0.0
1927,-0.027315285268853656,-0.11608164470527456,0.0
1928,-0.013161977312948853,-0.05604931911918669,0.0
1929,0.0007936531374031219,0.0032810902376119127,0.0
1930,0.03395862486692591,0.1200923280668795,0.0
1931,-0.002961510725043748,-0.011691284620006435,0.0
1932,-0.03289592143683398,-0.13287142644415148,0.0
1933,0.00047014813573975633,0.0017210873356168388,0.0
1934,-0.03444873761467243,-0.14575116995691872,0.0
1935,0.02379839086910046,0.08395122384078645,0.0
1936,0.03113192855111524,0.10943549666772465,0.0
1937,0.027675353566844113,0.10314237120842795,0.0
1938,0.007888258875039578,0.028867292343154983,0.0
1939,0.022694401038717893,0.07702269932363184,0.0
1940,0.03449633093076143,0.12082841839240246,0.0
1941,0.02664703479608055,0.09613718945931553,0.0
1942,0.004008587907415817,0.015182132153283527,0.0
1943,-0.018890514320187624,-0.07567640664104218,0.0
1944,0.0018501471683187165,0.006918303119286167,0.0
1945,-0.0005955654651306763,-0.002230891725655974,0.0
1946,0.03490210691837636,0.1310732396440977,0.0
1947,-0.015526648833179335,-0.06161397545199367,0.0
1948,-0.004257770825092044,-0.015791418782424245,0.0
1949,-0.0098405957752416,-0.036926592067490764,0.0
1950,0.004375411036545485,0.01673784406928209,0.0
1951,-0.027774975209279795,-0.1208606156393467,0.0
1952,-0.04668265902797436,-0.21589958950718394,0.0
1953,0.0247314743453545,0.09509178715746362,0.0
1954,-0.013194430906122545,-0.054995965433116016,0.0
1955,-0.036320774934636285,-0.1595075857395624,0.0
1956,-0.016634091457219502,-0.06537314265005147,0.0
1957,-0.010800762305189338,-0.046116680206473415,0.0
1958,-0.01323348521938228,-0.05207522109504314,0.0
1959,-0.013034267926141652,-0.0564037447740995,0.0
1960,0.01849348276054974,0.07000217635536948,0.0
1961,0.017452998160526423,0.06380769792095113,0.0
1962,-0.048482483398351234,-0.2029212305145537,0.0
1963,-0.00963838414902185,-0.03629819725878869,0.0
1964,0.012749478664289549,0.04778544759214036,0.0
1965,0.0339777401667094,0.11701444203598757,0.0
1966,-0.051079790075333587,-0.2166161468009517,0.0
1967,-0.019687458784696577,-0.07893469390671773,0.0
1968,0.04265869014810336,0.14987208249694975,0.0
1969,-0.02091279987446576,-0.0812920587364662,0.0
1970,-0.033488644294914716,-0.1394885451311879,0.0
1971,0.007555486211335172,0.028794410584212848,0.0
1972,0.036120943186914334,0.12470143415906125,0.0
1973,-0.0043492632729549285,-0.015780261744699514,0.0
1974,-0.0465447286771247,-0.2034618485322711,0.0
1975,-0.027324028295464153,-0.10386235755491771,0.0
1976,-0.010580478189312625,-0.041302865511906484,0.0
1977,0.004350991461948284,0.01619976206048854,0.0
1978,-0.007100335303478089,-0.027524956970740203,0.0
1979,-0.0031403855887360277,-0.01176686098509748,0.0
1980,-0.012739463991648048,-0.05051593676114029,0.0
1981,0.009207039289081231,0.03598618325459184,0.0
1982,-0.012787783463019592,-0.05358081271005209,0.0
1983,-0.020352602169511458,-0.08093208665291042,0.0
1984,0.0032097896683027094,0.01238379058878035,0.0
1985,0.03826769668880986,0.1250554947867961,0.0
1986,-0.009293630255078678,-0.03628735259084271,0.0
1987,-0.02364724103100227,-0.09549088511684825,0.0
1988,0.020576783233098028,0.07350446996405267,0.0
1989,0.002279230841080282,0.00880101622598125,0.0
1990,0.01945146033958678,0.06732561777474404,0.0
1991,0.03160084039353356,0.10652437762738903,0.0
1992,-0.04660712856850732,-0.19879130180216384,0.0
1993,-0.022288030309204343,-0.08473607793545987,0.0
1994,0.0354336195554007,0.12517105734084985,0.0
1995,-0.0492546875596474,-0.22208925958771605,0.0
1996,0.03656031971821444,0.12721615952105964,0.0
1997,0.020474645751052623,0.07356279310340397,0.0
1998,0.05238888965051858,0.1667342351759841,0.0
1999,-0.04049460431414029,-0.16781945715157046,0.0
2000,0.0382815518767744,0.13024764055928284,0.0
2001,0.029790142598825398,0.10805785202694197,0.0
2002,0.0016124694503618642,0.006338084972338938,0.0
2003,0.04484445902356349,0.1502289377289377,0.0
2004,0.019763336622455274,0.06943365241802156,0.0
2005,-0.05047704748825693,-0.21339474943202424,0.0
2006,-0.03758767675358787,-0.17527297094879563,0.0
2007,0.03549193663916528,0.1202122289096414,0.0
2008,-0.021182362586440434,-0.08871918902375299,0.0
2009,-0.07213371926578127,-0.35582605293763714,0.0
2010,-0.062125140776826154,-0.294988185549061,0.0
2011,0.10705188973608784,0.3098817035908956,0.0
2012,0.024842302778665004,0.08677311393111156,0.0
2013,0.008243033617536866,0.030814814814814954,0.0
2014,0.02950450340062699,0.10513982645044277,0.0
2015,-0.015663683054280675,-0.06183702254491548,0.0
2016,0.030526516207405097,0.10805578087985446,0.0
2017,0.02538542184441417,0.08998298615032924,0.0
2018,0.03894489019050695,0.13722641564981206,0.0
2019,-0.00398336252857201,-0.015867687053674823,0.0
2020,-0.023763858749701106,-0.09392118795720053,0.0
2021,0.02101242382659757,0.07316427829218687,0.0
2022,0.007259722435776994,0.027635963172282618,0.0
2023,-0.0645369847351622,-0.2939735879471758,0.0
2024,0.0024263372772519998,0.009579539027965303,0.0
2025,-0.026916001408114815,-0.12000050627784521,0.0
2026,0.012327847877501241,0.04723768160021648,0.0
2027,0.024039904883558172,0.08309935838268544,0.0
2028,0.05231650111970643,0.1682427239823491,0.0
2029,-0.052516722156823625,-0.23851344646224062,0.0
2030,0.0017468606281975108,0.006379247433117272,0.0
2031,-0.04953755607898136,-0.217888839206008,0.0
2032,-0.011914933592602761,-0.04725130284064097,0.0
2033,0.011372802760703099,0.044334209143457634,0.0
2034,-0.007015511354360293,-0.026375847539546415,0.0
2035,-0.026373303366633793,-0.11230527523658988,0.0
2036,-0.01968382163416102,-0.08457307394145229,0.0
2037,0.005122678816887327,0.020622066006443857,0.0
2038,-0.0063517489511272784,-0.025199873556102786,0.0
2039,0.06350860508965017,0.20026210442598105,0.0
2040,-0.038097261165352225,-0.16355220722232883,0.0
2041,0.021056817073424827,0.07959379817731205,0.0
2042,-0.002844862600960174,-0.010711778568921472,0.0
2043,-0.04419410606904717,-0.19509668508287276,0.0
2044,0.02572960104201477,0.09326270399776658,0.0
2045,-0.016794154781258924,-0.06760051005100497,0.0
2046,0.014541495648581426,0.051927161059289684,0.0
2047,-0.01064557705008884,-0.04215598355995133,0.0
2048,-0.03948449886995675,-0.1746273197444479,0.0
2049,-0.013005994855198932,-0.05123993008555324,0.0
2050,-0.04241894312978925,-0.18312954179539612,0.0
2051,0.052932463895829535,0.17598820216136543,0.0
2052,0.0003326905908604405,0.0013603799404329963,0.0
2053,0.009491803905855134,0.035669425990102664,0.0
2054,-0.031058965102286396,-0.12941235459286,0.0
2055,0.03414812850036525,0.11683384845407983,0.0
2056,-0.008417141068269518,-0.03051330672023399,0.0
2057,-0.03797982828530044,-0.15607964768835483,0.0
2058,-0.0051977295862720985,-0.021340112414581294,0.0
2059,0.008354691278804394,0.03058682584165888,0.0
2060,0.04717207306621557,0.15097888056222886,0.0
2061,0.015341017442843996,0.05567388404567624,0.0
2062,-0.007973933363633667,-0.031914855596893506,0.0
2063,-0.014936432847956232,-0.06099502712818535,0.0
2064,0.016375531926975634,0.06623476940233797,0.0
2065,-0.019262252796404866,-0.0751675818427148,0.0
2066,-0.0010776783624909525,-0.004027051414021808,0.0
2067,-0.023360272529867304,-0.0952986539591936,0.0
2068,0.016132171669779982,0.059522150643670974,0.0
2069,-0.018654245808035153,-0.07481877194881406,0.0
2070,-0.00899180721064316,-0.03616565432108857,0.0
2071,0.0380883119875306,0.12769628486408915,0.0
2072,0.008376440400779617,0.031223903700837125,0.0
2073,0.0035949130592571876,0.01374671587561753,0.0
2074,-0.04819430940348102,-0.21740848831296522,0.0
2075,-0.014475746331162942,-0.05791991602211512,0.0
2076,-0.005909567174509522,-0.02304866738590239,0.0
2077,-0.03482748901197458,-0.15515714465960512,0.0
2078,-0.010583313642157532,-0.04177230154872778,0.0
2079,0.022726530878704743,0.0782215481406582,0.0
2080,-0.02726940829940419,-0.115202868310554,0.0
2081,-0.016571600037273232,-0.07021829531321613,0.0
2082,0.02525203974193982,0.09335090722884329,0.0
2083,-0.00862417519652492,-0.03277384603960675,0.0
2084,0.016061573129755813,0.05935875758648454,0.0
2085,0.021116205382485487,0.07519977720876621,0.0
2086,0.0025225553894119845,0.010308637938926293,0.0
2087,0.03399081868947193,0.12805663050172778,0.0
2088,-0.03603423903145517,-0.1508933759442185,0.0
2089,0.05022512353302677,0.15607965338792523,0.0
2090,0.029296630254921963,0.10449773927550564,0.0
2091,-0.024235066549796624,-0.10168062151455014,0.0
2092,0.017900645072736115,0.0684674390635161,0.0
2093,-0.01089742429793078,-0.042553588617535075,0.0
2094,-0.06157886744029398,-0.2796573953959465,0.0
2095,-0.034285660060413614,-0.1447949259658615,0.0
2096,0.021051990974374324,0.07324939325330244,0.0
2097,0.016323367627402274,0.05906830755744702,0.0
2098,-0.04432988071406019,-0.18241799581972226,0.0
2099,-0.009061225983379856,-0.03629903312099481,0.0
2100,0.023733712426321385,0.08474102567955405,0.0
2101,-0.011823441582680061,-0.04723851660369837,0.0
2102,0.03301763517619383,0.11829809134478227,0.0
2103,0.017075573840890423,0.06384608325265957,0.0
2104,0.09989185420643693,0.28020037835704836,0.0
2105,-0.06594326065997119,-0.3064110545525569,0.0
2106,-0.019283416646989154,-0.0787558497419095,0.0
2107,-0.0011463947121871931,-0.004350822252396446,0.0
2108,0.024020627540179196,0.08595364039323779,0.0
2109,0.01891740276432563,0.06779421403693653,0.0
2110,0.03151863266289512,0.10921493981793733,0.0
2111,-0.03129752462865987,-0.1376153330114108,0.0
2112,-0.03929496014520151,-0.1759468317897179,0.0
2113,-0.010538520918925764,-0.04122092066635308,0.0
2114,0.027025304755075474,0.09724490001612629,0.0
2115,-0.008924992327876469,-0.035420727674291934,0.0
2116,-0.002071273263862361,-0.007803840497558872,0.0
2117,-0.04830077552268233,-0.20760859654486266,0.0
2118,-0.014169855636009143,-0.05537777301468224,0.0
2119,-0.006936624909459593,-0.028355569142083606,0.0
2120,-0.01052856882387293,-0.04187669476383663,0.0
2121,0.03170682283328946,0.10665621485293628,0.0
2122,0.03930295350491331,0.13149960144634545,0.0
2123,0.01061538985044308,0.03858699875198413,0.0
2124,0.0010690168377093523,0.004283870393448426,0.0
2125,-0.0054272206254155075,-0.021368103532159195,0.0
2126,0.03317048265722278,0.11557559287717059,0.0
2127,-0.0013313776714994896,-0.0049668290302058585,0.0
2128,-0.02099863350991235,-0.0853661787463539,0.0
2129,0.0026223991924176904,0.009716363636363603,0.0
2130,0.054635746738453284,0.17816477571882078,0.0
2131,0.003193203175942627,0.011856440931424942,0.0
2132,0.0200934510307913,0.07306506275823887,0.0
2133,-0.028691919956436523,-0.11994278686083343,0.0
2134,0.03640424590888988,0.1302888800949743,0.0
2135,0.020905534750061905,0.07636586521981319,0.0
2136,-0.01497322547567509,-0.05604503390336486,0.0
2137,0.0762269961946089,0.24352026038400673,0.0
2138,-0.04908225376615344,-0.22260728735125446,0.0
2139,-0.04521664868910433,-0.1969873129847067,0.0
2140,0.00015507323915353588,0.0005763245354800984,0.0
2141,-0.053813506943013706,-0.23205401563610512,0.0
2142,0.016682370398692747,0.060577511115518845,0.0
2143,-0.021479156832706237,-0.08685282968343357,0.0
2144,-0.03940886699507387,-0.15999999999999992,0.0
2145,0.062034284947009494,0.2078681701864403,0.0
2146,0.016493687251032174,0.06218690109586489,0.0
2147,-0.031969112433817115,-0.14184997877573066,0.0
2148,-0.023320025530730037,-0.08609885378211864,0.0
2149,-0.01059722304158811,-0.0415594366245459,0.0
2150,0.04065015340659495,0.13602166716822153,0.0
2151,-0.023331532134853034,-0.0942705000782038,0.0
2152,-0.009674539798029652,-0.040803935889450936,0.0
2153,0.07581413309306217,0.23120058318847084,0.0
2154,-0.02881685423943195,-0.11807881737133091,0.0
2155,0.02292903660269205,0.08483743542996057,0.0
2156,0.013739225125668664,0.05254817821997381,0.0
2157,0.011826640476588934,0.04318413294023045,0.0
2158,0.05999848609732711,0.18712571316151874,0.0
2159,0.045596915225941115,0.1421497456744977,0.0
2160,-0.051643142814821075,-0.21726603566673813,0.0
2161,-0.03881061578807771,-0.16320003545418288,0.0
2162,0.02686947649405963,0.09067054671698752,0.0
2163,-0.027656737647354157,-0.11722175319945988,0.0
2164,-0.03373684111079095,-0.14110010535565812,0.0
2165,-0.005504868126342766,-0.021012868047982674,0.0
2166,0.004404742800910466,0.01702993459239585,0.0
2167,0.007059269252012168,0.02575764686808019,0.0
2168,0.00570375598570394,0.021322981814105125,0.0
2169,-0.009874742818916038,-0.039277198091787785,0.0
2170,0.03951815369023948,0.13307049463227363,0.0
2171,-0.014566320757167073,-0.05918129086913133,0.0
2172,0.027015745909892364,0.09259661311333044,0.0
2173,0.032386397123828625,0.11275264183851447,0.0
2174,-0.007895361029485126,-0.03023617108706466,0.0
2175,0.017661525108045056,0.06823389688416932,0.0
2176,-0.030169554041303837,-0.14160292738127697,0.0
2177,0.03851456342015591,0.1317882048531128,0.0
2178,0.014816295703940607,0.05559877743817713,0.0
2179,0.004980804562633723,0.019379749167561664,0.0
2180,-0.03179080858243305,-0.12176412493919608,0.0
2181,0.01884905846119228,0.06919534533139214,0.0
2182,-0.030055609066506978,-0.12427448203701068,0.0
2183,-0.01854081528054416,-0.08349522525408398,0.0
2184,-0.0055289722527076535,-0.022188206127096707,0.0
2185,-0.010304234792661404,-0.04061728655207031,0.0
2186,-0.01769104386918699,-0.07451945227352016,0.0
2187,0.03723815800244673,0.128419814695804,0.0
2188,-0.01697850632857356,-0.0738661372428484,0.0
2189,-0.009272417853521842,-0.03933506243758764,0.0
2190,-0.016398238808897236,-0.06261649926238437,0.0
2191,-0.017379893891443843,-0.06834093908348206,0.0
2192,-0.04357879903260997,-0.17842156117473765,0.0
2193,0.037294913052920375,0.12850401403556408,0.0
2194,0.012160179214889433,0.04542424088419077,0.0
2195,-0.020338933403819537,-0.08844589615045188,0.0
2196,0.012573524391076618,0.04645882140926299,0.0
2197,-0.02144287000918632,-0.09088822884582541,0.0
2198,-0.019165204364603478,-0.08172024488799902,0.0
2199,-0.03821470142177755,-0.15683856157482193,0.0
2200,0.0017645430055757694,0.007232474441146538,0.0
2201,0.008576260860472196,0.031066972998344804,0.0
2202,-0.0143924338494969,-0.05675217702547179,0.0
2203,0.020986267358172106,0.0787710357752589,0.0
2204,-0.059426105421580167,-0.2745407360403597,0.0
2205,0.006211582323741194,0.02378391498645716,0.0
2206,-0.003974262695192937,-0.01689189189189193,0.0
2207,0.016453204520961384,0.06124984651934417,0.0
2208,-0.01785566098772337,-0.07566110893282782,0.0
2209,-0.0590062564969176,-0.2818015440953204,0.0
2210,-0.03024410827736418,-0.1251298062811297,0.0
2211,0.08404145094994384,0.25600562626787793,0.0
2212,-0.039390236304244125,-0.1583459792347633,0.0
2213,-0.04486226539186966,-0.19080107032843838,0.0
2214,-0.015147793805834697,-0.05948589361788912,0.0
2215,0.042845338321835624,0.14570104067394102,0.0
2216,0.06716614952201053,0.21662779335735313,0.0
2217,0.0792406080208086,0.24523535190017598,0.0
2218,-0.03507958319019813,-0.14456012032913573,0.0
2219,-0.015713401977469788,-0.0618244260259747,0.0
2220,-0.056420284715368835,-0.2667755406448399,0.0
2221,-0.015156680394984384,-0.060961968294145574,0.0
2222,-0.011357014706367796,-0.04523649472199028,0.0
2223,-0.018745016982309626,-0.08252200835571463,0.0
2224,0.018118090189376768,0.07113028000273842,0.0
2225,-0.032587381312783825,-0.13822514391612375,0.0
2226,-0.032577508649806824,-0.14861876637339314,0.0
2227,0.10896311858462712,0.3042137896395851,0.0
2228,-0.00024347555088083395,-0.0009140767824497595,0.0
2229,0.03225148593664173,0.11227913474641302,0.0
2230,-0.02622106783221434,-0.11122488219004772,0.0
2231,-0.006056208398375507,-0.023836964066864495,0.0
2232,0.027123789872626314,0.09468129492149557,0.0
2233,-0.030368545934258417,-0.12115376531568746,0.0
2234,-0.01715382718536293,-0.07109513322105615,0.0
2235,0.017769857461650496,0.0660279984558182,0.0
2236,-0.007213987300038638,-0.028296531203508037,0.0
2237,0.00402230631174183,0.015388089284370122,0.0
2238,0.05817244611059044,0.1921671826625387,0.0
2239,-0.026262681154945372,-0.10722119413671911,0.0
2240,-0.025305058953458998,-0.10669832975702023,0.0
2241,-0.0039527091641932965,-0.015863539445629096,0.0
2242,-0.044044433058806204,-0.20039033051620833,0.0
2243,0.006964813563186567,0.026566814622464227,0.0
2244,-0.02756858581361099,-0.11743456566776576,0.0
2245,0.038665485794101145,0.1381153271435054,0.0
2246,0.008198209266121803,0.028054741571341527,0.0
2247,-0.039361478738229205,-0.17184886206013855,0.0
2248,-0.008956715936927456,-0.03873327283330371,0.0
2249,-0.02545874505959661,-0.10225929265604639,0.0
2250,0.007437107018714195,0.028812227544265698,0.0
2251,0.011056679468182673,0.04226730632140718,0.0
2252,-0.02610468605597349,-0.11532149189154034,0.0
2253,-0.0001327022603618555,-0.0005366726296959692,0.0
2254,-0.02902006002747018,-0.12013196686789267,0.0
2255,-0.034220976861517816,-0.1475160851627944,0.0
2256,0.009489323073428813,0.03463287312386657,0.0
2257,-0.02782768858178164,-0.109366322478915,0.0
2258,-0.0014979431829478806,-0.005746208275570558,0.0
2259,-0.005917700922312585,-0.022377353770783377,0.0
2260,0.028509493749751924,0.09699714005861823,0.0
2261,-0.003002168113179382,-0.011736382786638466,0.0
2262,0.04556340492855088,0.14477839317533622,0.0
2263,-0.004653564518436931,-0.019446313032344367,0.0
2264,-0.02271914132379249,-0.09513108614232212,0.0
2265,0.013563684212434146,0.04709996248920615,0.0
2266,0.0037298943573690346,0.014358366472927556,0.0
2267,-0.021821143669834953,-0.0893261640627873,0.0
2268,0.07727956254272042,0.24287862513426417,0.0
2269,0.035134350977315654,0.11493041221914244,0.0
2270,0.0441742382579392,0.15077956506110712,0.0
2271,-0.024380620927207636,-0.10835119576322763,0.0
2272,-0.023851048711680894,-0.09948358769753542,0.0
2273,0.007741848150539354,0.03132836220917643,0.0
2274,-0.03198539563988881,-0.1328926388871056,0.0
2275,-0.030170281470742355,-0.1210743404519009,0.0
2276,0.03697807049109253,0.12543541558743151,0.0
2277,-0.0016186075696643099,-0.006378554568955869,0.0
2278,0.009188684783022705,0.03471046751751926,0.0
2279,-0.002131686484161399,-0.008581854165378324,0.0
2280,0.040829239615533086,0.13266412872050107,0.0
2281,0.07265051255583713,0.22674682609700741,0.0
2282,-0.026923067802116757,-0.10791141245801915,0.0
2283,-0.035908398263846536,-0.15456026474930915,0.0
2284,-0.00917863525482987,-0.035697072700522706,0.0
2285,-0.019742983863743152,-0.08009942056019245,0.0
2286,-0.03799238007090755,-0.17584173770786357,0.0
2287,-0.03241148813251807,-0.13365916745214113,0.0
2288,0.009457944449115685,0.03516202980097932,0.0
2289,-0.012270626719058708,-0.04675508160628991,0.0
2290,-0.03376817968658205,-0.14590877640694783,0.0
2291,0.039297767977679754,0.13412765761372486,0.0
2292,-0.04412021766417171,-0.19934047336590868,0.0
2293,0.016371209464937586,0.05997963511795767,0.0
2294,0.027082224082919826,0.09747278507014447,0.0
2295,-0.04370101261162057,-0.1872277797176163,0.0
2296,-0.027589469658301308,-0.11186873054306459,0.0
2297,0.0038527875097670305,0.013943820737198197,0.0
2298,-0.03513697570556107,-0.14689091981422206,0.0
2299,0.021079420035750696,0.07470329798536916,0.0
2300,0.0007440599796144642,0.0027843858878397777,0.0
2301,-0.014883151261334243,-0.06040182365297152,0.0
2302,-0.021808495932430644,-0.09451253529870317,0.0
2303,-0.01696944685513979,-0.07095940609885332,0.0
2304,-0.010355090311986892,-0.04050419493396503,0.0
2305,-0.02123579292860009,-0.09188871301059663,0.0
2306,-0.027201117329037072,-0.11430070537877225,0.0
2307,0.007141705254912811,0.027097902097902134,0.0
2308,0.011671439307490317,0.0435837135601964,0.0
2309,-0.0465289385204426,-0.19934400607151304,0.0
2310,0.09313037748615577,0.287917152932552,0.0
2311,0.04075455523052507,0.1369702024414283,0.0
2312,-0.026006351881936174,-0.10706217408290246,0.0
2313,0.0008680611609511169,0.003317878109409003,0.0
2314,-0.026739715097363503,-0.10950549992253626,0.0
2315,0.03077232772727939,0.10804279746189376,0.0
2316,-0.02179448934908451,-0.09219095802152723,0.0
2317,0.048704579919014335,0.15538853769083968,0.0
2318,-0.023086943820200018,-0.1031907198718175,0.0
2319,-0.009319178139855111,-0.03451237207748589,0.0
2320,-0.031109627323055666,-0.13093226645188963,0.0
2321,-0.0421515325000672,-0.18255217606906426,0.0
2322,-0.032677897669170286,-0.14078213775711726,0.0
2323,-0.05183437553224085,-0.24163656794123103,0.0
2324,0.03668730559477018,0.12195026968086145,0.0
2325,0.0008851773300341814,0.0034984574189417766,0.0
2326,-0.00529020649367451,-0.020409376188664726,0.0
2327,0.03717115248311087,0.12632776691970873,0.0
2328,-0.018276409580757408,-0.08224384311340834,0.0
2329,-0.031721820999478206,-0.13092391428115976,0.0
2330,-0.0690606489575562,-0.3136018025484867,0.0
2331,-0.046989476948413655,-0.21405628483228542,0.0
2332,0.0020931677379272817,0.007503304159598754,0.0
2333,0.033015225066195975,0.11174383868558636,0.0
2334,0.03477594428834435,0.1299154841808717,0.0
2335,0.0311800080181745,0.11260617760617751,0.0
2336,-0.029787573537573525,-0.12316699559390486,0.0
2337,0.004167594758139326,0.01566424345593557,0.0
2338,-0.0021946923099136484,-0.008379734274215747,0.0
2339,-0.044921279120458346,-0.19888766583627834,0.0
2340,0.01868540393320453,0.06968054061033872,0.0
2341,-0.028094884163805428,-0.12186200069545215,0.0
2342,0.008515762409917416,0.03182511890395758,0.0
2343,0.023585899867881954,0.08564175315463303,0.0
2344,0.0028034673176495772,0.010345980724599886,0.0
2345,-0.04962181461045759,-0.2014130729825413,0.0
2346,-0.04755738867293288,-0.20094753760693684,0.0
2347,0.009733545804921445,0.038399122807017586,0.0
2348,-0.00888425212832733,-0.034957371660334226,0.0
2349,-0.04435619637232541,-0.1981393543535348,0.0
2350,-0.011692366651333774,-0.043801205755658754,0.0
2351,0.03312378170740066,0.11589880377038525,0.0
2352,0.008712440199960592,0.03443635912961885,0.0
2353,-0.01779313290318643,-0.07698907698907693,0.0
2354,-0.029899731806879798,-0.1254826615806057,0.0
2355,0.06505976998169938,0.2040284357472067,0.0
2356,-0.019991395508104,-0.08344021870579514,0.0
2357,-0.033508609204173284,-0.14748002969232996,0.0
2358,0.02024314848503128,0.07488641857861246,0.0
2359,0.052519148737168786,0.17007961748988565,0.0
2360,0.0028204541850804232,0.010574344954766404,0.0
2361,0.029244435527874507,0.1076872063706558,0.0
2362,0.0037242650270610245,0.01410781189058878,0.0
2363,-0.035432844964413845,-0.15352776474099908,0.0
2364,-0.03998853155791346,-0.17111843707269567,0.0
2365,-0.022089116723680052,-0.09241199628095279,0.0
2366,0.04435827101633849,0.1479518947129567,0.0
2367,0.03819122106057432,0.13055409996024717,0.0
2368,0.008122970116059447,0.03053618217201743,0.0
2369,-0.02145615805165335,-0.08763388068840365,0.0
2370,0.07645644068070198,0.23885229142885966,0.0
2371,-0.044346097238619764,-0.1970674160710857,0.0
2372,-0.023851355207301028,-0.10025301546609945,0.0
2373,-0.029395844595946602,-0.1269234373810207,0.0
2374,-0.04135253971184846,-0.18267590996419655,0.0
2375,0.09119009205469306,0.2824384678275513,0.0
2376,-0.018061701397147856,-0.07100687185423345,0.0
2377,-0.049470218263116233,-0.20837455571433808,0.0
2378,-0.06600685376878626,-0.2967801830211757,0.0
2379,0.0071658532657194185,0.028820329557747444,0.0
2380,-0.046221011322451405,-0.22173246264964883,0.0
2381,0.0014235141119344208,0.005685643243766439,0.0
2382,0.08436552645866946,0.26408640799403293,0.0
2383,-0.02837551373566946,-0.1179464125157345,0.0
2384,-0.008554983567260921,-0.035475900568930366,0.0
2385,-0.012467707243533244,-0.0463417183991875,0.0
2386,0.04677197581108733,0.1557478216927246,0.0
2387,0.036074917088285835,0.12651353559793274,0.0
2388,0.03607568733930949,0.13108296106071396,0.0
2389,-0.03935591792140827,-0.1703457770705649,0.0
2390,-0.027632541103267988,-0.11462510725126708,0.0
2391,-0.030407558152885233,-0.13096286681192332,0.0
2392,-0.001284442946523301,-0.004528992238644327,0.0
2393,-0.04238499232457896,-0.18531752156440423,0.0
2394,0.021627303632134554,0.07672167565852112,0.0
2395,-0.044478263767360776,-0.20139897009653712,0.0
2396,0.026077173387002883,0.09149442662558109,0.0
2397,0.016205096945115238,0.06028222571079716,0.0
2398,-0.012699362893915406,-0.052903455646597715,0.0
2399,-0.005363910153227569,-0.020703745922557186,0.0
2400,0.031080418368759133,0.10421832278477139,0.0
2401,-0.022599451113169466,-0.08957552395442875,0.0
2402,-0.013965260222780967,-0.05771607545705718,0.0
2403,-0.04952080516619886,-0.2181795271860974,0.0
2404,0.08790891425720204,0.2578066775125879,0.0
2405,-0.018213861417298083,-0.07103405952746253,0.0
2406,-0.047527605033409664,-0.2131671496129771,0.0
2407,-0.0021616033235006826,-0.008272802843027303,0.0
2408,0.03077377944773571,0.11036341482542733,0.0
2409,-0.023497214885280338,-0.10033631040232471,0.0
2410,0.02418909372342387,0.08836478400946804,0.0
2411,0.007321715768679293,0.02701432149865983,0.0
2412,0.04073849479320901,0.14059802061536228,0.0
2413,0.03862486927624503,0.1389228904788223,0.0
2414,-0.004512187162118042,-0.01732762284630718,0.0
2415,0.0012572560517765674,0.004714010162952899,0.0
2416,-0.026827482191923435,-0.11005982563122821,0.0
2417,-0.03950708849293849,-0.1681596196098204,0.0
2418,-0.04023489322830198,-0.1701236246283638,0.0
2419,0.047155015891250096,0.15492436879245886,0.0
2420,0.0015004769223206926,0.005555062364064191,0.0
2421,0.013820718732244552,0.052194446161996186,0.0
2422,0.026271693894649284,0.09166328234775444,0.0
2423,-0.04087068981559017,-0.173976585025823,0.0
2424,0.04469179528403147,0.16273535611701967,0.0
2425,0.0050597649309455095,0.01890474598469956,0.0
2426,0.06271012109794588,0.2069697484135987,0.0
2427,-0.03562570022549033,-0.15638768919497292,0.0
2428,-0.02247011557580525,-0.09194022289766982,0.0
2429,0.027316919675310802,0.10105137988658257,0.0
2430,-0.032641358056266834,-0.13744571848202553,0.0
2431,-0.026886769382987813,-0.11545097707418636,0.0
2432,-0.014362580325851804,-0.05500178072154003,0.0
2433,0.02744100933610616,0.09709452621337877,0.0
2434,0.007057942123732508,0.02567872969574803,0.0
2435,0.005122929256790809,0.018647686692935473,0.0
2436,-0.027811075536436303,-0.11871176784812586,0.0
2437,-0.018200575919535472,-0.07364034672520432,0.0
2438,0.018155038218168024,0.07035616354617846,0.0
2439,-0.028360088675620676,-0.12246884735202487,0.0
2440,0.010939227550386954,0.04165369125272484,0.0
2441,-0.004489539373260298,-0.016891891891891872,0.0
2442,-0.010464889778913217,-0.04195934352355669,0.0
2443,0.0013724100920529114,0.005101341063816377,0.0
2444,-0.014211300910282915,-0.057060275715443275,0.0
2445,0.03797783155752904,0.12934072876073113,0.0
2446,-0.019833519689213763,-0.07668508126411759,0.0
2447,0.0010870076647655769,0.004467930898448571,0.0
2448,-0.030857245661053606,-0.12763509695024466,0.0
2449,-0.011908344810901805,-0.04734560566359693,0.0
2450,-0.03689057077332547,-0.1593064722908025,0.0
2451,-0.01361480079977384,-0.052701459947482425,0.0
2452,-0.0006154903614833951,-0.002357418088696243,0.0
2453,0.017988206780000904,0.06450057002543182,0.0
2454,0.00952550182902906,0.03666108267454256,0.0
2455,0.03561713257810406,0.12075441275955322,0.0
2456,-0.049163416702327906,-0.2176148134653429,0.0
2457,0.014143042115557114,0.055310582545817256,0.0
2458,0.027215541388969394,0.10358153812219695,0.0
2459,-0.044534332234243246,-0.1991440894248236,0.0
2460,0.004827199378694413,0.017861742323452785,0.0
2461,-0.024738840741414136,-0.10038992296131251,0.0
2462,-0.0038274735465284593,-0.014567650484333786,0.0
2463,0.042149640910759484,0.14453851492019426,0.0
2464,-0.0015819699191548242,-0.006182674708194458,0.0
2465,-0.007218790783440898,-0.027911530640423704,0.0
2466,-0.010150997533790174,-0.0380404913216669,0.0
2467,0.021659519603071387,0.07727373165320188,0.0
2468,0.017706295623352797,0.06144573290099818,0.0
2469,0.035490524536011425,0.11670639292443592,0.0
2470,-0.006649391207924904,-0.025634549553310494,0.0
2471,0.003905158302391465,0.014355032516670956,0.0
2472,0.008469648570869182,0.031505591970708284,0.0
2473,-0.04059799703438757,-0.17786518700726026,0.0
2474,-0.010781753088262291,-0.042081207203610325,0.0
2475,-0.0013643953745689497,-0.005108765486225365,0.0
2476,0.03801619239222448,0.139538194119336,0.0
2477,-0.045957144258115146,-0.21847319347319355,0.0
2478,-0.000642702830643771,-0.0023478759828567176,0.0
2479,0.007479594328514472,0.028924525146695138,0.0
2480,-0.03215575357556397,-0.14876827448933103,0.0
2481,-0.04870824498012008,-0.2164394578219182,0.0
2482,0.07341390170997547,0.22612602549599312,0.0
2483,-0.039305853117902356,-0.1685860226161147,0.0
2484,0.008154700652253821,0.030856125562453027,0.0
2485,0.00280598967117901,0.011193273499976538,0.0
2486,-0.011180300534684079,-0.04948634295186503,0.0
2487,-0.049905007807318075,-0.22476952858480234,0.0
2488,0.001599743470980186,0.006296010656944665,0.0
2489,-0.0056028309609209015,-0.021446640291689245,0.0
2490,-0.007621486308660164,-0.030068080669445937,0.0
2491,0.06040341369971891,0.18397154001114388,0.0
2492,0.0658889606839306,0.21321062434257293,0.0
2493,0.008612779604791176,0.0314672373976141,0.0
2494,-0.008123242399832642,-0.030686775451135167,0.0
2495,-0.019123177306071604,-0.07124279616010577,0.0
2496,-0.02280761914510665,-0.10312750465349664,0.0
2497,0.0353458091036144,0.12523286126242442,0.0
2498,0.02025270813180302,0.07227522236735713,0.0
2499,-0.012389727350191698,-0.04989416084671316,0.0
2500,-0.01842569737344546,-0.07700424616602146,0.0
2501,-0.01903838984647155,-0.07998947724123213,0.0
2502,0.021072409469504727,0.08111264328190984,0.0
2503,-0.04510980960594316,-0.19865666153386505,0.0
2504,0.011155561750766652,0.04223709348842608,0.0
2505,0.026089441017481674,0.08824848344166877,0.0
2506,-0.065371675273801,-0.28843818125194653,0.0
2507,0.003218706143498007,0.012460722029214506,0.0
2508,-0.022540941252661095,-0.09511177650513096,0.0
2509,-0.004366461385998444,-0.017005691537680077,0.0
2510,0.053521566294875256,0.17050141404153288,0.0
2511,0.022966737414543748,0.08425423490486598,0.0
2512,0.054076856125700457,0.1760867518509847,0.0
2513,0.05827008779968201,0.18346423683464239,0.0
2514,0.010629587350488467,0.03780802796874385,0.0
2515,2.061484718773876e-05,7.652972484077402e-05,0.0
2516,0.034453763919090885,0.11660717158330969,0.0
2517,0.02214478125281716,0.07324114127468626,0.0
2518,-0.029143464899497373,-0.12003748867968246,0.0
2519,-0.04058990927386266,-0.17770582200564256,0.0
2520,0.003815193246541587,0.015044492189877141,0.0
2521,-0.03000877462746518,-0.12661721181258304,0.0
2522,0.020359355277981078,0.07575942313995404,0.0
2523,0.014963987450841765,0.0509784735812133,0.0
2524,0.050835358868028035,0.17541702837387405,0.0
2525,0.018833603839948254,0.066527483158017,0.0
2526,0.02903901623798144,0.10155957110589904,0.0
2527,-0.01737983645823013,-0.07127852440125357,0.0
2528,-0.0021142154575730654,-0.00832286225903763,0.0
2529,-0.0032253531238495836,-0.012748756218905453,0.0
2530,0.007378610214842207,0.02679040848515325,0.0
2531,-0.02818603242152884,-0.11689822216236992,0.0
2532,-0.011054048150482165,-0.04143092062700402,0.0
2533,-0.06815173805227778,-0.3267329872644422,0.0
2534,-0.018961038961038956,-0.07392405063291137,0.0
2535,-0.032490998660265696,-0.13828038576614962,0.0
2536,0.02695449446381526,0.0967313731478603,0.0
2537,0.026139702620276595,0.09668189116472839,0.0
2538,0.029118742236166312,0.1053634399207634,0.0
2539,0.010438900119070726,0.03752545794437189,0.0
2540,-0.04703669130682017,-0.21259623312239664,0.0
2541,-0.022363169589510512,-0.08885319945296193,0.0
2542,-0.040674067974672795,-0.16960691451574725,0.0
2543,-0.030531180087363913,-0.1343063528085554,0.0
2544,0.015667404283745995,0.061673103788314615,0.0
2545,0.012144179877050465,0.044393724217217816,0.0
2546,-0.005321590519615921,-0.021623828794341767,0.0
2547,0.0007572975950064231,0.0028049298767530723,0.0
2548,-0.07110688848818578,-0.32764576669621187,0.0
2549,-0.01794073421632464,-0.06963783850710065,0.0
2550,0.04999673298703,0.15716046213093723,0.0
2551,0.03709195096738244,0.1286272090568996,0.0
2552,-0.002370871762939708,-0.009520982590588778,0.0
2553,-0.046547540548704525,-0.2141312161446461,0.0
2554,-0.02395241120634886,-0.09789736971263904,0.0
2555,0.026989938812885833,0.09799742296244965,0.0
2556,-0.03793101609695493,-0.16185470843855923,0.0
2557,-0.05211933018974124,-0.22616978946308056,0.0
2558,0.007813875777652662,0.031246031746031678,0.0
2559,-0.06856941879049469,-0.30473385364608807,0.0
2560,-0.02333939305186844,-0.08970329009535265,0.0
2561,0.0068047989330681236,0.02666635663137807,0.0
2562,-0.0013351924379327307,-0.005178650165910912,0.0
2563,-0.01440954190452387,-0.05629349838506963,0.0
2564,-0.013432854539473238,-0.05361880740127461,0.0
2565,-0.02268170258764557,-0.08997593206857118,0.0
2566,0.032650321742559885,0.10955767242941244,0.0
2567,0.002444442193317742,0.00904580172543951,0.0
2568,-0.016775417287619276,-0.06489126122552022,0.0
2569,0.04322849648146804,0.15070918445451698,0.0
2570,0.009844037809353723,0.035323328983616176,0.0
2571,-0.007403461858909166,-0.02894392861313676,0.0
2572,-0.019003797028374347,-0.07515935891706944,0.0
2573,0.011715720586091938,0.04215112515213512,0.0
2574,-0.02667744430585267,-0.12043159583503725,0.0
2575,-0.02058356065466349,-0.08179642986995729,0.0
2576,-0.02518164676259893,-0.10550830542455138,0.0
2577,0.008457229599117683,0.03314720245915868,0.0
2578,0.014389142383574083,0.05102156387853192,0.0
2579,0.022002326791257687,0.07639760799980155,0.0
2580,0.026289510415443806,0.08965187144788936,0.0
2581,0.022034166541469086,0.08535014393346574,0.0
2582,0.025230250814562205,0.09005383829945242,0.0
2583,-0.03767394236348215,-0.15259938816324672,0.0
2584,-0.004752630232787269,-0.017972221082995104,0.0
2585,-0.049117861239675376,-0.22372266476413638,0.0
2586,0.005619244260768985,0.020697346539665373,0.0
2587,7.794555420120863e-05,0.00030349013657066337,0.0
2588,0.11774932338979771,0.3180264620326203,0.0
2589,-0.033951573541016355,-0.14092565084998465,0.0
2590,0.053626867957952074,0.17916123548465143,0.0
2591,-0.01621319353621742,-0.06435212921382258,0.0
2592,-0.03355153774063416,-0.14278418894912195,0.0
2593,0.018432477024494742,0.06337371555591484,0.0
2594,-0.043222263888144874,-0.19690787065283719,0.0
2595,0.012473073106874899,0.046350215313171586,0.0
2596,-0.008543131363225265,-0.03234115863843544,0.0
2597,0.05346728873849427,0.17386253770330834,0.0
2598,-0.051208892422196534,-0.23001599322377703,0.0
2599,-0.019570463072661304,-0.09097983450377115,0.0
2600,0.04878474036748465,0.16222821952254737,0.0
2601,-0.009802030681918927,-0.039114991794830876,0.0
2602,-0.001755556981177242,-0.006656817874328185,0.0
2603,-0.0183298341730595,-0.07178283347348094,0.0
2604,-0.05218834713723944,-0.2239366482324619,0.0
2605,-0.03128109562664588,-0.1315192862923264,0.0
2606,-0.039882970470496965,-0.16848219091482441,0.0
2607,0.06232719207268517,0.20485340210529,0.0
2608,0.02581459914817702,0.08714092240834576,0.0
2609,-0.02555445742507151,-0.10813437895633707,0.0
2610,-0.005936222781698752,-0.023385736095482185,0.0
2611,-0.04520195878374411,-0.19733267182601857,0.0
2612,-0.020562172992628552,-0.0828137218138003,0.0
2613,0.0021415401660366817,0.00835932168462375,0.0
2614,0.012966769046024562,0.04594926350245512,0.0
2615,-0.009563190002017163,-0.0371627136741137,0.0
2616,0.045760170919248,0.1619701824411519,0.0
2617,-0.028407357724482163,-0.11000637060123962,0.0
2618,0.0732328983918043,0.2368767824525028,0.0
2619,-0.03131306164733327,-0.14132517450937385,0.0
2620,0.034230840576006255,0.1225530417177576,0.0
2621,0.019792152727017676,0.06937826185613782,0.0
2622,0.00047971638458377264,0.0019583101745523778,0.0
2623,0.003374233128834392,0.012643678160919675,0.0
2624,-0.015531921722390929,-0.06241498255148077,0.0
2625,-0.013605100666632619,-0.05817118229893546,0.0
2626,0.013051752606896477,0.050590788726264616,0.0
2627,0.025569794307219507,0.09385410675437943,0.0
2628,0.002551993694450083,0.00961793523341153,0.0
2629,-0.03562588605969,-0.1573673245153194,0.0
2630,-0.015755667736933987,-0.06469795713748588,0.0
2631,-0.018515248288401287,-0.08014592769339944,0.0
2632,0.07597530835229988,0.22741699954640573,0.0
2633,-0.01216746631753457,-0.04547904983757481,0.0
2634,0.025107187594415076,0.09609687646172248,0.0
2635,-0.032441828322963245,-0.13969767781510148,0.0
2636,-0.029163845602479976,-0.11611216759078173,0.0
2637,-0.04456008973336684,-0.19011565059341817,0.0
2638,0.0243769142419602,0.0900763574760654,0.0
2639,0.0024862331967087647,0.008877473968682928,0.0
2640,0.03541690491340527,0.12279096562124067,0.0
2641,-0.026772910580396936,-0.10829528471706125,0.0
2642,-0.018887891590611383,-0.08274925395068362,0.0
2643,-0.017079466392348974,-0.06722975394485489,0.0
2644,0.004817028146826663,0.018816158640039066,0.0
2645,-0.04719879042059602,-0.2133483786026159,0.0
2646,0.02542084803797412,0.09505804808830814,0.0
2647,0.03056216351571306,0.11094950229535029,0.0
2648,0.04185237655598356,0.13701146430432512,0.0
2649,-0.02091214578063319,-0.08920093944642296,0.0
2650,-0.00557190339631905,-0.022388675920155022,0.0
2651,-0.01661632914652314,-0.07409636037265882,0.0
2652,-0.06331728152446359,-0.29312323628210935,0.0
2653,0.01807948114754171,0.06249461242332071,0.0
2654,-0.0576045250351363,-0.2583249555332149,0.0
2655,0.02365112109397266,0.08403196335706181,0.0
2656,-0.01865351049050687,-0.07880108466985879,0.0
2657,0.013226435262158415,0.05081091835393343,0.0
2658,0.03791865947788914,0.1233594982210323,0.0
2659,0.01286950303439316,0.04561083168937427,0.0
2660,-0.04107324833827122,-0.1833704363312556,0.0
2661,-0.049692223070832486,-0.21529124353106266,0.0
2662,-0.03737502671346524,-0.16436297369457833,0.0
2663,0.014927950355343778,0.05514304531486294,0.0
2664,-0.02404486993520938,-0.09537706175680867,0.0
2665,0.027748105757624264,0.0948973679236838,0.0
2666,0.01768199305270235,0.0663582842724979,0.0
2667,-0.021000192885115676,-0.0931145807402776,0.0
2668,-0.0003024375429852566,-0.0012032847612833842,0.0
2669,-0.009426831723027385,-0.03714838133954691,0.0
2670,0.010526138264964235,0.040254067565787886,0.0
2671,0.033566899784167104,0.11523922919532527,0.0
2672,0.05364568781707224,0.17816073009187183,0.0
2673,-0.00848193425073518,-0.03431736649149039,0.0
2674,-0.014310519949593925,-0.05654642952304822,0.0
2675,0.11079466649854999,0.3183279597159832,0.0
2676,0.04597920458524993,0.16310834516446893,0.0
2677,0.042010294916285607,0.14058631887960307,0.0
2678,-0.012976447113655143,-0.05067487975698243,0.0
2679,0.0166829884962989,0.06290798808267316,0.0
2680,0.007584637951390083,0.028607829051551858,0.0
2681,0.03496793052032085,0.12356080241365772,0.0
2682,0.04176926605717146,0.14206843291462437,0.0
2683,0.009635678111683754,0.03765343841539972,0.0
2684,-0.03724451479932278,-0.15878903625429128,0.0
2685,0.03528522114421087,0.12463777446485176,0.0
2686,-0.04129601614245282,-0.18480775892471052,0.0
2687,-0.022548290396015053,-0.09723950233281492,0.0
2688,-0.027074416375710286,-0.11308930107428493,0.0
2689,0.009383829752679262,0.03728477986683484,0.0
2690,-0.026783244437809606,-0.10822680920435784,0.0
2691,-0.03841461132527413,-0.17356601731601723,0.0
2692,-0.03502377658001471,-0.14904855296457387,0.0
2693,0.026613000120149,0.09166386467682285,0.0
2694,0.02213175772103909,0.07765071740026241,0.0
2695,0.006256883789733547,0.02190572131892942,0.0
2696,0.053377097864525325,0.18571137244239003,0.0
2697,0.019707052341920217,0.07464322858945287,0.0
2698,-0.056782887506046514,-0.25193747639602854,0.0
2699,0.021845057850492622,0.07794609740364453,0.0
2700,-0.024265745600062616,-0.09592415679447135,0.0
2701,-0.0017253119972095998,-0.006855425614778561,0.0
2702,0.061395523474556124,0.20271986641028233,0.0
2703,-0.02125940132370638,-0.08778416149068323,0.0
2704,-0.036231874077491816,-0.16270616856341738,0.0
2705,0.015223644620889987,0.05590809185068709,0.0
2706,0.03485790222117047,0.11958769032698009,0.0
2707,0.011426780456245789,0.04060258588381846,0.0
2708,-0.037691367530640396,-0.16694659705730952,0.0
2709,-0.048409687028231396,-0.21076452500541615,0.0
2710,-0.02311470769993418,-0.10098925864137909,0.0
2711,-0.024851788934034835,-0.10289355778084207,0.0
2712,-0.027262762653510936,-0.1103977653957232,0.0
2713,0.007156947011241421,0.024989548802299116,0.0
2714,-0.0193639074901944,-0.07597628925172056,0.0
2715,0.05653266331658291,0.1867219917012448,0.0
2716,-0.0352392521055403,-0.15224249042558105,0.0
2717,-0.017077298892123366,-0.07055729409414739,0.0
2718,-0.022671863185826258,-0.09060599694742782,0.0
2719,0.04146175857913062,0.14727145544612955,0.0
2720,0.02515845857762078,0.08816075885533359,0.0
2721,0.008194233687405184,0.031877213695395604,0.0
2722,-0.011439087136726867,-0.04496513384460162,0.0
2723,0.06350381986417444,0.20745010525609117,0.0
2724,-0.0608458512160229,-0.26124846437346444,0.0
2725,0.025847683387860032,0.09248937984734822,0.0
2726,-0.009524886877828043,-0.036675668612248406,0.0
2727,-0.005314166879785809,-0.022334318597426798,0.0
2728,-0.06296495407413322,-0.2849374055034775,0.0
2729,0.00411239077233394,0.0167287071902457,0.0
2730,-0.040134201783528556,-0.16816279431831696,0.0
2731,0.04610726672029672,0.15880838029282743,0.0
2732,-0.04561639188571606,-0.2047998269466499,0.0
2733,0.020635898511401518,0.07119384986433523,0.0
2734,-0.06753938514123523,-0.3000714714995156,0.0
2735,0.010804048069358946,0.04234086430885346,0.0
2736,0.014756132242385034,0.054612396405371855,0.0
2737,0.027566755325247994,0.09655912763432976,0.0
2738,-0.026500277448114562,-0.11310166260152243,0.0
2739,0.01779924953095685,0.06370876759428389,0.0
2740,-0.004672601811405885,-0.01799139891940632,0.0
2741,-0.042900115786663834,-0.1811105984367562,0.0
2742,0.011478269543065855,0.0465445233182756,0.0
2743,0.011618529020832241,0.044902197451098726,0.0
2744,-0.04226594569899908,-0.18260581295737777,0.0
2745,-0.006364966627701613,-0.025719973320111566,0.0
2746,0.03958516444208243,0.12934870634595952,0.0
2747,-0.039105886720658234,-0.17264187974740203,0.0
2748,-0.026974060343150807,-0.11783221171949665,0.0
2749,-0.03413698457140091,-0.14616457662218119,0.0
2750,0.00017029559749326406,0.0006504669739868283,0.0
2751,-0.012837351683590403,-0.05019464495908537,0.0
2752,0.008458005385155287,0.03147674833866697,0.0
2753,-0.01781924974649221,-0.071802330641231,0.0
2754,-0.03809584910502342,-0.1642524549352266,0.0
2755,0.026676188447462112,0.091469190094959,0.0
2756,0.007395733586913367,0.028764896095376368,0.0
2757,0.029214553139308902,0.10620539207549864,0.0
2758,0.018437679076951874,0.06827541003523686,0.0
2759,0.044386980225660344,0.1577400502481936,0.0
2760,0.006632203620485555,0.02569388148458893,0.0
2761,-0.010566223866714408,-0.039004596661137196,0.0
2762,-0.002427338633725351,-0.009349953598245031,0.0
2763,-0.015135191566668149,-0.06254663502852018,0.0
2764,-0.013725994188518442,-0.0534917068317869,0.0
2765,-0.009235495786957704,-0.036220957070318624,0.0
2766,-0.010158977875513286,-0.040505971087366345,0.0
2767,0.03998170365460718,0.1397707491396598,0.0
2768,-0.02052728975805901,-0.08565708565708574,0.0
2769,-0.013792114220773144,-0.055363628310745025,0.0
2770,-0.027286057787062945,-0.11220131032820878,0.0
2771,-0.001031748746925354,-0.004114828139270691,0.0
2772,0.04235767988233005,0.1527043832020375,0.0
2773,-0.026821023589253923,-0.10663817521094421,0.0
2774,-0.012208208208208227,-0.04714268043787502,0.0
2775,0.004268482770197368,0.016699502767614265,0.0
2776,-0.016974772768147434,-0.0694330776723272,0.0
2777,0.043246554535213255,0.14551762405090557,0.0
2778,-0.016458616569851287,-0.06638969671790615,0.0
2779,0.012165356846207925,0.04802623281624423,0.0
2780,0.035700867501231304,0.12425413038259234,0.0
2781,0.09735271203383863,0.2847751207126208,0.0
2782,-0.02804344552307944,-0.11909766008126665,0.0
2783,0.008558451008481682,0.031577733031294485,0.0
2784,-0.012284054195117966,-0.04953970761169837,0.0
2785,-0.03167727794593464,-0.1405906195715112,0.0
2786,-0.013733847641065555,-0.05459885520783005,0.0
2787,-0.013067548078252916,-0.05292585691903836,0.0
2788,0.005543377728203985,0.021724394661688306,0.0
2789,-0.01862321785363541,-0.07522913816689467,0.0
2790,-0.040429899988203066,-0.17577145543651698,0.0
2791,-0.025925886278078097,-0.10909407592260585,0.0
2792,-0.012324099420256668,-0.05330253443774196,0.0
2793,-0.04144207393189708,-0.16932470731649965,0.0
2794,-0.030313209199413077,-0.1251466103682852,0.0
2795,-0.030451309035505997,-0.13052164278240838,0.0
2796,0.04498825319521127,0.15971309503204,0.0
2797,-0.04878297322054714,-0.21634453913222598,0.0
2798,-0.009758274425021696,-0.03829922042252933,0.0
2799,0.045806209766010464,0.15687189411497726,0.0
2800,0.006199853024182855,0.0221320334700481,0.0
2801,-0.005960144096437137,-0.024781264973102374,0.0
2802,-0.028804507620041025,-0.11552518755194179,0.0
2803,-0.048266893868980004,-0.21321483207167863,0.0
2804,0.02516185894189757,0.09351871201361481,0.0
2805,-0.023857900149890976,-0.09450097328875255,0.0
2806,-0.027971408582250307,-0.11333356606737653,0.0
2807,-0.02431201022306581,-0.10199481635508961,0.0
2808,0.008609360936093602,0.032211894658853615,0.0
2809,0.009551983617167192,0.0370124996958825,0.0
2810,0.0027092762057459585,0.01061472492632723,0.0
2811,0.01721943525306152,0.0624951731860833,0.0
2812,-0.018997048934728922,-0.07495119074480155,0.0
2813,-0.02748510657583489,-0.11739285569827985,0.0
2814,0.04590489835129746,0.16086760230094416,0.0
2815,0.03544100022990865,0.11919406353042322,0.0
2816,0.007544409219976733,0.028799582941460313,0.0
2817,0.0011100651940517126,0.004643704458757533,0.0
2818,0.003581925942441,0.013860311298033856,0.0
2819,-0.016781462641335232,-0.07120782796458464,0.0
2820,-0.03242375771530007,-0.14054312823806647,0.0
2821,-0.026456725248113322,-0.11040718151361577,0.0
2822,0.0018953983192849244,0.007358862138237552,0.0
2823,0.008395455655932083,0.03116279302795129,0.0
2824,-0.029055380389147456,-0.13057603398725473,0.0
2825,-0.0199104264958955,-0.08116759775459007,0.0
2826,-0.03362130700871063,-0.14231890787944135,0.0
2827,-0.04577664428689271,-0.20192130546523096,0.0
2828,0.017323805533429437,0.06156642967593095,0.0
2829,0.0186854122494354,0.0712730994185051,0.0
2830,-0.030076831701728868,-0.1387192251324333,0.0
2831,-0.05531283634795159,-0.25655437014101573,0.0
2832,-0.04803201157033277,-0.21373940763426913,0.0
2833,0.062105741957672184,0.2030921788553981,0.0
2834,-0.028229439272384083,-0.12003648525387667,0.0
2835,-0.03682321891591553,-0.14742029164607012,0.0
2836,0.0381423759930693,0.13367804444900833,0.0
2837,0.028361940346206038,0.0975853120621297,0.0
2838,0.0026656860013098416,0.0103686424980526,0.0
2839,-0.025898272813817486,-0.10408001530347333,0.0
2840,-0.024983272420529445,-0.09888727827846772,0.0
2841,0.00953814337389744,0.03773887089142071,0.0
2842,-0.0022118650535375983,-0.008665337673942643,0.0
2843,0.037144988331668405,0.12342230730161582,0.0
2844,0.029332276671334617,0.10551293846293401,0.0
2845,0.05583507081114136,0.18435787100142104,0.0
2846,-0.036115291499749236,-0.15770500501450968,0.0
2847,-0.0016105887562886667,-0.006352985805867238,0.0
2848,0.019512560252958416,0.07287070556711243,0.0
2849,-0.015856025649133132,-0.06485528780951842,0.0
2850,0.024701082920014134,0.09250188146133438,0.0
2851,-0.035573290690249726,-0.15923728280030205,0.0
2852,0.0066066219651270686,0.023704869847126154,0.0
2853,0.05079546479805119,0.17236452699255028,0.0
2854,-0.012301789132871277,-0.04784507032213455,0.0
2855,0.13247590285187263,0.3613522147221954,0.0
2856,-0.011888139113351542,-0.047639120573163586,0.0
2857,0.006163559831629584,0.02406103286384976,0.0
2858,-0.014185841189490345,-0.052602632735083116,0.0
2859,0.04538751397330448,0.14585608282838367,0.0
2860,-0.004584033280855604,-0.01776051250596338,0.0
2861,-0.02472492206125071,-0.10025654372397391,0.0
2862,-0.041926246657730315,-0.19027214842030646,0.0
2863,-0.01349513439168204,-0.05211587028544188,0.0
2864,-0.038836803057363645,-0.16559781824087771,0.0
2865,0.030146780775697823,0.10519772872358286,0.0
2866,-0.04691666411254483,-0.21802449793476714,0.0
2867,-0.00876002565161249,-0.034057857167253146,0.0
2868,0.0051873191408075,0.020158701496729617,0.0
2869,0.021706446586147177,0.07366625310173698,0.0
2870,0.03465337431322696,0.11781427570249747,0.0
2871,-0.020012215358758856,-0.08525203742831272,0.0
2872,0.02177047134692428,0.08438942426705277,0.0
2873,0.005228318905050711,0.019933703455148194,0.0
2874,-0.015004151260122944,-0.06265896172792722,0.0
2875,0.03359319945941025,0.11922651904207722,0.0
2876,-0.0024626924038052556,-0.00930195694152234,0.0
2877,-0.03003737389708011,-0.12791070524123058,0.0
2878,0.025746361764173553,0.09130753483708508,0.0
2879,0.0018095357299636738,0.0069949144787471796,0.0
2880,0.008774205711515493,0.03359583932021144,0.0
2881,-0.029075585577133578,-0.12201043272858507,0.0
2882,-0.024934614158643342,-0.1125943551033804,0.0
2883,-0.002192474117059029,-0.008131455923990935,0.0
2884,-0.023504320834995734,-0.10045642774563901,0.0
2885,-0.041226283395522784,-0.17255587411766687,0.0
2886,0.005730800430581134,0.02303781773093616,0.0
2887,-0.007470465764118306,-0.028797847214435807,0.0
2888,0.040519783679064114,0.1325728419357615,0.0
2889,-0.0028827094936845765,-0.01095815684764472,0.0
2890,0.02206363720994481,0.07651252732032364,0.0
2891,0.061446518091795965,0.2058654045623228,0.0
2892,0.021347219705937726,0.0832640398252432,0.0
2893,0.020102557953207367,0.07121738639206544,0.0
2894,0.029477960565919337,0.10054641895335589,0.0
2895,-0.018534350287529283,-0.07588051266525381,0.0
2896,-0.007980218775047454,-0.03187262710275906,0.0
2897,0.0027968942389199336,0.01016599420471566,0.0
2898,-0.03492437363378709,-0.15195397282926984,0.0
2899,-0.02561712239290842,-0.11177496314981686,0.0
2900,0.05559497316640097,0.18666503464394504,0.0
2901,0.00927841680272129,0.033307396117712225,0.0
2902,0.0007519672830333946,0.002887939542173654,0.0
2903,-0.03405081321277109,-0.14797546708449594,0.0
2904,-0.03224456234503506,-0.1372221362265409,0.0
2905,0.021730654071796168,0.08100704934541794,0.0
2906,0.00015904725739790404,0.0006151305077061794,0.0
2907,0.03745246171911654,0.13238186311431424,0.0
2908,0.06021419007185291,0.2030594351854316,0.0
2909,-0.007703557422708229,-0.030769803177437827,0.0
2910,0.004601552067882597,0.01649099492454749,0.0
2911,-0.01836500845139849,-0.07211625269939408,0.0
2912,-0.004678196024254511,-0.018364065356677967,0.0
2913,0.02330281706661147,0.08453135989599664,0.0
2914,-0.024119880147546763,-0.09858452831215478,0.0
2915,-0.02438438074460131,-0.09969853396654954,0.0
2916,-0.04957521724679334,-0.21649535408925735,0.0
2917,0.04165108506263876,0.14485171059243426,0.0
2918,-0.03362703643825399,-0.147145333191845,0.0
2919,-0.011825952578659399,-0.048756877480628596,0.0
2920,-0.025174334749182903,-0.10301602772363004,0.0
2921,-0.018617411900518688,-0.07444713561670532,0.0
2922,0.006532414058713548,0.025919685782966974,0.0
2923,-0.012267000757255009,-0.046410385989249854,0.0
2924,0.0874233896273181,0.2576818747684306,0.0
2925,-0.05758834825050199,-0.23637845133478555,0.0
2926,-0.013444160655787823,-0.060106453011486406,0.0
2927,-0.026254286110979325,-0.10874968150547822,0.0
2928,-0.028825078042826746,-0.12832666496272935,0.0
2929,-0.03813600909351886,-0.16293597801552862,0.0
2930,-0.02818045785156939,-0.11907939984427421,0.0
2931,0.005198367497572742,0.019693699756700433,0.0
2932,0.10736399097320515,0.29418892130877344,0.0
2933,0.014033231776122812,0.05130757210856653,0.0
2934,-0.01762035603905765,-0.07565334568738984,0.0
2935,0.03257910649255019,0.11361919076019952,0.0
2936,-0.0017092097028045816,-0.006087471924532242,0.0
2937,-0.026577425750291095,-0.10545236668663886,0.0
2938,-0.006692113986775827,-0.02672209026128269,0.0
2939,-0.03508968834552559,-0.14608260325406752,0.0
2940,0.02627006960222672,0.10143587568952282,0.0
2941,-0.03539292419350301,-0.1530210124309604,0.0
2942,-0.04002691109482734,-0.17692097886203506,0.0
2943,0.005790654182934896,0.02259237646050098,0.0
2944,0.04011443412014187,0.14167889149685273,0.0
2945,0.09168567617115139,0.28516266416358105,0.0
2946,-0.03621349683494876,-0.15765673874609007,0.0
2947,0.04459322438267921,0.1566579360921948,0.0
2948,-0.001657479141835505,-0.006239921475145431,0.0
2949,-0.040474407221323505,-0.1748432989573482,0.0
2950,-0.015133325971168593,-0.0609845269067505,0.0
2951,0.08957881265256915,0.27045745261001425,0.0
2952,-0.015452459728030471,-0.06250065475878677,0.0
2953,0.0034817121171885623,0.013540448304627067,0.0
2954,-0.03531315384646083,-0.15446169182463285,0.0
2955,0.012470821779864194,0.04444976942601262,0.0
2956,-0.050608422328105945,-0.22737966840079518,0.0
2957,-0.028965895470689812,-0.1242218999787792,0.0
2958,0.03352852582293531,0.11567160953983602,0.0
2959,0.029493809792049408,0.10578663711048882,0.0
2960,0.035416389227734296,0.12450309836912334,0.0
2961,-0.028087149637032766,-0.1172258006402759,0.0
2962,-0.013799958518364908,-0.05473818671561708,0.0
2963,-0.0358951401543095,-0.14504140934444829,0.0
2964,0.0010230831005548224,0.00386172900312398,0.0
2965,-0.02620948423113781,-0.10598151111859852,0.0
2966,-0.020219052266091164,-0.08169949981531927,0.0
2967,-0.03375426882801846,-0.13831419558831498,0.0
2968,-0.027692294394744826,-0.11777814539104872,0.0
2969,0.040780304457352756,0.1386022185762363,0.0
2970,0.006836841395190196,0.026863626802799214,0.0
2971,0.04797769575567984,0.16542791773421442,0.0
2972,-0.04021812148537518,-0.16605876438122064,0.0
2973,-0.016130005030079664,-0.07008280390633331,0.0
2974,-0.020009284188684584,-0.08513407925929607,0.0
2975,-0.007241023152895876,-0.02694146044597013,0.0
2976,-0.025131292174338044,-0.10950063018818719,0.0
2977,0.029307493231933768,0.10152626938912883,0.0
2978,-0.0025186914654015125,-0.009893158084549913,0.0
2979,-0.011654770826165561,-0.04433511365787728,0.0
2980,-0.032958764882238256,-0.13693052501994937,0.0
2981,-0.014674859917933741,-0.06263571235676788,0.0
2982,0.01871406269060849,0.06792975264283306,0.0
2983,-0.03886502003780021,-0.16592191867538333,0.0
2984,0.0006672732787382785,0.0025882352941177696,0.0
2985,-0.02886249268844468,-0.1165865605613189,0.0
2986,-0.03475092935588883,-0.15624128158818273,0.0
2987,-0.03972269757278654,-0.16766955495619423,0.0
2988,0.0016750049021393432,0.006565703177725445,0.0
2989,-0.053807413018647915,-0.23628472673406256,0.0
2990,0.028587216979564234,0.10216988671339253,0.0
2991,-0.024795130431820994,-0.10708575537328067,0.0
2992,0.015287820055590456,0.0599494631544079,0.0
2993,0.04263983710624031,0.14010232192050387,0.0
2994,-0.009096192083849541,-0.035216734579176574,0.0
2995,0.04364748396288365,0.14723151291397454,0.0
2996,0.016494977045435788,0.05863280050211673,0.0
2997,0.002862801717512631,0.0117149785270695,0.0
2998,-0.025061757204614343,-0.10245408970785562,0.0
2999,0.03817545729310434,0.13312467158621002,0.0
3000,-0.028816308851747602,-0.12080413662180321,0.0
3001,-0.025106769388588218,-0.10320675559380371,0.0
3002,0.06474360659504344,0.22149491851118808,0.0
3003,0.008125333943973745,0.02946549671990479,0.0
3004,-0.026793220754202235,-0.11124596170628387,0.0
3005,-0.02111161987658003,-0.0871748318868568,0.0
3006,0.021009447719577967,0.07799430308581719,0.0
3007,-0.004879144020687232,-0.019283965728274302,0.0
3008,0.01964302639036014,0.06773955424322725,0.0
3009,0.05924191063174117,0.19281845536609837,0.0
3010,0.00030464420099690637,0.001197265684422475,0.0
3011,-0.05071710044048472,-0.21968817713038427,0.0
3012,0.01449179895922531,0.05723651689778064,0.0
3013,0.001982580027176939,0.00784694057485452,0.0
3014,-0.02326893367355795,-0.09607459488127747,0.0
3015,0.03712995792558976,0.13296258676146946,0.0
3016,-0.0660883151525711,-0.30967347672689444,0.0
3017,-0.05310583125169635,-0.2311050811420685,0.0
3018,-0.019653908739001802,-0.077584835546619,0.0
3019,-0.044496659265342575,-0.19163591904460422,0.0
3020,-0.04279826101373979,-0.19506765238396054,0.0
3021,-0.026406696109570416,-0.1037255023183926,0.0
3022,0.05694293199966399,0.17817981034191585,0.0
3023,0.050334657366281566,0.17024649215449608,0.0
3024,-0.0007738291173524092,-0.003012955709551076,0.0
3025,-0.057822011121457434,-0.2711103661948225,0.0
3026,-0.010386071174239758,-0.04258918640297346,0.0
3027,-0.005526547620962191,-0.024725582213410282,0.0
3028,0.03730680785887619,0.12554282644625972,0.0
3029,-0.016921168901635558,-0.07378739225959113,0.0
3030,0.03414029134379076,0.11904133198799119,0.0
3031,-0.02147516958303214,-0.0821963931616619,0.0
3032,-0.017496495668542444,-0.07111136407032603,0.0
3033,-0.00715160895079639,-0.02879023883696771,0.0
3034,0.03313569116215334,0.1272318176330766,0.0
3035,-0.021116556194864106,-0.0847918656223191,0.0
3036,-0.01168215035789294,-0.04674262562167727,0.0
3037,0.05870795347375041,0.19017311608961307,0.0
3038,-0.02638528165316198,-0.10877586066147306,0.0
3039,0.00042199494554368,0.0016831514647199868,0.0
3040,0.018981072803603893,0.06921147278387274,0.0
3041,0.0010838262435164392,0.003970128097200607,0.0
3042,-0.0527948694059637,-0.24229698343266784,0.0
3043,-0.01721763085399447,-0.06887052341597788,0.0
3044,-0.052815290008827426,-0.23475693543847626,0.0
3045,-0.029631722882033806,-0.1251483012091823,0.0
3046,-0.03213277401946488,-0.14167632181309514,0.0
3047,-0.011957226800976828,-0.04720480521192276,0.0
3048,0.020789141046566012,0.07950241587879163,0.0
3049,-0.037109069666739075,-0.16045166859641105,0.0
3050,-0.05781537887921531,-0.2612176703765583,0.0
3051,0.025569877809493047,0.09339793863600226,0.0
3052,0.008482621770096788,0.03444583469703945,0.0
3053,0.04197020556495684,0.15513899855412785,0.0
3054,-0.053028288014697555,-0.2393809280663479,0.0
3055,0.008131615215855315,0.03134575795151721,0.0
3056,0.025788863472566037,0.09162565963795061,0.0
3057,0.026452585668027523,0.09808888869797998,0.0
3058,0.036208016344979777,0.12107990589741689,0.0
3059,-0.02522687695553072,-0.10210735928255239,0.0
3060,-0.00044523715644700923,-0.0016845055604745994,0.0
3061,0.017653295088228355,0.06608825529006868,0.0
3062,-0.014847128875457055,-0.06221130296703858,0.0
3063,0.05168887221211105,0.1694793613454273,0.0
3064,-0.005085371029434849,-0.019496795370477334,0.0
3065,-0.013758148403971604,-0.0524090885987211,0.0
3066,0.024483697215401445,0.08796797406595563,0.0
3067,-0.026330005287926395,-0.10801972012573904,0.0
3068,0.004028458384053635,0.014799520856724415,0.0
3069,-0.006409918227380629,-0.024816176470588196,0.0
3070,-0.023927144975844722,-0.09588175586219079,0.0
3071,0.016792400880307423,0.06105827074183912,0.0
3072,-0.03440317149994568,-0.150403608736942,0.0
3073,-0.00872394211872235,-0.03428126446883621,0.0
3074,0.0011359730894514586,0.004455791037119822,0.0
3075,-0.03376098365529187,-0.14519373352900045,0.0
3076,-0.014006118771216602,-0.05258189370338893,0.0
3077,-0.007520489371893646,-0.029812125114277475,0.0
3078,0.07912244144261005,0.23013411606162137,0.0
3079,0.005765615455044337,0.021634281845074623,0.0
3080,-0.0056277608054072226,-0.020778011330518726,0.0
3081,-0.02052811281856748,-0.08624796914791336,0.0
3082,0.017265574452721866,0.06018816384486483,0.0
3083,-0.05057621075418625,-0.23048301757979162,0.0
3084,0.08262559235729955,0.246127245761157,0.0
3085,0.025833084363029946,0.08967219902561353,0.0
3086,-0.018066432722135484,-0.06973518577706027,0.0
3087,-0.03497896632869715,-0.1524424096382006,0.0
3088,0.038828636771099656,0.12653384239649226,0.0
3089,0.006713404340004087,0.026190853865358566,0.0
3090,0.014488801443528099,0.05154031658537476,0.0
3091,-0.024432927933944193,-0.10549165951071568,0.0
3092,-0.021140355919199716,-0.09054807314064303,0.0
3093,-0.02016929459503236,-0.08062886869247668,0.0
3094,0.0477016477913757,0.15579934299107456,0.0
3095,0.013236121422366076,0.050165968851089884,0.0
3096,-0.002999318454956462,-0.012400605152399456,0.0
3097,-0.036242636615776064,-0.15591930844937446,0.0
3098,-0.04548177726978661,-0.19047877258975304,0.0
3099,-0.021685239223217523,-0.08596559078454281,0.0
3100,-0.02741158212856326,-0.12547045188305375,0.0
3101,0.07888539791362606,0.2448140983056044,0.0
3102,0.015629788538155054,0.054838709677419294,0.0
3103,0.04518608616426373,0.15065153623645602,0.0
3104,-0.022821208187026182,-0.09169381497367866,0.0
3105,0.018839032219632124,0.0689512751781663,0.0
3106,-0.030166510368187904,-0.12955405201818526,0.0
3107,-0.003024564818683406,-0.011548970491570432,0.0
3108,0.040366890031958313,0.13402808322594423,0.0
3109,0.049013455262493094,0.17025443086235237,0.0
3110,0.00045107394053875427,0.0018267127701090643,0.0
3111,0.008844952056437039,0.03326817552758977,0.0
3112,-0.01416034617314732,-0.055858400845368195,0.0
3113,0.03914252801845303,0.1350582374982699,0.0
3114,-0.004366606907766524,-0.016182419763686937,0.0
3115,-0.03304148525547043,-0.14303874730953334,0.0
3116,-0.018028227581622508,-0.07260830965071621,0.0
3117,-0.04888747060764115,-0.2216360821619146,0.0
3118,0.05242178795380115,0.18356200776407358,0.0
3119,-0.018097978185273866,-0.06946040671333457,0.0
3120,0.02841881812046665,0.09912075633780501,0.0
3121,-0.02788703719251115,-0.11272785892154918,0.0
3122,0.006451136965842874,0.025095462318738826,0.0
3123,-0.01805298098538577,-0.07450063124656237,0.0
3124,0.0323817503277371,0.11431895882475879,0.0
3125,0.0022007108872943437,0.00843812596131687,0.0
3126,-0.014602514961856383,-0.055376847318458766,0.0
3127,-0.011927999946824142,-0.046703999791790296,0.0
3128,0.04346385084782858,0.15400911140982212,0.0
3129,-0.024472272589642186,-0.09931494215035527,0.0
3130,-0.023326135047074842,-0.09527739738133555,0.0
3131,-0.03731274891225639,-0.14483350928355151,0.0
3132,0.0002666785190452714,0.0010546500479385614,0.0
3133,0.04769894894894894,0.15966175380401318,0.0
3134,0.03521294891400556,0.12326419201837316,0.0
3135,0.06163780263956564,0.2000200875728614,0.0
3136,0.009339659537372091,0.035342730005945365,0.0
3137,0.040141478225753646,0.14154030260685505,0.0
3138,0.03410254731722506,0.12043049510151255,0.0
3139,0.04441466687059614,0.14995721205373833,0.0
3140,-0.033534544715900144,-0.14517539976000654,0.0
3141,-0.02354317109754095,-0.10579019159405509,0.0
3142,0.026981143037946298,0.09644816759429138,0.0
3143,0.05226299085742303,0.168391356542617,0.0
3144,-0.03995541487747603,-0.1661404112087202,0.0
3145,0.018542174647502074,0.062314757026502576,0.0
3146,0.023848608085508177,0.09224251103950355,0.0
3147,0.009808628135021535,0.03365500475356909,0.0
3148,-0.021958127998148447,-0.0850591215501857,0.0
3149,0.008057405816804197,0.02930527970870562,0.0
3150,-0.007439974242503977,-0.02875123302288617,0.0
3151,0.031122808310607764,0.11038496588932831,0.0
3152,-0.03141869144850956,-0.13838894443468025,0.0
3153,0.02945524624721535,0.10610257350888815,0.0
3154,-0.007873655597809726,-0.031044699214221202,0.0
3155,0.006442302157484564,0.02619973915079081,0.0
3156,0.01850441316557483,0.0671786187176418,0.0
3157,-0.010537342273823747,-0.041205909380080535,0.0
3158,0.07557153911958012,0.2417981424783307,0.0
3159,0.012803118387057666,0.04761024023932969,0.0
3160,-0.027433896888809067,-0.11295334813348837,0.0
3161,-0.020930217833668635,-0.08484027353224637,0.0
3162,0.006007549084911357,0.02552079122537531,0.0
3163,0.029814262320267848,0.10292214963701116,0.0
3164,-0.0429327983610808,-0.18018533879181953,0.0
3165,-0.010139533143797674,-0.040117815092468485,0.0
3166,0.024114819914991314,0.08484458237909472,0.0
3167,-0.024050969462008076,-0.10453603188769603,0.0
3168,0.09761600848415297,0.2823956595533178,0.0
3169,0.009150958704059298,0.03411941163866453,0.0
3170,0.00618023031095577,0.02341125044482329,0.0
3171,-0.016001428747561358,-0.06483470467234802,0.0
3172,-0.012748561521426227,-0.051741470385405726,0.0
3173,0.024976574221192482,0.09194079483584908,0.0
3174,-0.03277122959914999,-0.1508083436183106,0.0
3175,0.010696647850204855,0.039953360320406014,0.0
3176,-0.03528817073099558,-0.1458206569648543,0.0
3177,-0.0077822080816092876,-0.03004896170960834,0.0
3178,0.03731006088358496,0.12814345518131798,0.0
3179,-0.02457170661054156,-0.10783899883296501,0.0
3180,-0.05606539130927948,-0.24929075778590343,0.0
3181,0.03316855307304847,0.12069166645949304,0.0
3182,-0.055529794114390685,-0.23196910422309158,0.0
3183,0.003417403677541786,0.013580746056614048,0.0
3184,0.062379795811028566,0.2008766798038828,0.0
3185,-0.05398385291287916,-0.25218271836616174,0.0
3186,-0.001263296104241446,-0.005129658686372716,0.0
3187,-0.015023210710148949,-0.05939000257345432,0.0
3188,-0.004918390609904039,-0.019791651049697885,0.0
3189,-0.036222901976926986,-0.15856149594728522,0.0
3190,0.059377801047280715,0.20634107869358723,0.0
3191,0.011136374409713323,0.04050583241180042,0.0
3192,0.06043423114228158,0.19073783359497648,0.0
3193,-0.01205864115441177,-0.050099908620826486,0.0
3194,-0.01734991979433359,-0.06603910912708057,0.0
3195,0.01401859888266127,0.05113871335935939,0.0
3196,-0.017730942230801516,-0.07325121957402726,0.0
3197,0.003062753393266393,0.011209677419354998,0.0
3198,-0.008787330402987792,-0.03383421093939517,0.0
3199,0.018215422604552445,0.06614550068327085,0.0
3200,0.0280150874385644,0.09983446729751569,0.0
3201,-0.02004068975473744,-0.07653122463386311,0.0
3202,-0.06986700872059359,-0.3159124247523563,0.0
3203,-0.0063948160057134,-0.02534354547805322,0.0
3204,-0.047781262098850336,-0.21186971629490223,0.0
3205,0.036183550387105634,0.12313208191432962,0.0
3206,0.038961855476145724,0.13169918856259674,0.0
3207,0.03849494733425307,0.12853795104807952,0.0
3208,-0.017063105670700573,-0.06901078293483343,0.0
3209,-0.006452056957540975,-0.026126560363568446,0.0
3210,0.036486734867185816,0.1278011301497685,0.0
3211,0.01912652400822784,0.07258383650127016,0.0
3212,0.03249798831697709,0.11000914768576713,0.0
3213,-0.025705009625328873,-0.10445114369493214,0.0
3214,-0.007733631178215961,-0.030843433650694044,0.0
3215,-0.02975334995344514,-0.1272967918732291,0.0
3216,0.031172174029316935,0.1108041469863056,0.0
3217,-0.01941145040771952,-0.08068113561644835,0.0
3218,-0.004095057839669902,-0.016007524481566796,0.0
3219,0.042611637027786975,0.14596942327757634,0.0
3220,0.03411046728300127,0.11151234415198902,0.0
3221,0.011226502302130958,0.04170725882760863,0.0
3222,-0.011965233982097007,-0.0492956162619728,0.0
3223,-0.03126531389920928,-0.131329331732693,0.0
3224,-0.023484188754511276,-0.09466105977203952,0.0
3225,0.002738969612361919,0.010566856206583338,0.0
3226,-0.03042114117216202,-0.12901092753817855,0.0
3227,-0.02018437910546253,-0.08109539548400371,0.0
3228,0.06668315239773362,0.21187176907248034,0.0
3229,0.006107207246965174,0.024024988137423327,0.0
3230,0.011266427997133122,0.0418557950028628,0.0
3231,0.015876421208428915,0.056050669657583825,0.0
3232,-0.004810266452302148,-0.018015241366301105,0.0
3233,-0.0014714406441649341,-0.005850285821748756,0.0
3234,-0.032229055324982964,-0.14283045584855908,0.0
3235,0.04359934261790682,0.14721397466936958,0.0
3236,0.037774064171123,0.1276341050254094,0.0
3237,0.022983472652455567,0.09047331021344321,0.0
3238,0.0317931895378013,0.1114752856549839,0.0
3239,0.06339440427178158,0.20884447740969492,0.0
3240,-0.031549706484017004,-0.13247776015033183,0.0
3241,0.013409450613772855,0.04945107398568012,0.0
3242,0.005605845139178833,0.020618421627287425,0.0
3243,-0.034540810067125866,-0.14873784209582933,0.0
3244,-0.002061801562197485,-0.00805414439782787,0.0
3245,0.022458990449356453,0.08207296292471347,0.0
3246,0.0037779123683191473,0.014236539828637691,0.0
3247,-0.01739451741416989,-0.06959863055196817,0.0
3248,-0.026458146373096958,-0.10976201317156065,0.0
3249,-0.014639361477084556,-0.05880557067913626,0.0
3250,-0.04103283846910913,-0.17614593188972405,0.0
3251,0.00813347482830834,0.030419009523971054,0.0
3252,0.0243667132753293,0.08871428647026765,0.0
3253,0.024999759086455825,0.09143327067669167,0.0
3254,-0.00808456065858168,-0.03327298888513444,0.0
3255,0.010286072050388867,0.04096425193462918,0.0
3256,0.018155351661912678,0.06918602274036663,0.0
3257,0.048544498370409306,0.16248068916593747,0.0
3258,0.04148771432302839,0.14475799889333715,0.0
3259,-0.02986863402950174,-0.12430729563859544,0.0
3260,0.021545944355827906,0.07641157315263558,0.0
3261,0.011255210295084417,0.042983585238657585,0.0
3262,0.012504942417705611,0.046502754615842745,0.0
3263,0.044364678294493864,0.14826898237542668,0.0
3264,0.002971532669490573,0.011188348092343085,0.0
3265,0.027058468314862194,0.10293571163136386,0.0
3266,-0.040815134318317625,-0.1715728877990742,0.0
3267,0.009937984231266933,0.039326843957949956,0.0
3268,0.06305536088463515,0.20008805855738704,0.0
3269,0.07766143238902573,0.25233942147499366,0.0
3270,0.029968385057580232,0.10875193955339671,0.0
3271,-0.011733069650781414,-0.045079688658265435,0.0
3272,0.043503223669075025,0.15447890921101043,0.0
3273,-0.06132210459941553,-0.2781166131374016,0.0
3274,0.005344778072050804,0.021972976518431084,0.0
3275,-0.017047137448772454,-0.07110367367108808,0.0
3276,0.00022311022311022333,0.0008541342648071194,0.0
3277,-0.011180193685545958,-0.04397719891511664,0.0
3278,-0.011496264219923003,-0.04582160288604382,0.0
3279,0.10823685282691392,0.3105665397146668,0.0
3280,-0.05958047807297526,-0.2565250276786137,0.0
3281,-0.0018296779327108825,-0.007199431213693578,0.0
3282,-0.014498765793873158,-0.05510505162867357,0.0
3283,0.01593571597918164,0.05777780809862158,0.0
3284,-0.0030118077119385966,-0.011118479570945127,0.0
3285,-0.07966632614474628,-0.36399269704065107,0.0
3286,0.028346172035021377,0.09750962686223613,0.0
3287,0.01263895671157328,0.04668930390492366,0.0
3288,-0.04367560049814939,-0.1997659165268297,0.0
3289,0.009691157370249615,0.03507801608502651,0.0
3290,-0.04810564080415278,-0.21527735041858406,0.0
3291,-0.0345541790003929,-0.1545774268866218,0.0
3292,-0.006207208918566409,-0.024536647883609812,0.0
3293,0.05637100719927307,0.18139901034637873,0.0
3294,0.008735380554989625,0.030734200699952696,0.0
3295,0.01671366316329148,0.05906332095298493,0.0
3296,-0.017170297139984025,-0.06601153385920032,0.0
3297,0.0031163148115750106,0.012416857702034241,0.0
3298,0.04480468219615555,0.15991974229753356,0.0
3299,-0.012457038400341375,-0.05012264623494331,0.0
3300,-0.009328979017521805,-0.03737098678447637,0.0
3301,-0.04944998077956292,-0.20679631766789133,0.0
3302,0.043549943850326234,0.147261665803165,0.0
3303,-0.01494590542566554,-0.061222457363376045,0.0
3304,-0.02761645547028377,-0.11215728911841982,0.0
3305,-0.005504067145007563,-0.02123837785526077,0.0
3306,-0.014241380689093752,-0.060626031092062785,0.0
3307,0.01736670803115689,0.06631103077810808,0.0
3308,-0.0022299440691645467,-0.008680025064597722,0.0
3309,-0.044890161958749786,-0.1971459052731577,0.0
3310,-0.03897137538223497,-0.16985910883100674,0.0
3311,0.040868472071878215,0.14900153403488783,0.0
3312,0.037531698779438044,0.13076958492793697,0.0
3313,-0.04110888377700431,-0.17444331580279354,0.0
3314,0.07766332384727687,0.23446226204130505,0.0
3315,0.07287106744161082,0.228728247854362,0.0
3316,0.009375942659300973,0.03694898113073638,0.0
3317,0.024639060845284555,0.0924108365968831,0.0
3318,-0.03401586153636996,-0.15019648797091353,0.0
3319,-0.05020796197266786,-0.20312500000000003,0.0
3320,0.015603137300848752,0.061035801794496594,0.0
3321,0.05669941481382745,0.17824534482249835,0.0
3322,-0.029166758607567428,-0.1220064036896874,0.0
3323,-0.04068687460080905,-0.18408457402936745,0.0
3324,-0.05511140956195276,-0.24207163440503301,0.0
3325,-0.016246262155796,-0.06494744153486039,0.0
3326,0.058337631864722295,0.19107515042693077,0.0
3327,-0.029542893554228983,-0.12064781209340543,0.0
3328,-0.03632200794465576,-0.150122255857588,0.0
3329,0.03307689617148335,0.11455125728544661,0.0
3330,0.014560879945128724,0.058517929767702245,0.0
3331,-0.0057691686011645815,-0.023828241033842297,0.0
3332,-0.02791348784225009,-0.12150577060744155,0.0
3333,0.05043840905337055,0.16058662303006188,0.0
3334,-0.03297044200228483,-0.1385925659388079,0.0
3335,-0.03826423170128973,-0.16043148782395295,0.0
3336,0.060338735401949894,0.19257558279739675,0.0
3337,-0.024439953971362005,-0.09617737282255408,0.0
3338,-0.03637575535667492,-0.16051152717154885,0.0
3339,0.004520123383172481,0.016898307417090967,0.0
3340,-0.00202287490015185,-0.007579437767273636,0.0
3341,-0.006894244145043166,-0.027894421115776776,0.0
3342,0.014241572902399469,0.051537183707578184,0.0
3343,-0.042267573615945936,-0.17856745297995924,0.0
3344,-0.025453574765315623,-0.10099419581703394,0.0
3345,-0.027785360512814827,-0.11021965283993371,0.0
3346,-0.022779129853449265,-0.08841034827780482,0.0
3347,-0.017782152092060383,-0.0745083217472294,0.0
3348,0.02962040827789536,0.10083410565338273,0.0
3349,-0.005527205700225357,-0.020600850288628722,0.0
3350,-0.031237156262388238,-0.12706516133835963,0.0
3351,0.044305312486440374,0.14665367642570493,0.0
3352,0.009043168079612363,0.033808313289813374,0.0
3353,0.03497393539356347,0.11548342303412808,0.0
3354,-0.007358890938094442,-0.028819388673829195,0.0
3355,0.01637054523568282,0.06101578789326988,0.0
3356,-0.04361282660332541,-0.186379600868912,0.0
3357,0.016407943827270843,0.061763387641378294,0.0
3358,0.006709044833695943,0.025609293821214373,0.0
3359,0.00689718503560055,0.026574216915956964,0.0
3360,0.004020224113598259,0.015136303501481754,0.0
3361,-0.014119959387335124,-0.05472297624308221,0.0
3362,-0.05730373356131227,-0.26100000911917853,0.0
3363,0.0051634137556581805,0.020570166989270087,0.0
3364,-0.008439189358920185,-0.03218255986210733,0.0
3365,-0.004263093788063332,-0.01765447667087009,0.0
3366,-0.041513735408752556,-0.17603070784086816,0.0
3367,-0.010399365312104336,-0.04187270336830043,0.0
3368,0.040900467183226985,0.12572670027504934,0.0
3369,0.016712421549060164,0.06333724505711615,0.0
3370,-0.024971931592259966,-0.11232535939434611,0.0
3371,-0.017776708464245616,-0.0686625364431487,0.0
3372,-0.058205036465222515,-0.2672316454488512,0.0
3373,-0.042352204722826636,-0.18347314752733293,0.0
3374,-0.014974676436715462,-0.059072637915259005,0.0
3375,0.06715110847089861,0.21029761774788738,0.0
3376,0.0015876451618027643,0.005923275248933061,0.0
3377,-0.010689848540972158,-0.04250225004090992,0.0
3378,0.05031576169345445,0.18136161700903247,0.0
3379,-0.014166580467047385,-0.05555135951661637,0.0
3380,9.175162187208263e-05,0.0003434220796114029,0.0
3381,-0.020005157836181148,-0.08046312028405805,0.0
3382,-0.027099311886680494,-0.12060605212066919,0.0
3383,0.025233823917506726,0.09421387078906573,0.0
3384,-0.020143145302606635,-0.08052638133587928,0.0
3385,-0.045010754444716694,-0.20046563515545418,0.0
3386,0.009633865688095766,0.03539211904791529,0.0
3387,0.02013934446619181,0.07299422577627313,0.0
3388,-0.021087624170899905,-0.08823844692756284,0.0
3389,-0.00021406203692797554,-0.0008067012043330674,0.0
3390,0.007824255191092366,0.028697571743929288,0.0
3391,-0.023979576742095443,-0.10332056282391837,0.0
3392,0.03562976181646532,0.11892438980013219,0.0
3393,-0.03962867410531515,-0.17547024852602228,0.0
3394,-0.048187499719056115,-0.2310809645618373,0.0
3395,-0.05739020748452184,-0.2584069605421496,0.0
3396,0.030016676643832785,0.10546576071600748,0.0
3397,0.003337280740949633,0.012910310963258443,0.0
3398,-0.0079851004657302,-0.030734084543408004,0.0
3399,0.005436562007144513,0.021604536696638265,0.0
3400,-0.005272830966862485,-0.02065032345931235,0.0
3401,0.04280008203087171,0.14552931799303792,0.0
3402,-0.05507300327298992,-0.2601304373129468,0.0
3403,-0.01481567142620166,-0.06149396152200569,0.0
3404,-0.02782909276932105,-0.12732914271042528,0.0
3405,-0.03893248628636417,-0.16953651133827424,0.0
3406,0.0439521742551926,0.14399946580304843,0.0
3407,-0.07196527067041147,-0.3273899698567208,0.0
3408,-0.020033453289487274,-0.08278386947900991,0.0
3409,-0.03336380795092603,-0.14695070468273036,0.0
3410,0.014962099112764915,0.054287831152438105,0.0
3411,-0.0037975482961722373,-0.015283156423273337,0.0
3412,-0.027636342651016915,-0.12395025462075078,0.0
3413,-0.018371828861030476,-0.07444487743324228,0.0
3414,-0.06242378997138237,-0.2833262741776084,0.0
3415,-0.01663275630548014,-0.06732792632255168,0.0
3416,0.0013704536254774413,0.004842367928815226,0.0
3417,0.058268642583008234,0.18878558139872265,0.0
3418,-0.007097055390983709,-0.02768101205838546,0.0
3419,-0.03166548547129697,-0.13242638450480898,0.0
3420,-0.0487886386069937,-0.2083793136108229,0.0
3421,0.04481746284179983,0.14961054611482497,0.0
3422,-0.003512513612778989,-0.013769865503969423,0.0
3423,0.012861326391602201,0.04597150253978599,0.0
3424,0.020811702794873876,0.07512909727166071,0.0
3425,-0.02072669675029787,-0.08305554319796395,0.0
3426,-0.007314641593311577,-0.027737379847203633,0.0
3427,-0.004892402708342125,-0.01955228237041097,0.0
3428,0.022545195894252523,0.08103165671787854,0.0
3429,0.002363541269139624,0.008803933199022269,0.0
3430,0.017429028492764453,0.06716065503970174,0.0
3431,-0.020601760458608787,-0.08416936110258119,0.0
3432,-0.009584038440372034,-0.037511253510674684,0.0
3433,-0.04555502071114603,-0.19356792033909714,0.0
3434,0.016163014926665747,0.06285828945506136,0.0
3435,0.04329922280661341,0.15284578432389054,0.0
3436,-0.0007039509000020261,-0.0027472051364348213,0.0
3437,-0.020753040929483768,-0.08283922171018937,0.0
3438,-0.03542692072483247,-0.15218796033246618,0.0
3439,0.009731954744159721,0.038845543996917725,0.0
3440,-0.02311404904131803,-0.09226783953746162,0.0
3441,0.009842192369503566,0.037283749226616016,0.0
3442,0.01915175151472942,0.073627844712182,0.0
3443,0.03176892417673327,0.1029300384722071,0.0
3444,0.03599817036918418,0.12524443479566746,0.0
3445,0.034782169117395456,0.11840505947712317,0.0
3446,-0.04888552722192974,-0.2305381548376798,0.0
3447,0.02327135445456291,0.08692993678506926,0.0
3448,0.08011129370680675,0.24138011070241214,0.0
3449,0.08934080770656222,0.2670023568090504,0.0
3450,-0.028013010544929773,-0.12962450811210285,0.0
3451,0.058209125344675205,0.18063307944260323,0.0
3452,0.05837592481875836,0.18277983212864463,0.0
3453,0.0020335637195268985,0.008129464386424375,0.0
3454,-0.014523256684892516,-0.060386172531921516,0.0
3455,-0.018065681214301632,-0.06855140556426847,0.0
3456,0.02381177694808756,0.08857662116961589,0.0
3457,0.013867070599344722,0.05020464405667312,0.0
3458,-0.004943741493013021,-0.01892604066517106,0.0
3459,-0.011835552888718903,-0.04912265231002198,0.0
3460,-0.003942021205621399,-0.01597776680150801,0.0
3461,-0.025470164347289825,-0.10346506902109165,0.0
3462,-0.008720810461472273,-0.03391758132675347,0.0
3463,-0.029210997375203412,-0.12282955583413753,0.0
3464,-0.03751212618673383,-0.15486614688812433,0.0
3465,0.002678254301842875,0.01070041365771577,0.0
3466,-0.023638897572157952,-0.09854428764572049,0.0
3467,-0.04644599711652725,-0.20723844406300673,0.0
3468,-0.04236545027437777,-0.19625171818277937,0.0
3469,-0.0366970049740713,-0.15547584351530083,0.0
3470,-0.029746199193298184,-0.12698278145695371,0.0
3471,-0.06213760576092628,-0.28702825533307974,0.0
3472,0.003647582078098066,0.014186889929751999,0.0
3473,-0.03042761648436698,-0.12124728207997756,0.0
3474,-0.05409343841380543,-0.24904475751839428,0.0
3475,0.01578141474955519,0.05716225473907887,0.0
3476,-0.016009601231856185,-0.06436049157942658,0.0
3477,0.0013783293635596938,0.004940135970804071,0.0
3478,-0.02970763167796575,-0.11998933503972692,0.0
3479,-0.029817358286707563,-0.12496928658276,0.0
3480,-0.02625763135155587,-0.1100592596529457,0.0
3481,-0.008718320874858493,-0.036671437179873534,0.0
3482,-0.017638609473958206,-0.07418785932305268,0.0
3483,-0.010312980946455219,-0.03783306905193036,0.0
3484,-0.013192209145475448,-0.05663493386360925,0.0
3485,-0.0010755077970851512,-0.0040642488522503505,0.0
3486,0.07046713235392033,0.21547579997511562,0.0
3487,-0.0015960555419930467,-0.00629646653679731,0.0
3488,0.0001908885064991761,0.0007525498650338108,0.0
3489,-0.05013647171489305,-0.22267062663569276,0.0
3490,-0.06346413306675294,-0.3139946413628442,0.0
3491,0.008811711870212457,0.031277262372832466,0.0
3492,-0.029852497560574787,-0.12203873851964771,0.0
3493,0.02483425235922465,0.082515463112915,0.0
3494,0.011393779624882472,0.04398434019868114,0.0
3495,-0.03870275406494239,-0.1697610000408909,0.0
3496,0.01439347992838838,0.05642783466070762,0.0
3497,0.008769067793668678,0.03393783079444404,0.0
3498,-0.025181429352063106,-0.10527065831569797,0.0
3499,0.01787594370004625,0.06366961805295161,0.0
3500,-0.014104033178890307,-0.057668680674270466,0.0
3501,-0.033450916665484554,-0.1434587205143003,0.0
3502,0.024643527921000552,0.09246229247265053,0.0
3503,-0.04829738044552412,-0.22530075310533682,0.0
3504,0.0032474301137264683,0.011896631233618858,0.0
3505,-0.0037397521474929474,-0.014837107472242102,0.0
3506,-0.01774625617206607,-0.0743400382929335,0.0
3507,0.035993371142721386,0.128564817942309,0.0
3508,0.024835206076009586,0.09755625859797777,0.0
3509,0.008037482052444644,0.028971058903643168,0.0
3510,0.003945046951673081,0.014969437629482815,0.0
3511,0.08627406691026712,0.263002145833043,0.0
3512,-0.009196144022226016,-0.032728054781322145,0.0
3513,-0.025222510626032035,-0.10281634403165327,0.0
3514,-0.028199878677585666,-0.11651002506265656,0.0
3515,-0.003264660244887918,-0.012896373843119374,0.0
3516,0.04042205299586543,0.1356785957626294,0.0
3517,-0.009825948584337857,-0.043292284219703624,0.0
3518,0.0016974086999275717,0.006448950645061306,0.0
3519,-0.01868769759948738,-0.07846926083866385,0.0
3520,0.021950532951487772,0.08352342353743732,0.0
3521,0.02788010035246774,0.09428177968987805,0.0
3522,0.033418502551121276,0.12899541984732812,0.0
3523,-0.004790486585336179,-0.0195795479116729,0.0
3524,-0.03581722602334761,-0.15766229863592932,0.0
3525,-0.015130025499306837,-0.0626894130651717,0.0
3526,-0.035184768384356274,-0.15071099428002113,0.0
3527,-0.044003735193156895,-0.19372783671113883,0.0
3528,-0.016511202101688466,-0.06637936196542932,0.0
3529,0.0066646772018632006,0.02449360925237238,0.0
3530,0.030214007308328683,0.1047697192848847,0.0
3531,0.0004436256600256483,0.0017264733195177444,0.0
3532,-0.05178008365918155,-0.2325359516160365,0.0
3533,0.07586313504889367,0.23998436618813407,0.0
3534,0.03566378712185539,0.13013947401891565,0.0
3535,0.04290872649912525,0.1432342530063013,0.0
3536,0.029311423333256453,0.10884330075678914,0.0
3537,0.011523441876130691,0.044318892548888836,0.0
3538,-0.005527083926122278,-0.02206227667177143,0.0
3539,0.010667147173052283,0.041153727555207624,0.0
3540,-0.012045009046978028,-0.04714720806569151,0.0
3541,-0.06475033318039805,-0.2916261792597876,0.0
3542,-0.029658972895972663,-0.12183546562963801,0.0
3543,0.015866767269188287,0.05587861516540223,0.0
3544,-0.024214386659801496,-0.0996124768579858,0.0
3545,0.003033893310170954,0.01152946802888496,0.0
3546,-0.030078846661388214,-0.11866723066410693,0.0
3547,0.024145915749358565,0.09235949037762549,0.0
3548,0.03682451743393575,0.13018809264728753,0.0
3549,-0.008999829194731024,-0.03829078620488882,0.0
3550,-0.02288774068378227,-0.09903405547465431,0.0
3551,-0.057713621495958684,-0.2591333899745114,0.0
3552,0.05804365547205992,0.18069876882452696,0.0
3553,-0.04837023375044125,-0.2241578464066501,0.0
3554,-0.028202694518373872,-0.11906664849393478,0.0
3555,0.003318884662406929,0.012702138667907526,0.0
3556,0.004272474902522638,0.016273317376161313,0.0
3557,-0.027812566711734127,-0.11478202135001386,0.0
3558,0.0006771030772395048,0.0025022720387762143,0.0
3559,0.017630737645730143,0.06432375573329287,0.0
3560,-0.007304570489992113,-0.027982514530607096,0.0
3561,0.04063789909910859,0.14556398385229016,0.0
3562,-0.03308107848483219,-0.14000239141482065,0.0
3563,-0.018171710816808906,-0.0784868230388812,0.0
3564,0.05121127732691905,0.15794271121425998,0.0
3565,0.012572662561163517,0.045544678284479764,0.0
3566,0.0008441980467670807,0.003372638691143269,0.0
3567,-0.00034096675970568535,-0.0012659097376918264,0.0
3568,-0.043688417921546735,-0.19074675324675316,0.0
3569,-0.028271366341283938,-0.11658572976929472,0.0
3570,0.024809153356406682,0.09127215367921876,0.0
3571,-0.02814453014776694,-0.11752851150266759,0.0
3572,0.040809524048345536,0.13411228046153634,0.0
3573,0.005015970195349162,0.019332139247016298,0.0
3574,0.004993916793825992,0.018826229343428934,0.0
3575,-0.03864971980915144,-0.16842678151977877,0.0
3576,-0.012088523666776457,-0.05065528350969701,0.0
3577,-0.04133409350057013,-0.19078947368421054,0.0
3578,-0.0015902718320343068,-0.006263108494883928,0.0
3579,0.029862263848290438,0.0990437040069229,0.0
3580,-0.033073036901066805,-0.1417944753706185,0.0
3581,-0.02374726582260442,-0.10637516955238165,0.0
3582,-0.029536183231034574,-0.12128913520591111,0.0
3583,0.038816984022573886,0.13590047683167517,0.0
3584,-0.02239735074338514,-0.09559983127429708,0.0
3585,0.03141136991709431,0.11012456747404831,0.0
3586,-0.01171995304540685,-0.04363211434976767,0.0
3587,0.01562633526511814,0.057660648616382947,0.0
3588,-0.006106726489427672,-0.023404449458334038,0.0
3589,-0.00950507786627719,-0.038200502514706434,0.0
3590,0.02940222075749127,0.10005348608499116,0.0
3591,0.009636202880477729,0.035782433362840635,0.0
3592,0.024239333866478308,0.08428563401397582,0.0
3593,-0.026626185596167223,-0.11083923771427752,0.0
3594,-0.042241176659383095,-0.1824776271305844,0.0
3595,-0.006951685783802564,-0.02654280026542797,0.0
3596,0.006239446133063153,0.023966272093400354,0.0
3597,-0.04004551843483867,-0.17440616258935307,0.0
3598,0.0043132148637721746,0.01612788110549218,0.0
3599,0.04624100633557132,0.16666135580042188,0.0
3600,0.041109209725940205,0.1462712560972324,0.0
3601,-0.039792414986811214,-0.1686008153370214,0.0
3602,0.02448079319781915,0.08577287374882589,0.0
3603,-0.048405043593503255,-0.20426575504281508,0.0
3604,0.01389426667035426,0.04849940265726999,0.0
3605,0.004046730632551565,0.015582238642583611,0.0
3606,-0.0004541023362509278,-0.001690524634505418,0.0
3607,-0.04071754672556893,-0.17687166946783167,0.0
3608,-0.023857983326897314,-0.09014522109310634,0.0
3609,0.003907865886867756,0.015782139968482097,0.0
3610,-0.0046881814804971,-0.018659182394795384,0.0
3611,-0.007484394885158507,-0.029135375299807465,0.0
3612,0.019376589440283698,0.0691478289829732,0.0
3613,-0.06072903945233682,-0.26809465807733346,0.0
3614,0.0811647114598052,0.2542625218404194,0.0
3615,-0.030782403095221067,-0.13181381678054363,0.0
3616,-0.009677259925449877,-0.03690349860080545,0.0
3617,-0.019918366246124863,-0.08600313496435251,0.0
3618,-0.04165396966986093,-0.17845056733254316,0.0
3619,0.006902383213711782,0.026118180825640172,0.0
3620,-0.032332355381161804,-0.13248192228713862,0.0
3621,-0.008859522393133312,-0.03495096806638159,0.0
3622,0.005602075283923813,0.02173579093261349,0.0
3623,0.01742478120691837,0.061330766724030726,0.0
3624,0.017888719204053882,0.06607220448745628,0.0
3625,-0.010388287565253895,-0.04044570824942421,0.0
3626,0.04285188555069641,0.14318800781574165,0.0
3627,-0.061092347354510024,-0.2772714117841291,0.0
3628,-0.04361226535408866,-0.20064012294693503,0.0
3629,-0.00833323414076087,-0.03301354431374603,0.0
3630,-0.016675853180151967,-0.06888810983194989,0.0
3631,0.0178204987781162,0.0657229457148666,0.0
3632,-0.02205039869818215,-0.08562069585419137,0.0
3633,0.002231133363413018,0.008433982926205237,0.0
3634,0.03345327798647163,0.11352350577990479,0.0
3635,-0.038660626316379454,-0.16511000562193218,0.0
3636,0.029832732259812866,0.10561362771078445,0.0
3637,-0.025442812378005275,-0.10463204420524179,0.0
3638,-0.014223056764826048,-0.0564006076955617,0.0
3639,0.02712505807954052,0.09451065296117865,0.0
3640,0.025070341946838492,0.08984698573400832,0.0
3641,0.003996582943047611,0.015176213608059172,0.0
3642,-0.06022159309356542,-0.28299252689496596,0.0
3643,-0.016075589111392896,-0.058245398445222016,0.0
3644,-0.06416652938057413,-0.28271556459897573,0.0
3645,0.016344952523738132,0.05905787287829541,0.0
3646,-0.020280916114752245,-0.08022229040946444,0.0
3647,-0.03478312367231623,-0.14373675895395177,0.0
3648,-0.019721757555875463,-0.08186794883835607,0.0
3649,0.0008853321570913009,0.003492201578325899,0.0
3650,-0.025315344905847637,-0.10024757311361573,0.0
3651,0.01443102706179017,0.0560672739117083,0.0
3652,0.0355189271076331,0.12111617294025365,0.0
3653,-0.03369191325713067,-0.13382412220218529,0.0
3654,0.011736323849675101,0.04444209345873474,0.0
3655,0.009388390330665408,0.03326172574292887,0.0
3656,0.031120977493952817,0.11011254154792693,0.0
3657,-0.042258489775962305,-0.17922721906192982,0.0
3658,-0.03881405962045631,-0.16605124888306463,0.0
3659,0.01235812141507503,0.046796867349028194,0.0
3660,0.016810673610563154,0.06014728025597595,0.0
3661,-0.03930357948459076,-0.17038278295181386,0.0
3662,0.01264962561829952,0.047747680844611895,0.0
3663,-0.027841422231044133,-0.12056393095240757,0.0
3664,-0.02214660598988441,-0.09300483549939143,0.0
3665,-0.026607646467755458,-0.11591147139401516,0.0
3666,0.09400146221213013,0.26707525321027187,0.0
3667,0.007633011811969792,0.029112574875828644,0.0
3668,-0.03405723543223926,-0.1484635154765895,0.0
3669,-0.03216822454016216,-0.13410978118152111,0.0
3670,-0.0023153076788136884,-0.009467954615148834,0.0
3671,-0.05388066783860959,-0.24904385020059625,0.0
3672,0.07391516065086107,0.23754646182450417,0.0
3673,-0.013701358715398904,-0.05335669726964118,0.0
3674,0.034193249324290576,0.11718727850248364,0.0
3675,0.016728199407396893,0.06300575785869895,0.0
3676,0.043151832926999256,0.14047677021858357,0.0
3677,-0.0003613511390416213,-0.0013480248505450237,0.0
3678,-0.038719860179768834,-0.16505120076630084,0.0
3679,0.055435352002676797,0.17942519772064777,0.0
3680,-0.04405957881164718,-0.18659560429559535,0.0
3681,0.006474688137337925,0.02352493714005327,0.0
3682,-0.010308235981121905,-0.04068157316270668,0.0
3683,-0.019698636103403055,-0.08018996137489225,0.0
3684,-0.00875792830102462,-0.03520790821133803,0.0
3685,-0.05368411816715374,-0.2458732612055641,0.0
3686,0.029913034081512746,0.10236555136736625,0.0
3687,0.02667662431504847,0.09185116676715722,0.0
3688,-0.06850388598310958,-0.3176252072968493,0.0
3689,-0.02017769729923305,-0.08166498249481981,0.0
3690,-0.082938390718588,-0.4139686536738825,0.0
3691,-0.01141580576552692,-0.045840106822479375,0.0
3692,-0.012898185960441427,-0.05411026049310662,0.0
3693,0.02568987317623822,0.089476349324915,0.0
3694,-0.04711377803357325,-0.2125778429858697,0.0
3695,-0.03058599663725789,-0.12446598153104227,0.0
3696,0.06021636999309299,0.19523605846609426,0.0
3697,-0.021144578313253004,-0.08810240963855419,0.0
3698,0.027323065476028252,0.0949912531655961,0.0
3699,0.0347692604900251,0.11929082361938509,0.0
3700,0.011656273300474529,0.042435517572400105,0.0
3701,0.06740671201365897,0.22368941236484202,0.0
3702,-0.016184751393659547,-0.06384810182819821,0.0
3703,0.014302525296079116,0.05524474262746495,0.0
3704,-0.0203899330164678,-0.08127522137261815,0.0
3705,-0.004993375089381996,-0.02008024709340551,0.0
3706,-0.05700403967301715,-0.2539871111299683,0.0
3707,0.03284588369312616,0.1180647094068304,0.0
3708,-0.04488288406268526,-0.1878023379821941,0.0
3709,-0.023628211065333804,-0.09603101202838353,0.0
3710,0.033140672522451564,0.10877194626093792,0.0
3711,-0.0094776477552182,-0.037249607712859824,0.0
3712,0.044526761415179916,0.1511806981519507,0.0
3713,-0.010882471217740192,-0.04393732038756698,0.0
3714,0.0059403967594087725,0.022163825150621697,0.0
3715,0.016683910260666734,0.06460026018394524,0.0
3716,0.00420273162201712,0.015979035675014745,0.0
3717,0.03514695347373098,0.12051426829725825,0.0
3718,-0.024228186858588352,-0.10706491827741228,0.0
3719,0.033842990726141886,0.1152787945886278,0.0
3720,-0.02447096938734572,-0.10689120991074823,0.0
3721,-0.005909759797232461,-0.022361789871050936,0.0
3722,-0.006986107395943464,-0.029203800953566346,0.0
3723,0.010508398388126339,0.0380901193186816,0.0
3724,-0.021877591721192913,-0.08728114881085927,0.0
3725,-0.04913743566246004,-0.2217383882882327,0.0
3726,-0.013507714322352038,-0.05383880447913775,0.0
3727,0.05486379306252598,0.18448385383921265,0.0
3728,-0.008341243110838947,-0.032981234866828094,0.0
3729,-0.03583459870551964,-0.15371156813157108,0.0
3730,0.033084728537228186,0.11916200396723951,0.0
3731,0.010607624574589303,0.039403101019326196,0.0
3732,0.003693579106719025,0.014537154391486291,0.0
3733,-0.023725682454420166,-0.09833671017292568,0.0
3734,-0.041170652731743695,-0.1842852207075412,0.0
3735,-0.03508901535830211,-0.15914350426129117,0.0
3736,-0.028237288615832162,-0.11433624934270287,0.0
3737,0.006435985108174003,0.023530018322717745,0.0
3738,-0.0017941733627060419,-0.0065937847041300235,0.0
3739,-0.018367078921329272,-0.06996682917862533,0.0
3740,0.0021180906650901665,0.008244900267920267,0.0
3741,-0.05836716299023886,-0.2575066084048119,0.0
3742,-0.026897341534343866,-0.10964357837866187,0.0
3743,-0.017467923505695343,-0.07228323208179092,0.0
3744,-0.018786183944639934,-0.07353999341426817,0.0
3745,0.026229556870093207,0.09114080760860807,0.0
3746,-0.02593556790159368,-0.10300389244903398,0.0
3747,0.012048292665670257,0.044825721166205035,0.0
3748,0.012334275890313662,0.04459418483654797,0.0
3749,0.025317905809498775,0.09409148821912813,0.0
3750,-0.049925373875465195,-0.23471764813780352,0.0
3751,-0.01209766182640798,-0.04771306531302097,0.0
3752,0.0538764010047921,0.18661035476232476,0.0
3753,-0.0013531140481840565,-0.004974290831359391,0.0
3754,0.009028966507502012,0.032463371488138305,0.0
3755,-0.001992226997785451,-0.007871838926284508,0.0
3756,-0.05741271946788723,-0.2639785874228444,0.0
3757,-0.027827407603622956,-0.10785103585486253,0.0
3758,-0.010898334501806939,-0.043970938605259295,0.0
3759,-0.04832989336085311,-0.22366472976199953,0.0
3760,0.04855759921443212,0.16339936890463191,0.0
3761,0.08306346997936567,0.2516527657675249,0.0
3762,-0.009820095567745823,-0.040354078223722084,0.0
3763,-0.030051647048088326,-0.12357823639774858,0.0
3764,0.02214262736574124,0.07959246055292124,0.0
3765,-0.020327310050273883,-0.08693168766180959,0.0
3766,0.016758341142249722,0.05912371648677327,0.0
3767,0.04002159870407776,0.1403366058906031,0.0
3768,0.005452685986330252,0.021745753647510163,0.0
3769,0.009414919776880082,0.034895568801822124,0.0
3770,0.045751865169629646,0.15477556052701974,0.0
3771,0.03301354992067346,0.11348624295920906,0.0
3772,-0.014465563560274675,-0.05906336601686158,0.0
3773,0.009706296840269746,0.037235077298509195,0.0
3774,0.0028267868930491324,0.011235453701720645,0.0
3775,-0.027813690506972827,-0.12595628415300553,0.0
3776,0.031918259072650834,0.11252538791714192,0.0
3777,0.016006239546434764,0.05795179428703648,0.0
3778,-0.014645361180099403,-0.05760620826982843,0.0
3779,-0.0024300303205175844,-0.010057045731418175,0.0
3780,-0.008353511218371357,-0.032440092892868144,0.0
3781,0.010746791140116507,0.04029448303872192,0.0
3782,0.0793954354885053,0.2369833453217507,0.0
3783,0.0029013581229249963,0.011482551441787869,0.0
3784,0.03503439425100646,0.1266086702954899,0.0
3785,0.02243529636743813,0.0794573307024079,0.0
3786,0.05431389298749709,0.18066515983209558,0.0
3787,0.03589792112086615,0.12667561741890876,0.0
3788,0.01654640415077485,0.060312490215111064,0.0
3789,-0.04866870362287212,-0.21954992967651202,0.0
3790,-0.01235579283259694,-0.050784402744148444,0.0
3791,0.020665229625057957,0.08063587238585189,0.0
3792,-0.043752108696817504,-0.20273370152830145,0.0
3793,-0.006086535947996796,-0.02360541725870629,0.0
3794,-0.030048526515921686,-0.12551595353096442,0.0
3795,-0.0034153318782335074,-0.013289321491434667,0.0
3796,0.002399520095980767,0.009184845005740388,0.0
3797,-0.024916792476250144,-0.10499762799693468,0.0
3798,-0.01083531721912706,-0.042437264737192115,0.0
3799,0.023324946181962347,0.08811359647278917,0.0
3800,0.007525773139008096,0.029214633227121704,0.0
3801,-0.0058796496257764175,-0.02263298876332281,0.0
3802,0.0002422387941602988,0.000883443558593352,0.0
3803,0.005213047148531019,0.02054372426580863,0.0
3804,-0.030083429025932557,-0.12532938856015782,0.0
3805,0.04469119255867571,0.14995198194363438,0.0
3806,0.024578027835356814,0.09011943539630832,0.0
3807,-0.041775265117850596,-0.18661415204903065,0.0
3808,-0.023688573411869585,-0.10107905490454117,0.0
3809,0.08834261491147866,0.27301216270019646,0.0
3810,-0.007008663814653038,-0.027603862683716222,0.0
3811,-0.046007450280529494,-0.21335584039770708,0.0
3812,0.052131208791480976,0.18038614452449886,0.0
3813,0.013434360617579022,0.05084185270919676,0.0
3814,-0.017401954669926334,-0.07012406949809623,0.0
3815,-0.033343669250646024,-0.14483254018137753,0.0
3816,-0.011103433372389393,-0.045738497372856186,0.0
3817,-0.03980223079753495,-0.18771592632891484,0.0
3818,-0.05439200555111656,-0.22981298862828728,0.0
3819,0.04360564186545246,0.14536729618754068,0.0
3820,-0.028860504407367482,-0.11880033086959996,0.0
3821,-0.03753540002869726,-0.1664102069157388,0.0
3822,0.027326448424602523,0.09709102057746755,0.0
3823,-0.03955653965684322,-0.18078450654412684,0.0
3824,0.017189060288854974,0.06250055036177103,0.0
3825,-0.03765338367464194,-0.15715998629667696,0.0
3826,-0.006279078540180921,-0.02561162982226708,0.0
3827,-0.04056591074120744,-0.17889065823159628,0.0
3828,-0.003791081307498334,-0.014684441520183418,0.0
3829,-0.0037728019664388657,-0.01403754245170497,0.0
3830,0.005011533448616934,0.01812405054331888,0.0
3831,-0.03218939172798557,-0.1316343966074386,0.0
3832,-0.016612575308227462,-0.06897740121745317,0.0
3833,0.014712646487531511,0.05257445164997863,0.0
3834,0.003224389645710146,0.012638999035778923,0.0
3835,-0.0046285554667767626,-0.016701077179359897,0.0
3836,-0.012076293048472436,-0.04974956236121629,0.0
3837,0.008320707876885491,0.029934585916952274,0.0
3838,-0.04003807969536244,-0.16223961203571036,0.0
3839,-0.025902139184871636,-0.10867213282073965,0.0
3840,0.022668844010307443,0.08788866235674753,0.0
3841,-0.021506861764023888,-0.08552670522224169,0.0
3842,-0.020274056029232657,-0.07950610207542218,0.0
3843,0.032938676381299326,0.11641630901287552,0.0
3844,0.007611628263760162,0.029973523496648183,0.0
3845,-0.06071388494301183,-0.2697869906806207,0.0
3846,-0.048470240807970216,-0.2127477407038693,0.0
3847,-0.014108672361428237,-0.06125619034098036,0.0
3848,0.05627337933984289,0.1821779603880772,0.0
3849,-0.02658903738255891,-0.1032975017219914,0.0
3850,-0.027927037996277493,-0.11861938866095642,0.0
3851,0.0307413811342504,0.10684742195498448,0.0
3852,-0.03353065770802666,-0.14623092389333847,0.0
3853,-0.025271643748927153,-0.10060918857306064,0.0
3854,-0.01569966940485462,-0.06381215393076474,0.0
3855,-0.0476165757920701,-0.2081266281139469,0.0
3856,-0.017860882796705446,-0.07237246598948732,0.0
3857,0.05494413901967718,0.1826597374983741,0.0
3858,0.004733013858122026,0.018001317511784777,0.0
3859,-0.03805034541124602,-0.16894749720357935,0.0
3860,-0.04444844282174534,-0.18992106247661805,0.0
3861,0.049615039941412836,0.17426311567789296,0.0
3862,0.09454729967972977,0.28815291917970226,0.0
3863,0.05548521310678073,0.1793201544559869,0.0
3864,-0.0019369643887627297,-0.007620694594006707,0.0
3865,-0.029123485562222107,-0.11740405117270787,0.0
3866,-0.054894106071692816,-0.237076911403027,0.0
3867,-0.0036421652235651414,-0.014073891874164388,0.0
3868,0.008383276615032603,0.03307859146292985,0.0
3869,0.0023537249697657137,0.008718947977703558,0.0
3870,-0.004253149208835072,-0.016392965540346832,0.0
3871,-0.02777777777777779,-0.11111111111111116,0.0
3872,-0.02112998750917086,-0.08543643142262339,0.0
3873,0.01274715556250619,0.04903662163024423,0.0
3874,0.0383411888551064,0.12796895307051898,0.0
3875,-0.016064798955847226,-0.061789095756145884,0.0
3876,0.011310273877737531,0.042298377194344206,0.0
3877,0.006054837592656737,0.023182179116329263,0.0
3878,-0.032267609442038186,-0.1454524548694952,0.0
3879,-0.04590170665748114,-0.20503153625905576,0.0
3880,0.045848168520376126,0.1675988233871943,0.0
3881,-0.027134396779451786,-0.11411631346297424,0.0
3882,-0.0043010256206041375,-0.016024713520074608,0.0
3883,0.04090573772641476,0.1381358537640721,0.0
3884,0.04105147813674773,0.14169241769515348,0.0
3885,-0.05668678005992167,-0.2657786601412808,0.0
3886,0.023186546667209623,0.08559568701636569,0.0
3887,0.0011011806568386184,0.004159871869539769,0.0
3888,0.012705190019705215,0.04869821056131087,0.0
3889,0.013951077943615248,0.05459117456197271,0.0
3890,-0.061219351036032044,-0.28514467782023484,0.0
3891,-0.023007890073083265,-0.09557345075414687,0.0
3892,-0.010786281695791822,-0.04237289876337618,0.0
3893,0.017030944678745163,0.05871519868477045,0.0
3894,-0.03198214969575763,-0.13710083794105915,0.0
3895,-0.01184692102764015,-0.04999549691538705,0.0
3896,-0.009865993768041148,-0.03880159386512296,0.0
3897,-0.033585356317149456,-0.1476730170891457,0.0
3898,0.012522435968204348,0.04427478980550868,0.0
3899,0.03236229106992078,0.11544213741792225,0.0
3900,0.02159267179470814,0.07486510293785668,0.0
3901,-0.037194593845198465,-0.14834788239647442,0.0
3902,0.015780413864657672,0.0586988937252625,0.0
3903,0.04473160996209613,0.1478247069504036,0.0
3904,0.006295775477025478,0.02304789343116088,0.0
3905,-0.013807332290467544,-0.055262680206050054,0.0
3906,-0.017581606418628437,-0.06978989777910959,0.0
3907,-0.031110880562094406,-0.1250354058262534,0.0
3908,-0.05241203477527093,-0.23426488833746903,0.0
3909,0.00015120058139062031,0.0005754879271296059,0.0
3910,0.036932906970738755,0.12751489286382858,0.0
3911,0.02136160341467941,0.08022092516769753,0.0
3912,0.034910592828972076,0.11822240839821478,0.0
3913,-0.033902487319696,-0.15550535631113194,0.0
3914,-0.05716332568447138,-0.2633137604514554,0.0
3915,0.0030844976713240158,0.011472407819846563,0.0
3916,-0.05259604766693429,-0.24530740304096263,0.0
3917,0.010468686661941673,0.039662046966947195,0.0
3918,0.06906695970104815,0.21879111473501808,0.0
3919,0.01746170096467775,0.06449500736618113,0.0
3920,0.03697194843493884,0.12459198923999765,0.0
3921,0.025787477543416093,0.09713283208020061,0.0
3922,0.002594032761151499,0.010119174969208913,0.0
3923,-0.029838310747476365,-0.12262514357246544,0.0
3924,0.014468716796105285,0.05674990714644645,0.0
3925,-0.011154185414403994,-0.04404804622513188,0.0
3926,-0.05378854798447519,-0.24120140218235134,0.0
3927,-0.036506198536465334,-0.161623743775601,0.0
3928,0.06604846618090393,0.21520515312411112,0.0
3929,-0.038189703178132084,-0.16013738534062177,0.0
3930,0.00575275094885519,0.021484506284869274,0.0
3931,-0.022511822214565658,-0.09885994698993703,0.0
3932,-0.03175367159849704,-0.14458957949796916,0.0
3933,0.02276360955606238,0.07784299050695236,0.0
3934,0.015075728032784286,0.05552073518485461,0.0
3935,0.025756660163637868,0.0933782900227474,0.0
3936,0.008963327029169632,0.031414599843447556,0.0
3937,-0.006717396346005988,-0.02581300295072565,0.0
3938,-0.041966951192223934,-0.19517430101130276,0.0
3939,-0.05370759407429607,-0.24440952486042986,0.0
3940,0.006369714429207196,0.0243194424378166,0.0
3941,-0.03422400112094989,-0.14137238988606413,0.0
3942,-0.014975999833223563,-0.06053530611743295,0.0
3943,-0.005441663944850239,-0.022076869400960115,0.0
3944,0.031092996799624628,0.1193534684168047,0.0
3945,-0.03473777353482266,-0.15325228680165726,0.0
3946,0.0007588254067127098,0.003175752601872215,0.0
3947,-0.03554821625337232,-0.15689936057008746,0.0
3948,-0.0629441789758155,-0.3118723261955005,0.0
3949,0.0358551894612639,0.12881163355196668,0.0
3950,-0.02430829937167228,-0.10089444751550891,0.0
3951,-0.019666306426283253,-0.07688567593570134,0.0
3952,0.012610566186451844,0.04560381156732309,0.0
3953,-0.008153381523619357,-0.033184656684296175,0.0
3954,0.0007861848057941767,0.0030909671491955015,0.0
3955,-0.029701521861718344,-0.1323687721745458,0.0
3956,0.006398326748779937,0.0236895542935812,0.0
3957,-0.036599171258917484,-0.15573733242444887,0.0
3958,-0.01644055281255513,-0.06825747263180784,0.0
3959,0.009537477186492227,0.035205593848264584,0.0
3960,0.019733819446043965,0.07399597066304267,0.0
3961,0.00268253289779799,0.010777371164234944,0.0
3962,-0.003224532920665546,-0.01304233439712673,0.0
3963,0.010585891401756475,0.040165548870342675,0.0
3964,0.021381857011085248,0.0748596902730837,0.0
3965,-0.05233651966215408,-0.2450114353896665,0.0
3966,-0.03570307117808122,-0.16200153227057007,0.0
3967,-0.027198125499096365,-0.11301519385260213,0.0
3968,0.013731557460630595,0.04795884339315379,0.0
3969,-0.025570626816948883,-0.1073590287682192,0.0
3970,-0.02472406381088532,-0.10089844936810378,0.0
3971,-0.021280847999609442,-0.09174881167453038,0.0
3972,-0.0435633971944763,-0.18843702042261842,0.0
3973,0.01131262823463669,0.04015116629448733,0.0
3974,0.054695852107141285,0.1760966256463451,0.0
3975,-0.010940472156331149,-0.04398147307238201,0.0
3976,-0.0025372429112502926,-0.009508195688932297,0.0
3977,0.008090076150567782,0.028458954639456958,0.0
3978,0.002933286837093263,0.011194717444717419,0.0
3979,0.01920437078577475,0.06695138990643248,0.0
3980,-0.016873654314692066,-0.06887537356851442,0.0
3981,0.0319678340954937,0.11164986642693658,0.0
3982,-0.02417224330624168,-0.10145197683210794,0.0
3983,-0.05000436190107718,-0.20269944556086233,0.0
3984,0.029441225354126077,0.09825117038621421,0.0
3985,0.0690617755946476,0.20909274725274735,0.0
3986,-0.02884602654659449,-0.12548384847851052,0.0
3987,0.04887218045112779,0.16290726817042597,0.0
3988,0.026924652405287353,0.09689849624060157,0.0
3989,-0.031552586335617194,-0.13965166590500325,0.0
3990,-0.03417660745151402,-0.15352491820982744,0.0
3991,0.024124581931800948,0.08069772344542507,0.0
3992,0.018406038406038383,0.0655415019762845,0.0
3993,0.004188605188565231,0.016544502312409753,0.0
3994,0.07102651472018076,0.22643142774166156,0.0
3995,-0.034975109902468854,-0.14911569528270727,0.0
3996,-0.042535502344992204,-0.17958860759493675,0.0
3997,-0.00893555078959718,-0.039548724794626386,0.0
3998,-0.007320969345931239,-0.02756374043184327,0.0
3999,0.03820342964051307,0.13912133891213388,0.0
4000,-0.021437849748507043,-0.08299403940876249,0.0
4001,-0.044362759332201435,-0.18508858197574152,0.0
4002,-0.03795911864147583,-0.17752703828734415,0.0
4003,-0.012470676439051642,-0.04948138482193434,0.0
4004,-0.03580657492041847,-0.1509572647213097,0.0
4005,0.020224288186302425,0.07591535068349906,0.0
4006,0.07136607519078611,0.22323363269495172,0.0
4007,0.05102259136811538,0.16157998398502477,0.0
4008,-0.027549091015169086,-0.11172325943533784,0.0
4009,0.06153287896344903,0.21496551222295832,0.0
4010,0.010444005605809686,0.041336274818783596,0.0
4011,-0.039599888500093966,-0.17846071123525198,0.0
4012,0.028078258547008572,0.10108173076923085,0.0
4013,-0.007311209805764302,-0.029670218702665313,0.0
4014,0.0001892904373834714,0.0007238627233589893,0.0
4015,0.0028901633099533974,0.01093235686808459,0.0
4016,0.060746291611501746,0.1988341920127748,0.0
4017,0.0023740216261679548,0.008582804478225741,0.0
4018,0.005560538730492615,0.019282418433676504,0.0
4019,0.0079483030400051,0.029678364344497978,0.0
4020,-3.286735928970108e-05,-0.00012212550868817028,0.0
4021,-0.02133211622511716,-0.08055187146670852,0.0
4022,0.030333341545739023,0.10588053181059848,0.0
4023,-0.005855866994265518,-0.024478251472923564,0.0
4024,0.0008409769892129826,0.0034176088971269764,0.0
4025,-0.023088849786071203,-0.1000039387136161,0.0
4026,-0.035756975513131395,-0.167493201087826,0.0
4027,0.06312246549170339,0.21564641453546368,0.0
4028,-0.0059092758375390575,-0.024253100588978484,0.0
4029,0.02278033327239823,0.08441973616493885,0.0
4030,0.0028310073891644194,0.011056638067716527,0.0
4031,-0.012931892568937453,-0.050647446525712694,0.0
4032,-0.007882110790203678,-0.030170074861369182,0.0
4033,0.009278301983941362,0.03536820618649207,0.0
4034,0.014300893399254083,0.05477574750830575,0.0
4035,0.054348811678947784,0.1710168808440906,0.0
4036,0.005567841449197364,0.01997410222383072,0.0
4037,-0.026389683350889648,-0.10306241200550147,0.0
4038,0.025204396467767176,0.08758594734282535,0.0
4039,-0.01173296965122933,-0.04622121179706376,0.0
4040,-0.015632240269690456,-0.06792083004878875,0.0
4041,0.06309767838757852,0.2003062268581567,0.0
4042,-0.027705903959427708,-0.1181237912849879,0.0
4043,-0.031711673300018284,-0.13919671672143705,0.0
4044,-0.039631871320785994,-0.16105121293800534,0.0
4045,0.026242340434841804,0.09219424436284533,0.0
4046,-0.0067953285123491525,-0.026622793897696676,0.0
4047,0.032472961676906054,0.10627217739937163,0.0
4048,0.006773069868918291,0.025584627457871444,0.0
4049,0.06191952783483473,0.20319532618358407,0.0
4050,0.03181215134672877,0.10691339888580491,0.0
4051,0.037879158184865674,0.13322180527570843,0.0
4052,0.062502449670021,0.198514865449925,0.0
4053,0.05052830039126077,0.1652006214636405,0.0
4054,0.009809809809809833,0.03645833333333342,0.0
4055,0.0344163473837647,0.11642824697671075,0.0
4056,-0.03789295448262675,-0.15092296597018806,0.0
4057,-0.029175436516821862,-0.1134783043777175,0.0
4058,-0.06665146336024153,-0.3074539287549199,0.0
4059,0.031558924738192495,0.11617343309421585,0.0
4060,0.01671686482052273,0.06309329823937312,0.0
4061,0.02682594528896945,0.09725516739570028,0.0
4062,0.03681073657270051,0.12193327567215921,0.0
4063,0.055577669865135126,0.18078450680694008,0.0
4064,-0.0393690860883818,-0.17734534764043475,0.0
4065,-0.0012866973896185074,-0.005045128326039549,0.0
4066,-0.04246255071948607,-0.17096630337475277,0.0
4067,-0.0037246147198617408,-0.014839553780471047,0.0
4068,-0.042492580281025316,-0.17982135790604323,0.0
4069,-0.0185943150674438,-0.07413803516364434,0.0
4070,0.0013492956444732807,0.005029331615994864,0.0
4071,0.0013528993056373673,0.005164936023179121,0.0
4072,-0.0488228372671515,-0.22450866628584532,0.0
4073,0.005317577548005881,0.019977802441731304,0.0
4074,0.00930374708131912,0.03607957843265104,0.0
4075,0.016271064955399345,0.06375919105876246,0.0
4076,-0.03243567822830157,-0.14255680801574516,0.0
4077,-0.013496273229620548,-0.05556341604080059,0.0
4078,-0.022322926114663105,-0.09486553767887733,0.0
4079,-0.040523477900888005,-0.1886550606449147,0.0
4080,0.01269312427418029,0.04501166545002478,0.0
4081,0.0020956014049132166,0.00871810875733314,0.0
4082,0.007956014582285509,0.032593672805066636,0.0
4083,-0.004132105795626173,-0.016467507617950006,0.0
4084,0.00600118835412955,0.021697099892588684,0.0
4085,-0.02378663063156705,-0.09032597611920644,0.0
4086,-0.008223346267003329,-0.03185948355830859,0.0
4087,-0.023178810270599426,-0.09703622916987982,0.0
4088,-0.03298064291048641,-0.1449253838599181,0.0
4089,0.05366867907319248,0.18242817099958455,0.0
4090,-0.02416976181250563,-0.09928239980755066,0.0
4091,0.010940421987040483,0.03951523780330394,0.0
4092,0.006046366861328645,0.02148572503670823,0.0
4093,0.01698577465555079,0.06338406284262724,0.0
4094,-0.017622736845483877,-0.06815444968781517,0.0
4095,-0.01361100024462153,-0.05530971830853272,0.0
4096,-0.03609782155917951,-0.14815688632742383,0.0
4097,-0.0241514375138126,-0.10204282740599678,0.0
4098,0.01509479080329773,0.0545008250470739,0.0
4099,-0.008176737190403793,-0.03197888312137374,0.0
4100,-0.012490709206483042,-0.04821384603855998,0.0
4101,0.04272393189705781,0.1382717162880051,0.0
4102,-0.02249288280619871,-0.09691620879120869,0.0
4103,0.015565381558028613,0.05646265859284889,0.0
4104,0.0076994454567794746,0.02944282590844565,0.0
4105,0.003748932439565311,0.014444032863910381,0.0
4106,-0.05023086450153383,-0.20460182863589949,0.0
4107,0.029251753138867298,0.10308056685279912,0.0
4108,0.004557880186554786,0.01740977527025574,0.0
4109,0.07315442283418605,0.2301257374677725,0.0
4110,-0.001104927254291066,-0.0038840569799318686,0.0
4111,0.0181246367470817,0.06460010484936804,0.0
4112,-0.0503566654080477,-0.22692051228989918,0.0
4113,-0.04208371546046136,-0.17650035887148718,0.0
4114,-0.04353836423616364,-0.18759189810161347,0.0
4115,0.009898918957969904,0.03797813096187763,0.0
4116,-0.010467105365100926,-0.04116167860688117,0.0
4117,-0.05378156516786839,-0.23737599448457647,0.0
4118,0.07045107664858741,0.223761443054124,0.0
4119,-0.04030244581466155,-0.17943440345907458,0.0
4120,0.10142730356894342,0.287881289804535,0.0
4121,4.258060932388341e-05,0.0001602720540229637,0.0
4122,0.03043617470615176,0.11542910336975491,0.0
4123,-0.007439408479803039,-0.030117322300900747,0.0
4124,0.005420581982245154,0.020182488367877192,0.0
4125,-0.045456591261992696,-0.20835744944212994,0.0
4126,0.00736567475428862,0.026718137829248957,0.0
4127,-0.02523206662708541,-0.11015873138837667,0.0
4128,0.0011611696278507333,0.004732154230633487,0.0
4129,-0.037107847083325596,-0.16410018849238045,0.0
4130,0.01938717670979967,0.0736931779116001,0.0
4131,0.04872853041094005,0.16239558769914905,0.0
4132,0.04112764194133106,0.13923376418781552,0.0
4133,0.055970384978288046,0.1906600328210498,0.0
4134,-0.02809723646485346,-0.11219014465801158,0.0
4135,0.022718836993504465,0.08161111111111105,0.0
4136,-0.04417943005408245,-0.18723918837015746,0.0
4137,-0.023151778712483084,-0.10019591811548377,0.0
4138,-0.03163510194567981,-0.12758250525857692,0.0
4139,-0.036929451426893634,-0.15579754971568352,0.0
4140,-0.03256533116317922,-0.12999625800371428,0.0
4141,-0.03750398961914181,-0.1595318961411256,0.0
4142,0.037782464444674646,0.13090655148940158,0.0
4143,-0.006909965482271296,-0.02582433305945105,0.0
4144,0.004663475669822892,0.01761461381573104,0.0
4145,-0.0017490247668119074,-0.007081940773594226,0.0
4146,-0.006011882456722795,-0.023062765575675416,0.0
4147,-0.026601214477994406,-0.1046108225169501,0.0
4148,0.019082475834112878,0.06899379932356256,0.0
4149,0.04359603616037114,0.16020169988828248,0.0
4150,-0.007783786698377482,-0.03077013921093654,0.0
4151,0.004901172416905103,0.019233388726945782,0.0
4152,-0.020738375690843552,-0.08346465991068373,0.0
4153,-0.026750621977469025,-0.11112788503411229,0.0
4154,0.01802954497393844,0.06433493370481858,0.0
4155,0.057462732914402515,0.18597574079692564,0.0
4156,0.010784724027069759,0.04040049302758011,0.0
4157,0.008026025583115881,0.030518826399003843,0.0
4158,-0.02763629613812965,-0.11376558529156343,0.0
4159,0.021453144631087606,0.08149331358750185,0.0
4160,0.0063928737298740435,0.025435154010565213,0.0
4161,-0.07749819639211233,-0.3642724810441499,0.0
4162,-0.00341411671795383,-0.013322814556197106,0.0
4163,-0.011414060843851825,-0.0474768911173714,0.0
4164,-0.0210641558078474,-0.08468909986029469,0.0
4165,0.11274410381219094,0.3148498552807532,0.0
4166,0.028204278432123836,0.10149220105388981,0.0
4167,-0.020368228720531234,-0.08423681877940974,0.0
4168,0.07316193245324737,0.230413049387873,0.0
4169,0.013350507048491778,0.0497595777159971,0.0
4170,-0.035714285714285726,-0.16666666666666674,0.0
4171,0.0007914442703076952,0.0030549027700145543,0.0
4172,-0.009376609994848017,-0.035162287480680066,0.0
4173,-0.010815911935647016,-0.0406529103788112,0.0
4174,-0.020587775016109727,-0.08652464160046115,0.0
4175,-0.016633783411311637,-0.07020673705676778,0.0
4176,-0.026525686099595963,-0.11136814276272314,0.0
4177,-0.013411228849297047,-0.06035948257807789,0.0
4178,0.02527359931722173,0.09268873209843356,0.0
4179,0.0003563824415984129,0.0014204925587385506,0.0
4180,0.07150923039751594,0.22089637386105843,0.0
4181,0.05193108597894089,0.1918465636049609,0.0
4182,0.012430901688308904,0.04626673754069143,0.0
4183,0.0033972628142295846,0.013308905310564912,0.0
4184,-0.03520639774368803,-0.1464603618295111,0.0
4185,0.008197937751547868,0.029951882435307737,0.0
4186,-0.014883101941801202,-0.057928036686322563,0.0
4187,0.018741396556321455,0.06857365296269936,0.0
4188,0.0070559610705595854,0.02780974299961632,0.0
4189,0.024869767726910574,0.09336677173687961,0.0
4190,0.026889146488129484,0.09903602977487874,0.0
4191,-0.010773803415771999,-0.04398323624766071,0.0
4192,-0.013480336867433662,-0.05264510255920839,0.0
4193,0.018045073834327463,0.06477210915285489,0.0
4194,-0.04538282226920248,-0.2076174782551704,0.0
4195,0.05203901715797821,0.17001502191974002,0.0
4196,0.007926000449472004,0.028049094242380692,0.0
4197,-0.03405745259185597,-0.14613583904922497,0.0
4198,-0.015979131993158868,-0.06164666254857908,0.0
4199,0.02685977036529441,0.09580174451265495,0.0
4200,-0.005825862361259315,-0.02402454270298725,0.0
4201,0.027784264549752746,0.09808869968486464,0.0
4202,-0.015907126248601855,-0.06314136096323704,0.0
4203,-0.020593859688450483,-0.08326331773438184,0.0
4204,-0.013530632346947624,-0.05658887249913285,0.0
4205,-0.020414166249930532,-0.08903277596025681,0.0
4206,-0.03938776450483353,-0.17200303628914243,0.0
4207,-0.022341053040193737,-0.09162624378109456,0.0
4208,-0.02832888890155444,-0.11224780007635939,0.0
4209,0.0012710921595781022,0.004747227941358849,0.0
4210,-0.024963125658470364,-0.10485748574857477,0.0
4211,-0.0016013172401102282,-0.0066642474276686165,0.0
4212,0.04217933461957632,0.1452311180651321,0.0
4213,-0.027308406661722295,-0.11110902324895927,0.0
4214,-0.03382808716029126,-0.1381414598732085,0.0
4215,-0.040272915787845254,-0.19269895843866922,0.0
4216,0.0006394443691848384,0.002437608546311679,0.0
4217,0.07671015603846504,0.23198158191941212,0.0
4218,-0.05545107298904747,-0.2533552966924022,0.0
4219,0.02914856842534913,0.09704376478794047,0.0
4220,-0.050297187089639955,-0.22503092145949305,0.0
4221,-0.03989477903597555,-0.17607695709862892,0.0
4222,0.019190869290849955,0.06656513448381075,0.0
4223,0.03848419509857809,0.13241654867428296,0.0
4224,0.058444460957836813,0.19230498503304586,0.0
4225,0.00817801445416505,0.03229267246003636,0.0
4226,-0.014873722722848759,-0.06116568758309477,0.0
4227,-0.03355410266482847,-0.14011277004036465,0.0
4228,0.003820138750356916,0.01486300495197005,0.0
4229,-0.015784692296169966,-0.06235420459717793,0.0
4230,-0.03952606119859328,-0.1709464669537138,0.0
4231,-0.05366835330577793,-0.23620912187447485,0.0
4232,-0.026935489495950482,-0.10823732330786538,0.0
4233,0.006197482211885541,0.023111012261713637,0.0
4234,-0.0605794516787036,-0.2608924223058673,0.0
4235,-0.015737666409175732,-0.06474598195037104,0.0
4236,0.00938025849414631,0.03543653208899717,0.0
4237,-0.041856021621737655,-0.17928674608024014,0.0
4238,-0.024361075313297148,-0.10461289698129099,0.0
4239,0.044132522512546846,0.14880000403614357,0.0
4240,0.017721198785795755,0.06164794949156336,0.0
4241,0.004462990904703423,0.01680391294568671,0.0
4242,-0.026738812830362113,-0.10475754067785704,0.0
4243,0.005581836512921656,0.021293211162015872,0.0
4244,-0.024505721384330076,-0.11005468946442051,0.0
4245,-0.016240001713685892,-0.0647726942628902,0.0
4246,0.017420489169016062,0.06287502710840781,0.0
4247,-0.04875004187981288,-0.2136970947781759,0.0
4248,-0.007471418020874976,-0.02832598212628021,0.0
4249,0.010733861124124888,0.04231227009474349,0.0
4250,0.0310646889149509,0.1019877632992388,0.0
4251,-0.045980206964665066,-0.20965510814922877,0.0
4252,-0.017017259588258254,-0.0688842364171412,0.0
4253,0.012337649413718177,0.050542641076487996,0.0
4254,-0.004324375242513612,-0.016286036930280075,0.0
4255,0.04014322328713982,0.13713838766797395,0.0
4256,-0.02123721808529591,-0.08626826940263572,0.0
4257,0.038382013438409024,0.1300074914786824,0.0
4258,-0.002036587951080082,-0.007814376196109587,0.0
4259,-0.056455170913405184,-0.25923443966667287,0.0
4260,0.003583434210619796,0.013896422003979376,0.0
4261,-0.0335634041552636,-0.14391273414094888,0.0
4262,0.01066046826241418,0.0389848065829541,0.0
4263,0.02466246274360573,0.0896469608135934,0.0
4264,-0.01422892621878008,-0.053489341370932475,0.0
4265,-0.019659688530737962,-0.07542212316197298,0.0
4266,0.0012603866397404295,0.0048161699047028945,0.0
4267,0.001565638883136683,0.006344273339021244,0.0
4268,-0.001520477899933259,-0.0059940537965529304,0.0
4269,-0.014890693953190925,-0.0610146627380451,0.0
4270,-0.05335576343121373,-0.23873633791025173,0.0
4271,-0.031259870755730335,-0.13836400293255138,0.0
4272,-0.00802261862776768,-0.034005081291238366,0.0
4273,-0.008961371327668333,-0.03564750152552717,0.0
4274,0.0307053215545616,0.10961932145502433,0.0
4275,-0.008545939310538958,-0.03665018023304556,0.0
4276,-0.034130434782608715,-0.14169675090252715,0.0
4277,0.030908636643014853,0.10790454786076645,0.0
4278,-0.03832518905582849,-0.17253810729685076,0.0
4279,0.013900030304650868,0.05279461051491247,0.0
4280,0.06426509723825277,0.21210711490494685,0.0
4281,-0.022394524899574553,-0.08609735058533576,0.0
4282,0.01170392449080973,0.04512026964914966,0.0
4283,-0.03916809579627378,-0.1613000388394661,0.0
4284,0.014155294189589995,0.049979308359422846,0.0
4285,-0.04657166967090637,-0.20703169713780328,0.0
4286,-0.02690850026617672,-0.11693447901648507,0.0
4287,0.05356994580893279,0.17878558601263458,0.0
4288,-0.027343984745370142,-0.11860368569455833,0.0
4289,-0.024695158473020423,-0.10183812970302708,0.0
4290,-0.055291496237943716,-0.24226960947007398,0.0
4291,-0.006684507146555468,-0.026984718730916183,0.0
4292,0.054781069637703156,0.18571570014753164,0.0
4293,0.010343596898218788,0.03721907652793196,0.0
4294,-0.032191749330205105,-0.14345880706570543,0.0
4295,-0.04185282403506327,-0.1758443278488106,0.0
4296,-0.00795160928585742,-0.030270024501755536,0.0
4297,0.011935805724527848,0.04323297867580897,0.0
4298,-0.04444827435323409,-0.20039293521802679,0.0
4299,-0.014997241573163345,-0.0637571174416894,0.0
4300,-0.03794890425247713,-0.16032137816064818,0.0
4301,-0.03224940040157048,-0.12325306354151515,0.0
4302,-0.016740580291782214,-0.06726632686250021,0.0
4303,0.0020273383634215048,0.007839651168585976,0.0
4304,0.010322161069031444,0.038337775906732964,0.0
4305,0.010683086804524955,0.04039469146218626,0.0
4306,0.032572181006519596,0.10712776744972122,0.0
4307,-0.0038855064511969795,-0.016114575244070093,0.0
4308,-0.0028691524620406694,-0.010566021371902556,0.0
4309,-0.009754973254385846,-0.03863937987641485,0.0
4310,-0.046810495626822185,-0.2105870625885317,0.0
4311,0.02007928522253577,0.07409030637169378,0.0
4312,-0.042929432013769364,-0.19067641122867104,0.0
4313,-0.006471376450014499,-0.026697383722532407,0.0
4314,0.008051830491451417,0.030330990425942558,0.0
4315,-0.04243787708354635,-0.17922694882314824,0.0
4316,0.07864936761628083,0.2381113467518443,0.0
4317,0.04404025189907723,0.15097519757791486,0.0
4318,-0.022715731597084787,-0.08808568584705774,0.0
4319,0.009012391458854768,0.03534615967277675,0.0
4320,-0.03374510843960837,-0.1490231648871482,0.0
4321,-0.025071072365067587,-0.105667648557064,0.0
4322,0.024922155888274955,0.0872934772382964,0.0
4323,-0.03374515472707654,-0.14611348766935708,0.0
4324,-0.02802968313080681,-0.11331572966760332,0.0
4325,0.04441472550874531,0.14690004735429793,0.0
4326,-0.008256805277188639,-0.03207087095623615,0.0
4327,0.008060509756114775,0.02926784023744349,0.0
4328,-0.013912351505528109,-0.05208133386996349,0.0
4329,-0.001888257816519301,-0.007312434138147554,0.0
4330,-0.026849476456552057,-0.10911576332461322,0.0
4331,-0.012809055704498085,-0.04959630911188013,0.0
4332,0.051402969028080614,0.16465171933255013,0.0
4333,0.03750813972838629,0.129094122045233,0.0
4334,0.044093531241897854,0.14739455438393761,0.0
4335,0.0475828551944395,0.15335888791056582,0.0
4336,0.1056584296634539,0.30564066267385315,0.0
4337,-0.053486333786133905,-0.25364051328867865,0.0
4338,0.0651853440682601,0.20439900523729618,0.0
4339,-0.04914409004864745,-0.21103050432654494,0.0
4340,-0.009594425828934827,-0.03843427422274954,0.0
4341,0.01918279164115,0.06780230074225813,0.0
4342,0.006911718504555464,0.025522041763341115,0.0
4343,-0.0046140360374220535,-0.017614322332237076,0.0
4344,-0.025105695802832062,-0.10419014452627903,0.0
4345,0.07576184582613918,0.24616842914329112,0.0
4346,0.02805140105498921,0.0993227385502581,0.0
4347,0.009751055486771604,0.03780080448793467,0.0
4348,-0.03209080138461992,-0.13981204582026052,0.0
4349,-0.011286790394951618,-0.0445728041987616,0.0
4350,0.06873923891625391,0.2220964809384164,0.0
4351,0.04306367271608738,0.14877789585547296,0.0
4352,-0.04160618946298372,-0.18904881313021518,0.0
4353,-0.016271176903875306,-0.06730175186188234,0.0
4354,0.016951843930261196,0.06560481595284379,0.0
4355,0.05052141100465754,0.17486927099354047,0.0
4356,0.02688549189092021,0.09250093335294311,0.0
4357,0.011594023773493833,0.041718122864448724,0.0
4358,-0.06636946757428688,-0.30442626837363695,0.0
4359,-0.03774114598329975,-0.1590716019417476,0.0
4360,-0.020881164453305012,-0.08525223616727046,0.0
4361,-0.006399514099758363,-0.025049314749691482,0.0
4362,-0.0295824104021693,-0.13168819080860966,0.0
4363,-0.03225410210704327,-0.138578985480565,0.0
4364,-0.02202478704954053,-0.08612864063653844,0.0
4365,-0.03245422938121642,-0.13529306541053,0.0
4366,-0.043912748397351375,-0.19605952939809623,0.0
4367,-0.037833009917618926,-0.1569475052934682,0.0
4368,-0.00216758480474899,-0.008385328068198515,0.0
4369,-0.005586757250073349,-0.022260874973898434,0.0
4370,0.002602948357039253,0.01115033489137748,0.0
4371,-0.03726485666084989,-0.14962669026938438,0.0
4372,-0.006031442752740923,-0.02370314022425144,0.0
4373,-0.004008457843333257,-0.0151338797842227,0.0
4374,2.8175453090639735e-06,1.1376439027716944e-05,0.0
4375,-0.07203516533477888,-0.31979528940504287,0.0
4376,-0.02251317699182645,-0.10059389719434776,0.0
4377,0.03972046052945816,0.13203261441216174,0.0
4378,-0.010339066000801367,-0.04113338593372711,0.0
4379,-0.015019930568080625,-0.06490891513851552,0.0
4380,0.006069951648982219,0.023422468792400317,0.0
4381,0.02924824311434432,0.09794617135657138,0.0
4382,-0.009806359228675399,-0.037901519838428814,0.0
4383,-0.03613114133523121,-0.15425553698072744,0.0
4384,0.03476028492426961,0.12991055794277717,0.0
4385,0.005169540609472306,0.021031635300075367,0.0
4386,0.0030452600793835494,0.011142579917656693,0.0
4387,0.0031468161987613097,0.012488698626406542,0.0
4388,-0.037988599819726465,-0.1713549943740068,0.0
4389,0.022905986491626312,0.08661731471748613,0.0
4390,0.0834152082121063,0.2647889575310148,0.0
4391,0.0425911024150063,0.14320930226811668,0.0
4392,0.03968406830741164,0.1403239052922558,0.0
4393,0.032757875585473606,0.11203333142665173,0.0
4394,-0.006124500324331261,-0.02370683170525457,0.0
4395,-0.049011941262863734,-0.2139641500236294,0.0
4396,-0.04016999792295772,-0.1592132426510633,0.0
4397,0.0228210273180737,0.09148060028241352,0.0
4398,-0.04023654660850118,-0.1706737031964995,0.0
4399,-0.02175845682583122,-0.08739863975309929,0.0
4400,-0.001814166926087657,-0.006739171218437571,0.0
4401,-0.005142209038562218,-0.021783427249364978,0.0
4402,-0.014949732502307744,-0.058575286423632834,0.0
4403,0.03553741015643622,0.12849070406901938,0.0
4404,-0.0010618236365584344,-0.004093197691948614,0.0
4405,-0.007307804735457446,-0.027533039647577008,0.0
4406,-0.03466539604411317,-0.14397220576584036,0.0
4407,-0.0006426104002842381,-0.002550574930022339,0.0
4408,-0.02700659405110442,-0.108874257645557,0.0
4409,0.03853226964263248,0.14025576963223854,0.0
4410,-0.0008689201727054563,-0.003267615427118124,0.0
4411,0.016262925233468423,0.0629009196384962,0.0
4412,0.027830479417535386,0.10191138970744942,0.0
4413,-0.023895892729156043,-0.10731651567566994,0.0
4414,-0.052784312729414556,-0.24332111570931178,0.0
4415,0.06778938561635126,0.2260116456969713,0.0
4416,-0.04154717671029981,-0.18387976273074627,0.0
4417,-0.010056242837747031,-0.03954675962472146,0.0
4418,-0.02126753717374083,-0.09277273014354931,0.0
4419,-0.02336035379748272,-0.09602774007465217,0.0
4420,-0.03651718990098329,-0.15339951717757197,0.0
4421,-0.006088640634176301,-0.023338637254952745,0.0
4422,-0.01924469155644365,-0.0809263952629938,0.0
4423,-0.013707239471717647,-0.054458056112929996,0.0
4424,-0.04795425275927079,-0.21304166117415835,0.0
4425,-0.02576844694976657,-0.10958032065388235,0.0
4426,-0.01698946458494391,-0.07341640889674471,0.0
4427,-0.024667927504830323,-0.10212403958638486,0.0
4428,-0.025235960310820177,-0.11125425304342125,0.0
4429,0.037792171593156454,0.12529648617131292,0.0
4430,-0.045542594778564094,-0.21814152196820466,0.0
4431,-0.006646051085410332,-0.026123738908472017,0.0
4432,-0.015729182302454237,-0.058306749325343535,0.0
4433,0.01533767401313102,0.052538260544979495,0.0
4434,-0.0376096448989785,-0.1524320236718316,0.0
4435,0.027370496558461188,0.09533750143517689,0.0
4436,-0.0013003227635539072,-0.005089194264254086,0.0
4437,-0.02721787973520559,-0.11822873230022805,0.0
4438,-0.036331673014942834,-0.1515892420537896,0.0
4439,-0.009754803308144322,-0.0380847577754887,0.0
4440,0.011603647228518477,0.04482141080489516,0.0
4441,-0.013513694611255622,-0.05266274277326121,0.0
4442,0.0052066088509717945,0.019700844819919867,0.0
4443,-0.009737028116057977,-0.0379451084106102,0.0
4444,-0.06734421165503496,-0.29951811782124244,0.0
4445,0.046785865594011794,0.16075524400397492,0.0
4446,-0.026665125471068113,-0.12261645297477683,0.0
4447,0.016345335348507933,0.06244031219637633,0.0
4448,-0.023067800481402723,-0.09142564681059956,0.0
4449,-0.025067019932382445,-0.11204892460636749,0.0
4450,-0.009902602969175417,-0.04037125016629552,0.0
4451,0.019247265043436268,0.07156760203368215,0.0
4452,0.022782576783485997,0.08385874395577253,0.0
4453,0.05134918928022375,0.18045091735048063,0.0
4454,0.01857950869433908,0.07316362216211603,0.0
4455,-0.01565870406762815,-0.06364937778100684,0.0
4456,0.025498775385243366,0.0916422152943333,0.0
4457,-0.015287131763468464,-0.06034299903355058,0.0
4458,0.01896596015690083,0.06552800152710812,0.0
4459,0.07277079355098232,0.22647423214452742,0.0
4460,-0.05307122212654919,-0.2314922538912152,0.0
4461,-0.03022835603400606,-0.12326090698215375,0.0
4462,0.017475824012092023,0.06493222372739815,0.0
4463,-0.03156180943607961,-0.13961947805802585,0.0
4464,0.0018254360744133225,0.006659533311985489,0.0
4465,0.0004101940838993068,0.001601352647899811,0.0
4466,-0.019449506241889347,-0.08303818015804136,0.0
4467,-0.01765487702705415,-0.0793772563176895,0.0
4468,-0.04420885829492521,-0.19596206358190943,0.0
4469,0.016011535716331904,0.05929605393614915,0.0
4470,0.028939228795227867,0.11420720094973513,0.0
4471,0.0075045409352587356,0.03149858806945447,0.0
4472,-0.01252863695916534,-0.048286576114224225,0.0
4473,0.032255636281651456,0.11037688195957522,0.0
4474,-0.003064601941522249,-0.011723431010979331,0.0
4475,-0.019093592538085874,-0.08279459064327487,0.0
4476,0.026311225471463084,0.09449285515264905,0.0
4477,-0.030214263983658562,-0.12326678251001806,0.0
4478,-0.024463543999231174,-0.11464552187810262,0.0
4479,-0.00045516981677984347,-0.0017431703497477204,0.0
4480,0.05829788677033848,0.18817229985510853,0.0
4481,-0.009572902523348692,-0.03861494093857422,0.0
4482,0.0062482175727878175,0.023951500695686634,0.0
4483,0.07115837851290407,0.22275036206585247,0.0
4484,-0.03566474247102519,-0.1545472173744425,0.0
4485,0.00850333462174574,0.03255198109524119,0.0
4486,-0.036731185359750784,-0.16156982050501992,0.0
4487,-0.031408867907062876,-0.12182389372587749,0.0
4488,-0.00835300248291082,-0.03278195488721801,0.0
4489,0.0017183872110954346,0.0068776160330470525,0.0
4490,0.02771521103310337,0.09625882179059249,0.0
4491,0.06798609101019182,0.22100656184226822,0.0
4492,-0.05516686284514852,-0.24950133169432503,0.0
4493,-0.03457726705115527,-0.15272756256974332,0.0
4494,0.00022448877941944057,0.0008760283066647005,0.0
4495,-0.007125791413264443,-0.028578793156264586,0.0
4496,-0.017590197159722598,-0.06674392787458788,0.0
4497,0.027118975081492414,0.09767578333509083,0.0
4498,0.00044466743512106,0.00167484647829766,0.0
4499,-0.03996568277118029,-0.17101832499524267,0.0
4500,-0.011052169535456291,-0.0477752064704448,0.0
4501,0.022237645473108247,0.07421033197945696,0.0
4502,-0.013536788270026578,-0.053942527210908246,0.0
4503,-0.04478040484107507,-0.19832128852693018,0.0
4504,0.006430038015084044,0.025690383365821898,0.0
4505,-0.018089648326442526,-0.07635357767562961,0.0
4506,0.011515707196832314,0.047285244026558745,0.0
4507,-0.006588388780169596,-0.02515566625155664,0.0
4508,0.007822908781691895,0.029805371456070717,0.0
4509,0.022439014414774694,0.08027687005153719,0.0
4510,-0.024123895515150262,-0.09904282568642438,0.0
4511,0.02469434663994627,0.09152393160613749,0.0
4512,0.08903828075888676,0.27107976087773367,0.0
4513,-0.04745753470351266,-0.21612088104697344,0.0
4514,-0.0448766785716434,-0.1876461118706462,0.0
4515,-0.04698404429546102,-0.21238516738027055,0.0
4516,-0.04024545544225924,-0.18913684831626423,0.0
4517,-0.0005476835019840309,-0.002137396659761907,0.0
4518,0.02007424628425447,0.07989023640420224,0.0
4519,0.005328607395384155,0.0197002260383095,0.0
4520,-0.04600855663285283,-0.2041250342431188,0.0
4521,0.019821514358069753,0.07392580901553977,0.0
4522,0.0147359477922131,0.055028522528993096,0.0
4523,-0.011390450942043384,-0.04467337511495245,0.0
4524,-0.028614993473468076,-0.12471677674929722,0.0
4525,-0.013792057652570855,-0.055052884847358693,0.0
4526,0.005922334036682353,0.022864707356811616,0.0
4527,-0.006594484734244954,-0.024987627063285316,0.0
4528,0.004199160167966398,0.016110471806674305,0.0
4529,0.014288841270938463,0.05876862135627916,0.0
4530,0.003297958370222176,0.012386820020440772,0.0
4531,-0.01996071978994407,-0.0737987387923471,0.0
4532,0.024609762888201714,0.08690078891039761,0.0
4533,-0.01675646599866687,-0.06500517526217751,0.0
4534,0.012372285167127184,0.04503401457153875,0.0
4535,0.003833238469131889,0.015262860373092001,0.0
4536,0.005917081954630976,0.02239511652590795,0.0
4537,-0.014496923433037129,-0.05918564309368093,0.0
4538,-0.029691446319686537,-0.12936170578821066,0.0
4539,-0.021248293610831415,-0.08456720629310853,0.0
4540,-0.043346913792495584,-0.18463383179624693,0.0
4541,0.044129461617338384,0.14820409303207052,0.0
4542,0.00236597036597036,0.0093067016143939,0.0
4543,0.024668486122626565,0.08620904207472992,0.0
4544,-0.009599228314824126,-0.039788622940627884,0.0
4545,0.04523902392461038,0.1551460420488217,0.0
4546,0.012271753183500711,0.043577245998553546,0.0
4547,0.014057556861690357,0.049846077313993764,0.0
4548,0.006803970574193907,0.02641729420121296,0.0
4549,-0.010220431912274813,-0.0447973476674383,0.0
4550,0.06519700072706283,0.21224275931848158,0.0
4551,0.02842001933391808,0.10087578905512212,0.0
4552,0.026195247584595238,0.09303630790484815,0.0
4553,0.0778736697041538,0.24209065294735427,0.0
4554,0.027213063316293806,0.10069126987582283,0.0
4555,-0.02880908230293064,-0.12065551338278353,0.0
4556,0.0774198987740134,0.2467563372868099,0.0
4557,-0.027618824265165737,-0.12136722775678464,0.0
4558,-0.004392013215542612,-0.016488701936040497,0.0
4559,0.01055855954785856,0.037917917174552146,0.0
4560,0.05156364582594089,0.182314319170291,0.0
4561,-0.02037634142586972,-0.08987847869512366,0.0
4562,0.010658532280836852,0.036371226586185385,0.0
4563,-0.017626651930871262,-0.07238223694950278,0.0
4564,0.005464096065977142,0.021089606632008474,0.0
4565,0.05041470166892681,0.1593914368141976,0.0
4566,0.02990423475229903,0.10195744235506068,0.0
4567,0.04331029265143982,0.14569636193912486,0.0
4568,-0.018098715455543646,-0.07860475271189556,0.0
4569,-0.017122085986147895,-0.06969026377366846,0.0
4570,-0.018745750784241233,-0.07901434739164045,0.0
4571,0.013186395786923433,0.04851380443403703,0.0
4572,-0.019757769005137094,-0.07586893591870464,0.0
4573,-0.0059515255425379165,-0.023515264807524666,0.0
4574,-0.03857932359372332,-0.16166353683166215,0.0
4575,0.01678800157964322,0.06285608672243521,0.0
4576,-0.038635249920819376,-0.16901686698097582,0.0
4577,0.029374598415078168,0.10236984512035825,0.0
4578,0.010439993180116014,0.0397725709634972,0.0
4579,-0.007111990474092694,-0.029171362888220892,0.0
4580,-0.03734248814492103,-0.175111374407583,0.0
4581,-0.032858324993020604,-0.14280572152139095,0.0
4582,-0.014909527870039435,-0.06152425657215068,0.0
4583,0.0019848287543369203,0.007330955156591712,0.0
4584,-0.017929438982070584,-0.07560975609756107,0.0
4585,0.0024214077849503135,0.008791451140783654,0.0
4586,-0.0068622981956315,-0.025439183242386795,0.0
4587,-0.017826751840608362,-0.0750392091024623,0.0
4588,0.016377065754724113,0.06423961708015022,0.0
4589,0.05686202132095669,0.18597901518914928,0.0
4590,-0.044583034965888974,-0.2049296403556894,0.0
4591,0.02819937914462295,0.10033009536901683,0.0
4592,-0.0008915417189327979,-0.0033783676008484046,0.0
4593,0.04097525254904316,0.13925616527073356,0.0
4594,-0.02384068810770379,-0.10271213748657347,0.0
4595,-0.008227132435767948,-0.033346661056219196,0.0
4596,0.06699101127611284,0.21010817172962667,0.0
4597,0.0426198100252943,0.14033564877315433,0.0
4598,-0.0031111293102430437,-0.011906879687358745,0.0
4599,0.015858945229086707,0.05943516464249351,0.0
4600,0.036423502027711774,0.1267886648385745,0.0
4601,-0.018502594713774856,-0.07116868342124322,0.0
4602,0.01792323505503607,0.06648107830624922,0.0
4603,0.03998228708505733,0.13791358519845723,0.0
4604,-0.016392690028308926,-0.06696630087104138,0.0
4605,0.03792414728298632,0.1280085832905723,0.0
4606,-0.07386510387582565,-0.32300808382614526,0.0
4607,-0.021094801390842605,-0.08542479671037626,0.0
4608,-0.01941797073490026,-0.07753765733544274,0.0
4609,0.01347151354954218,0.050887258373784335,0.0
4610,-0.0224481608003127,-0.09835913277618122,0.0
4611,-0.02116365428565098,-0.08674296810701232,0.0
4612,-0.019857714571068857,-0.08118440348506194,0.0
4613,-0.0009227344535401583,-0.0037134435325396615,0.0
4614,0.026208603881285486,0.09177270611518384,0.0
4615,0.014956823365743444,0.05505701092772006,0.0
4616,0.0018874450135046295,0.007167341851043802,0.0
4617,-0.001972178843171246,-0.007724176697472552,0.0
4618,-0.020906994419456926,-0.08510550378520983,0.0
4619,-0.01452677414205017,-0.05973659151969557,0.0
4620,-0.021009921808265997,-0.08816433445922664,0.0
4621,-0.048743124516165665,-0.20825514975155862,0.0
4622,0.04871130873406304,0.15915965457204453,0.0
4623,-0.04822823483781438,-0.22094830249641467,0.0
4624,-0.025158042786801865,-0.10778865700260098,0.0
4625,0.0223060008930151,0.08355124615277808,0.0
4626,0.014841109928555862,0.05447753279852218,0.0
4627,0.01452499365496615,0.0552347250163194,0.0
4628,0.03038901591557977,0.1087398265153137,0.0
4629,0.02836608996303125,0.10181735602624462,0.0
4630,-0.011538477791441099,-0.0463346343118954,0.0
4631,-0.03050492814272343,-0.14302310571834265,0.0
4632,-0.0038711006832731765,-0.014428246268135755,0.0
4633,0.0055578881785675605,0.022590954259304633,0.0
4634,-0.052037064145053186,-0.23863392849743265,0.0
4635,0.008286488919980822,0.03307657120332058,0.0
4636,-0.054012300293385385,-0.2543971954994882,0.0
4637,-0.04794084971076118,-0.22635025141988913,0.0
4638,0.0743107111265559,0.225157864824038,0.0
4639,-0.03552587776842189,-0.16120394997956303,0.0
4640,0.011127006047417565,0.04090664946450163,0.0
4641,-0.002381908303083602,-0.009357097523968093,0.0
4642,-0.029303970935050022,-0.1290858466506001,0.0
4643,-0.030717810156064645,-0.12490217022135376,0.0
4644,0.009970539619497343,0.03731415835202701,0.0
4645,0.07127328920741544,0.22100941376926006,0.0
4646,0.0404635444836243,0.14428621901288013,0.0
4647,-0.036380391583997806,-0.1503782811580824,0.0
4648,-0.040440474853941255,-0.16661283523553708,0.0
4649,-0.04036996907567328,-0.17615531171109544,0.0
4650,-0.004998612141842607,-0.0191858495444253,0.0
4651,0.02490920078960185,0.08630474931833658,0.0
4652,-0.030598554210635204,-0.12880463258459837,0.0
4653,-0.006733260011812625,-0.02685994072263492,0.0
4654,-0.04473127463817109,-0.1998729917208835,0.0
4655,-0.0008362147427198874,-0.0032252619373186893,0.0
4656,-0.00030253194095825053,-0.001177054651760466,0.0
4657,0.013628080834912848,0.04984537662047446,0.0
4658,0.05994994556614114,0.19337098817008655,0.0
4659,-0.024199268279990194,-0.10747963299130779,0.0
4660,-0.045102589956796835,-0.20548052480974327,0.0
4661,-0.03371709015042185,-0.1418559223557074,0.0
4662,-0.014495443111056106,-0.05647039922885364,0.0
4663,-0.01674253636947204,-0.06506932999557424,0.0
4664,-0.049124600579570826,-0.21731606251220997,0.0
4665,0.002699275335652229,0.009663051311000101,0.0
4666,0.08872822459758417,0.27496190267067216,0.0
4667,0.027380866039963925,0.09541378873482677,0.0
4668,-0.005959182096491045,-0.02265140473398454,0.0
4669,-0.014399190047134719,-0.05837692831830118,0.0
4670,-0.0066707113893984815,-0.02775181669949753,0.0
4671,0.010555797789840338,0.03801216166672986,0.0
4672,0.007889721135910632,0.029513737935831594,0.0
4673,-0.01706204864599431,-0.07403868259595976,0.0
4674,0.09798011980492857,0.30214512115112835,0.0
4675,-0.06809552865609209,-0.3244932111807265,0.0
4676,0.05414801446432785,0.18563389443349804,0.0
4677,-0.005060228726032012,-0.020823833409332717,0.0
4678,-0.01374076621011322,-0.05450828770820326,0.0
4679,-0.008627501946857574,-0.035098951034102016,0.0
4680,-0.029672072033171903,-0.13381296298228107,0.0
4681,-0.014777852788947915,-0.06144083309604196,0.0
4682,0.01925690730837787,0.0683309614168247,0.0
4683,-0.010533487710017997,-0.04094587141231414,0.0
4684,0.04332944405355593,0.14556544634521063,0.0
4685,-0.019807320339235213,-0.07904502721425029,0.0
4686,0.02067614170943738,0.07327449585704315,0.0
4687,-0.05733283154850144,-0.2542388344693812,0.0
4688,-0.05645291761870194,-0.2527633859830913,0.0
4689,-0.004174643426314739,-0.01573984845908188,0.0
4690,-0.024019228450639585,-0.1080396764769341,0.0
4691,0.03537367931152133,0.12998139850271698,0.0
4692,-0.04277549677961043,-0.19806420184388765,0.0
4693,-0.01195877838295134,-0.04387911851358393,0.0
4694,0.0047962449327927925,0.018715657434644907,0.0
4695,-0.02881284280744742,-0.12263927964195569,0.0
4696,0.05064316610822617,0.15832809619731433,0.0
4697,0.04865005842175399,0.17477181343939685,0.0
4698,-0.0036102681860565866,-0.013726454441951988,0.0
4699,-0.031926406926406914,-0.13441676792223567,0.0
4700,0.01549299223717826,0.05901007337395838,0.0
4701,-0.04449215057243108,-0.20713302806709538,0.0
4702,-0.014841966637401227,-0.058338365973600204,0.0
4703,-0.028237625304332714,-0.12759641620851142,0.0
4704,0.01842772455938485,0.07236144902010545,0.0
4705,-0.0027998278198771986,-0.010581207214355577,0.0
4706,-0.044271176424915876,-0.19810637398917194,0.0
4707,-0.022671241845220458,-0.09180783549114038,0.0
4708,0.035086032435006353,0.12048836861925012,0.0
4709,0.032730951071284875,0.11069073958782305,0.0
4710,0.010110358387113993,0.03585494646555989,0.0
4711,-0.02287157847459162,-0.0986372292527053,0.0
4712,-0.025632520838333672,-0.11222164925048823,0.0
4713,0.0319061930395903,0.11506192376628951,0.0
4714,-0.012283621852313603,-0.053281187779780664,0.0
4715,-0.04140522836223989,-0.19618057039844358,0.0
4716,-0.04806927980795725,-0.21195026077485396,0.0
4717,0.04792784990769386,0.1659235818686019,0.0
4718,-0.014201274374006478,-0.05462909577742815,0.0
4719,-0.01874148557670202,-0.075123244943543,0.0
4720,-0.04831994676704543,-0.21125791312118627,0.0
4721,-0.01240474937082553,-0.04696279287188915,0.0
4722,0.03379807678499111,0.12047848922925711,0.0
4723,0.0173111763289428,0.06285492829183503,0.0
4724,-0.04318479631445782,-0.19866168748696744,0.0
4725,0.00369909157692927,0.01516036055882943,0.0
4726,-0.04384014159827268,-0.19470013726632615,0.0
4727,0.0001867088283275531,0.0007421452590101183,0.0
4728,0.023717022973795687,0.0808682863594364,0.0
4729,-0.020837952980095442,-0.08337626961167297,0.0
4730,-0.03729759030356711,-0.16052185543933742,0.0
4731,-0.038460072020500974,-0.169897856222543,0.0
4732,0.05091965332069209,0.16137464274827704,0.0
4733,-0.005583396571730903,-0.022200346141461852,0.0
4734,-0.05112652007329671,-0.22408096959077148,0.0
4735,-0.009604136569941024,-0.03802275480309226,0.0
4736,-0.041317998564783714,-0.17373963347117694,0.0
4737,-0.03957094556051008,-0.17269669844488927,0.0
4738,0.045445002371736765,0.14537006693392354,0.0
4739,-0.057733241557742676,-0.2642055449181961,0.0
4740,-0.025882492854056582,-0.09905857730190426,0.0
4741,-0.04276038525367029,-0.19303259628799732,0.0
4742,0.021335485490345557,0.07992491446494705,0.0
4743,0.06875822320722635,0.21225942792791733,0.0
4744,-0.005428487710010976,-0.021043225453241166,0.0
4745,-0.034523376676924705,-0.15132819335307726,0.0
4746,0.004671488848704053,0.018343195266272243,0.0
4747,-0.020326487625065837,-0.08958514650420661,0.0
4748,-0.005736443912940203,-0.022282837558048385,0.0
4749,0.009374576530431944,0.035388239063926186,0.0
4750,-0.03571969091393551,-0.1657221974978984,0.0
4751,-0.0009345411850502083,-0.0036595685345456887,0.0
4752,-0.01191280566280567,-0.04659723751691159,0.0
4753,-0.037300119825918965,-0.16565354263003015,0.0
4754,0.004859770483512049,0.019015996033130676,0.0
4755,0.02301013603335389,0.08325072268488959,0.0
4756,-0.021077283372365335,-0.0920716112531969,0.0
4757,-0.019366525181196415,-0.08606483790523686,0.0
4758,0.016995782722172448,0.05851482930814122,0.0
4759,-0.04081677269845435,-0.17971795735669255,0.0
4760,-0.04876647868052139,-0.20655789321456497,0.0
4761,0.0226319409525646,0.08219881292300571,0.0
4762,-0.02442901775789691,-0.10505394870604978,0.0
4763,0.05797789805661929,0.18532117763661163,0.0
4764,-0.035576592082616154,-0.15963855421686735,0.0
4765,0.033071598364552646,0.11632326264588322,0.0
4766,0.004397083088938186,0.017705587904791098,0.0
4767,-0.002875155477107205,-0.010922934780234072,0.0
4768,-0.037543979134795985,-0.16021835512984103,0.0
4769,0.018469832325052393,0.06783352366849951,0.0
4770,-0.009369954108948753,-0.03879530260380013,0.0
4771,0.02698532502258033,0.09521883184500332,0.0
4772,0.009206978457531045,0.034152640484460005,0.0
4773,-0.04798359156295906,-0.20920845921450149,0.0
4774,0.029795689234905665,0.10265741669169179,0.0
4775,-0.004007717806039257,-0.015441366552573145,0.0
4776,0.0030858092150577443,0.010894391677973918,0.0
4777,-0.011307392885555212,-0.045068229432082135,0.0
4778,-0.00029890216956346416,-0.0011758409178950415,0.0
4779,0.008941087228273414,0.034169888662453476,0.0
4780,-0.004998916910616991,-0.018683166627123316,0.0
4781,-0.03359243674136059,-0.14118926419865088,0.0
4782,0.024391218641179768,0.09253545761010155,0.0
4783,-0.028891466854005926,-0.1271737191178233,0.0
4784,0.03834921963945659,0.13426459679509525,0.0
4785,0.026297279296508547,0.09201273779168656,0.0
4786,0.01460873101341087,0.05403607282627198,0.0
4787,-0.029103719409089346,-0.12387921011119164,0.0
4788,-0.014527654896212328,-0.05459374385205583,0.0
4789,0.04688625402775731,0.1593823156719143,0.0
4790,-0.006422362005624238,-0.02652610808526438,0.0
4791,-0.02025539281811206,-0.07960462292163994,0.0
4792,-0.034527507035116756,-0.1551944179851157,0.0
4793,0.021231320163548506,0.07192696978483502,0.0
4794,0.030222365626092373,0.10619803476946348,0.0
4795,0.006274717724649215,0.023507904218685798,0.0
4796,-0.02637546905660812,-0.1176269267306592,0.0
4797,0.005933928207984718,0.021288206460439267,0.0
4798,-0.05520106486974008,-0.24945291339869885,0.0
4799,0.014256599933378133,0.0524167657550536,0.0
4800,-0.046652641745781404,-0.1998326647056305,0.0
4801,-0.017742620676947596,-0.07036007144596879,0.0
4802,-0.005095110115402757,-0.020855253590644975,0.0
4803,-0.015214020266456046,-0.06221934453056039,0.0
4804,-0.011566022166760892,-0.04393781528209053,0.0
4805,-0.02147128000330209,-0.09481265222510765,0.0
4806,-0.0003907260654596456,-0.0015019774855296207,0.0
4807,0.12151592857477758,0.34324304500018343,0.0
4808,0.0687770601373471,0.2215461256476306,0.0
4809,0.012062087067503169,0.04427212930307026,0.0
4810,0.024452933790399867,0.08686462888002887,0.0
4811,-0.010039619017551238,-0.04006228810356973,0.0
4812,0.030900325220358515,0.10535816216722031,0.0
4813,-0.013135481430581603,-0.05257335031905029,0.0
4814,-0.018486764199843297,-0.0715623486320418,0.0
4815,0.012505766347595426,0.04505089322808473,0.0
4816,0.0671438280255075,0.21192061939991025,0.0
4817,-0.0483395958072205,-0.20725526826887597,0.0
4818,0.03012835488458493,0.10661050631001413,0.0
4819,-0.033535993870754455,-0.14804177474477193,0.0
4820,-0.02838559168915622,-0.12538487933554113,0.0
4821,0.016897366249369328,0.06204874338259183,0.0
4822,-0.030163971657747174,-0.1287784226146804,0.0
4823,-0.06429225394321494,-0.2934494215413406,0.0
4824,-0.01511178428866694,-0.059646282226927354,0.0
4825,0.006702512618370349,0.025777726899191056,0.0
4826,0.029051826284065774,0.10200694607745613,0.0
4827,-0.05330877155627539,-0.2419343851978583,0.0
4828,0.07610845295055818,0.2318756073858114,0.0
4829,0.032330556537003396,0.1131399496899551,0.0
4830,0.0546904566876788,0.1741132505604779,0.0
4831,0.047035662808114,0.1490248154301167,0.0
4832,0.02000143338613586,0.06970838542413874,0.0
4833,-0.014260676365517477,-0.054673982947119545,0.0
4834,-0.03843874262985841,-0.15572032834711963,0.0
4835,0.0004717065086935479,0.0018098929494277441,0.0
4836,-0.05078696357417398,-0.2276771600020234,0.0
4837,-0.014344007021418137,-0.05785473153811558,0.0
4838,-0.00704785820467313,-0.027730514624570022,0.0
4839,-0.003570746592954699,-0.013220216247196428,0.0
4840,-0.007367538512112859,-0.029675055361363886,0.0
4841,-0.06637458460143239,-0.3300368349130698,0.0
4842,0.000945645419468788,0.003609374723911017,0.0
4843,0.02002148687450095,0.07303032054451833,0.0
4844,-0.03476615443596437,-0.14258681455798974,0.0
4845,0.04027258398954847,0.14110609794827772,0.0
4846,0.01629704332369636,0.059828016188320524,0.0
4847,-0.0500421179291759,-0.23384042872755867,0.0
4848,-0.006637535118547755,-0.024773162568438076,0.0
4849,0.028700401580325552,0.09788254242672757,0.0
4850,-0.0049085779596319545,-0.01881893343991786,0.0
4851,-0.05751595732199455,-0.2464454131174547,0.0
4852,0.01752255985911272,0.06484894393775381,0.0
4853,-0.0039858810446535275,-0.015499121349497566,0.0
4854,-0.026851707948257364,-0.10902440456099677,0.0
4855,-0.03259145574944197,-0.14022682755785545,0.0
4856,-0.016091670028899885,-0.06368232173506012,0.0
4857,-0.03719486355982293,-0.16045581647072982,0.0
4858,0.050109648855730354,0.1752764698197763,0.0
4859,0.032789548940595326,0.11191215616681448,0.0
4860,-0.012419163197373295,-0.04636025055019462,0.0
4861,0.008928046922368982,0.032336117487137495,0.0
4862,0.02939945756720419,0.10364988304433251,0.0
4863,-0.03243986363387849,-0.14266877125759655,0.0
4864,0.0392345169313873,0.13221383701465428,0.0
4865,-0.03404875276153921,-0.15326281695851005,0.0
4866,-0.01514986752512898,-0.05998699031947622,0.0
4867,0.02412011401935127,0.08659604409620099,0.0
4868,0.038010012379204705,0.1299071360585111,0.0
4869,0.059966064683635384,0.1976407307150333,0.0
4870,0.06376345634730729,0.1988812567023156,0.0
4871,0.010337381392352324,0.04335239321417756,0.0
4872,-0.027680783880605492,-0.11283466134883288,0.0
4873,0.02458525765546954,0.09105546799857539,0.0
4874,-0.02009947473136775,-0.0880511604577995,0.0
4875,0.04109427905382651,0.1386353569717627,0.0
4876,-0.011339447106741507,-0.04629707036017751,0.0
4877,-0.01906494836730377,-0.07582701686350568,0.0
4878,0.02939005688521984,0.10455952610273887,0.0
4879,-0.01572070289628505,-0.065098351821749,0.0
4880,0.01718840160773727,0.062326969546640236,0.0
4881,0.043314145504264434,0.14251049680469333,0.0
4882,0.0006878137629258152,0.002642569370595029,0.0
4883,-0.012747072894372435,-0.04792559108229014,0.0
4884,-0.030537506948458082,-0.1380755018475981,0.0
4885,-0.035273925487215446,-0.14711913639938137,0.0
4886,0.036153229456854646,0.13257544300826268,0.0
4887,-0.024726562905587085,-0.10756666907566659,0.0
4888,-0.020706093454896685,-0.09184242241639043,0.0
4889,-0.013006117105500481,-0.0494441263815758,0.0
4890,0.025092058472742068,0.09178999118369453,0.0
4891,0.005291101921546637,0.01999950691551,0.0
4892,0.12070495748722826,0.33091296484647104,0.0
4893,0.008669911496751281,0.03251466233361614,0.0
4894,0.06122873764306641,0.18910099925137516,0.0
4895,0.00748015393365159,0.029077054071202615,0.0
4896,0.01070336391437307,0.041816009557944976,0.0
4897,-0.03553145487515694,-0.15439048412758546,0.0
4898,0.008927968448208312,0.0342238790514652,0.0
4899,-0.021135135761735757,-0.08534761267030287,0.0
4900,-0.03110288303924405,-0.1276991290577989,0.0
4901,-0.052575098384157526,-0.2438759391254093,0.0
4902,0.011800177960448827,0.04587302247311105,0.0
4903,0.02932590186973119,0.10775870114646455,0.0
4904,0.045805272692736765,0.15644338797118013,0.0
4905,-0.04585848101357701,-0.20892457366212405,0.0
4906,-0.026618545686701134,-0.1173396128884038,0.0
4907,-0.01948478648213886,-0.07895718459044118,0.0
4908,0.0421031693535569,0.13820545903846682,0.0
4909,0.03500115341802368,0.12132465027182338,0.0
4910,0.04113774615510457,0.135565620680235,0.0
4911,0.004146165965196902,0.015070614491474132,0.0
4912,-0.01078128158479888,-0.04580077286389013,0.0
4913,0.04162116952814626,0.14853044812005137,0.0
4914,-0.03740145828923658,-0.1588622242159659,0.0
4915,-0.02716293417120172,-0.11799662289518179,0.0
4916,0.008283068169186336,0.03010098299080285,0.0
4917,0.013943629460529017,0.048839905965268125,0.0
4918,-0.03240785449863193,-0.1314767050834178,0.0
4919,0.018075035359483405,0.06222616674668885,0.0
4920,0.008494927579445977,0.031164083868940387,0.0
4921,0.04274669839559947,0.14540994490657094,0.0
4922,0.026327912609913545,0.09668392232086495,0.0
4923,-0.029637453122576124,-0.13315875012987546,0.0
4924,0.013365741549769383,0.05160920950394635,0.0
4925,-0.0072309095357786235,-0.0295489664951733,0.0
4926,-0.01278245847215595,-0.05162503809093493,0.0
4927,-0.03695198639574365,-0.15014554082942067,0.0
4928,0.00556147846717675,0.020725691964239554,0.0
4929,0.02949414762860561,0.10788648737832052,0.0
4930,0.04677370175272583,0.1494724816880586,0.0
4931,0.0605085881948032,0.18902292624366818,0.0
4932,0.048486513883036875,0.16959716348413006,0.0
4933,-0.04506646670085604,-0.20455069536818057,0.0
4934,0.014944824141549157,0.05750546153420715,0.0
4935,-0.06619752041736826,-0.3089507959479016,0.0
4936,0.014688486405333212,0.057552784349868685,0.0
4937,-0.044965657313516455,-0.20112325610015325,0.0
4938,0.025429714505344758,0.09250197459804446,0.0
4939,-0.0128409113356667,-0.05613783032644032,0.0
4940,-0.012196761499732423,-0.04910161663549958,0.0
4941,-0.0018848531857370565,-0.007532752484341382,0.0
4942,0.03845603816147217,0.13495732287385148,0.0
4943,-0.03925643990075475,-0.18057962354347187,0.0
4944,0.015699928578716438,0.05943414445731936,0.0
4945,0.023120765726918457,0.08627795658656386,0.0
4946,-0.02686122477390357,-0.10953339145243693,0.0
4947,-0.040463131323534685,-0.17109691110213732,0.0
4948,-0.021687338646780185,-0.09098354927530164,0.0
4949,0.0012552016670067667,0.004958839191929143,0.0
4950,-0.03552172697491568,-0.1481641190206724,0.0
4951,-0.011419506955274022,-0.049604382227632374,0.0
4952,-0.024365113746794814,-0.10143302788067841,0.0
4953,-0.00011361328671710691,-0.00043818519357406125,0.0
4954,-0.01751745455604531,-0.07275512862319178,0.0
4955,0.031772694947032026,0.11490399268515693,0.0
4956,0.013107532356172458,0.04778044982935553,0.0
4957,0.00828461227357058,0.029743997146516644,0.0
4958,-0.04318053153835,-0.19008394817271063,0.0
4959,-0.02929763489524953,-0.11994919650200493,0.0
4960,-0.023073241708244097,-0.0904630200768053,0.0
4961,0.01183044520651877,0.043209106804887036,0.0
4962,-0.024705389197508254,-0.10385357471247028,0.0
4963,0.0016562304235449576,0.006383980956734,0.0
4964,0.009668791465002657,0.037099913317959636,0.0
4965,-0.008581431478561885,-0.033784465901264854,0.0
4966,0.007918889676528762,0.030433379933326222,0.0
4967,-0.022666980095601752,-0.09069506646635384,0.0
4968,0.047265215280325845,0.15674441914867526,0.0
4969,0.03969043569875905,0.14095028513518315,0.0
4970,0.06135317184588751,0.19542574060074527,0.0
4971,0.010048047529244652,0.038198351089314596,0.0
4972,-0.04610473115781474,-0.19535805960162247,0.0
4973,-0.022271919536240914,-0.08682406015471487,0.0
4974,-0.02302430497264657,-0.09097015601080638,0.0
4975,-0.003340761605233944,-0.012812537172217765,0.0
4976,-0.025100460770601546,-0.10715844510115931,0.0
4977,0.003704929030387105,0.013670482816489934,0.0
4978,-0.01825846605356035,-0.0736553378240457,0.0
4979,0.006145612463574229,0.024369009421430266,0.0
4980,-0.0041221735953364536,-0.01645474706938422,0.0
4981,0.0914979864531596,0.27725313988481726,0.0
4982,0.05714609182730018,0.18081023454157777,0.0
4983,-0.006883860655418905,-0.026204819277108618,0.0
4984,0.0041579719190313336,0.016899980756062877,0.0
4985,-0.017774489540340527,-0.0756459425060475,0.0
4986,0.10677734424325075,0.30513344429258965,0.0
4987,0.01162957381929608,0.04182390326186028,0.0
4988,-0.017680351701518937,-0.06968882369120755,0.0
4989,0.03969814853874165,0.1407989768281674,0.0
4990,-0.019529127407830388,-0.07843892447060177,0.0
4991,0.03009082755236847,0.10339551515882471,0.0
4992,-0.0051967924013180955,-0.020195664779106098,0.0
4993,0.05919084049229156,0.1824289128300067,0.0
4994,0.02745981242263784,0.0952675521893207,0.0
4995,0.058119993224377775,0.19098277608915906,0.0
4996,-0.011083120228947085,-0.04515395155244177,0.0
4997,-0.062043230995589255,-0.266530284464198,0.0
4998,0.08613371481158455,0.2558312260910009,0.0
4999,0.06789239767406521,0.2261431477155908,0.0
5000,0.035137142773141616,0.12088364430295184,0.0
5001,-0.05022907542965341,-0.2175735751325448,0.0
5002,-0.01735639505994957,-0.07031177226652048,0.0
5003,-0.0399847861808153,-0.17847986086315518,0.0
5004,-0.02328281281894265,-0.10318312885169903,0.0
5005,-0.011626157167171719,-0.048307980896732314,0.0
5006,-0.02167703648259406,-0.08637346484454046,0.0
5007,0.04668251251935379,0.15040537057319148,0.0
5008,0.002841132096996546,0.011090442703334752,0.0
5009,-0.05241646565173633,-0.253151031038693,0.0
5010,-0.005216932306968458,-0.0202825951438573,0.0
5011,-0.0011350289355605836,-0.004712629187212942,0.0
5012,-0.03925299300412724,-0.16780894441984467,0.0
5013,-0.02740607522041469,-0.11140734673937248,0.0
5014,-0.03337780562801096,-0.14563351012818712,0.0
5015,-0.0023290436283242566,-0.008506736399846629,0.0
5016,0.030276942169132542,0.1118944985126045,0.0
5017,0.00522199349459318,0.020047861599034236,0.0
5018,0.006005971529230381,0.022987394576416045,0.0
5019,-0.05439317926976911,-0.2451563215729309,0.0
5020,0.08478407266678739,0.25807081767873,0.0
5021,0.003960246154295077,0.015247411423093929,0.0
5022,-0.014990148308341777,-0.056353074025095845,0.0
5023,-0.012073441607848068,-0.04449360120400403,0.0
5024,0.0034393005811994004,0.012696879836199132,0.0
5025,-0.02493580997858752,-0.10211356405680137,0.0
5026,-0.022912870750521674,-0.09926006619174028,0.0
5027,-0.036084155224655745,-0.15598095565210085,0.0
5028,-0.004849618740383421,-0.018469471599635835,0.0
5029,-0.03689306097694592,-0.18523735698290184,0.0
5030,-0.003709512768162171,-0.014430176404853074,0.0
5031,0.032468691799425575,0.11649500423396922,0.0
5032,0.024944592398684462,0.0876265606639012,0.0
5033,-0.05035613856563059,-0.22379017963608702,0.0
5034,0.004284932453109513,0.016093801418371953,0.0
5035,-0.005335493097193389,-0.020147549502242762,0.0
5036,-0.05198428597871879,-0.2318798438399922,0.0
5037,0.014068501833411129,0.050622298173786044,0.0
5038,-0.01668001408680958,-0.06328981616215432,0.0
5039,0.04785243848844423,0.15619035922628194,0.0
5040,0.004926066974952292,0.01937815196766947,0.0
5041,-0.019255971833925606,-0.0788085871642126,0.0
5042,0.0018159004919350852,0.006999005421324417,0.0
5043,-0.012506629212828357,-0.04978829534249766,0.0
5044,-0.01685427357352004,-0.06631222534706753,0.0
5045,0.004368457614507049,0.017124556326624966,0.0
5046,-0.03501799458467145,-0.14233120379576136,0.0
5047,0.006696301129643978,0.02567925433200575,0.0
5048,0.023434306288034334,0.08277764656484542,0.0
5049,0.004292125965898841,0.016316777640707967,0.0
5050,-0.020426439221097603,-0.08472916485574421,0.0
5051,-0.0018908181176466865,-0.006954922293604769,0.0
5052,0.014447175377260812,0.05074356979983121,0.0
5053,-0.04373458086458934,-0.18985023476519927,0.0
5054,-0.02617300347324822,-0.11060737705171943,0.0
5055,0.011033863277591427,0.039672184381125394,0.0
5056,-0.015563510484887466,-0.06391818400840782,0.0
5057,-0.06472344250078904,-0.2926553621473337,0.0
5058,-0.03509018903492275,-0.15804509743903702,0.0
5059,0.007427178079693009,0.028772660428869622,0.0
5060,0.0054238923182041154,0.020771822364767892,0.0
5061,-0.004345972498838752,-0.017891524446947613,0.0
5062,0.04621348975381476,0.16590237440130431,0.0
5063,0.007153243881281884,0.0279103492030608,0.0
5064,0.019957521189682803,0.07845453613985343,0.0
5065,0.0013740739885126918,0.005173905018249384,0.0
5066,-0.018158728064388452,-0.06855968615729502,0.0
5067,-0.01008120348207886,-0.03782968809423821,0.0
5068,0.013870340242391449,0.05563249058479766,0.0
5069,0.0016337158796746465,0.005899925906073942,0.0
5070,-0.041616182615295844,-0.17576472632652415,0.0
5071,0.016058670884148446,0.060561595279114526,0.0
5072,-0.008691282390784427,-0.03318214657548904,0.0
5073,0.05426723814681514,0.1826334067056166,0.0
5074,-0.05767341744040044,-0.25552528004844083,0.0
5075,0.021929726751112155,0.08148859004697369,0.0
5076,0.02838902689090489,0.10079181053249765,0.0
5077,0.0009126863401277552,0.0034682080924854698,0.0
5078,0.004564885617798831,0.017374834134718256,0.0
5079,0.05952136202062458,0.18938077846482737,0.0
5080,-0.018446809101191453,-0.07191273386330525,0.0
5081,0.03291930271896243,0.11135165165860317,0.0
5082,0.01600076345591045,0.06186961869618707,0.0
5083,-0.003700909480416792,-0.014507393427295059,0.0
5084,0.04037755862766912,0.1428644081906872,0.0
5085,-0.023739207174797106,-0.09930466884109265,0.0
5086,0.021903491952147996,0.08390839443082419,0.0
5087,-0.010663884349839836,-0.0438172090115206,0.0
5088,-0.05319097764766281,-0.2417211609702669,0.0
5089,0.055872387500228604,0.17639005945852346,0.0
5090,0.027997108458955283,0.10426945704035777,0.0
5091,0.009288430349785215,0.03424470749838395,0.0
5092,-0.03339988785072573,-0.14447592513890847,0.0
5093,-0.013650182246224746,-0.05477193993667603,0.0
5094,0.021016403543944795,0.07103764464906157,0.0
5095,0.05203550658096112,0.17763845350052246,0.0
5096,0.034427346660627384,0.1266448306608745,0.0
5097,0.00012643394257733087,0.0004649866409135391,0.0
5098,-0.004773456480477722,-0.01887941534713766,0.0
5099,0.04186629630904082,0.13588627694263702,0.0
5100,-0.029330471706073613,-0.12462612042335537,0.0
5101,0.04190681629879467,0.13631415169678998,0.0
5102,0.06383134060247142,0.19749525895807396,0.0
5103,0.03481570915920451,0.11990066990067,0.0
5104,-0.0004076942797040517,-0.0015255212112037743,0.0
5105,-0.03168416393732848,-0.14047723704866558,0.0
5106,0.02227669099127605,0.07648408491443362,0.0
5107,0.0058084650255725845,0.021198360895730513,0.0
5108,0.009694980136293885,0.03635347946545794,0.0
5109,-0.02671657417721182,-0.10886439996456157,0.0
5110,-0.023095861255976013,-0.10094302949458438,0.0
5111,0.018166526492851165,0.06931964056482681,0.0
5112,0.026825281167691284,0.09925656459116436,0.0
5113,0.01751799043405522,0.062482110300897176,0.0
5114,-0.034175683242716,-0.14802065404475045,0.0
5115,-0.061060085465271224,-0.29513774460104963,0.0
5116,-0.030476963611472646,-0.12480531225402354,0.0
5117,-0.04815641534391532,-0.2027144597181137,0.0
5118,0.004389411090493289,0.01650398595458512,0.0
5119,0.00694803337419625,0.026678204270702784,0.0
5120,-0.012680711737509232,-0.04906562441257947,0.0
5121,-0.05044472560426702,-0.22837095644421812,0.0
5122,-0.016918203980541557,-0.07296107146278383,0.0
5123,-0.02633924359022566,-0.1214235574955612,0.0
5124,-0.002747712776483835,-0.010116578858872302,0.0
5125,-0.03135054008299268,-0.13530025537704135,0.0
5126,-0.03189818317076784,-0.13254245076129395,0.0
5127,-0.029936189504108063,-0.12359212631255384,0.0
5128,0.003188133017868189,0.012139287481709001,0.0
5129,-0.05105212070056975,-0.21897355692646336,0.0
5130,-0.045693197574972394,-0.2000155063659169,0.0
5131,-0.0033824511141854474,-0.012848127561878565,0.0
5132,-0.01686063908531113,-0.07480697341298961,0.0
5133,-0.020811979687244686,-0.08111584166809688,0.0
5134,0.003068103124116206,0.011979350759373536,0.0
5135,0.04325067321990089,0.15177738969986984,0.0
5136,-0.014894253241885758,-0.05595274467868416,0.0
5137,-0.040189588358280376,-0.1690383770587431,0.0
5138,0.013387244454939162,0.0468129013286879,0.0
5139,-0.02354819976771197,-0.09792320695484184,0.0
5140,0.005031342553986795,0.01940743410927933,0.0
5141,-0.03421685889763859,-0.14513097311559087,0.0
5142,0.04306438394619616,0.1486593552428392,0.0
5143,-0.01823516919837398,-0.06956999683834297,0.0
5144,0.01274147053973701,0.045787090907313,0.0
5145,0.031977751564784024,0.11443191010010528,0.0
5146,0.10721919741883446,0.3015539927404719,0.0
5147,0.006962501870697385,0.027749947575665748,0.0
5148,-0.002218159154718402,-0.008172293739441065,0.0
5149,0.006079603748809337,0.022422696102009056,0.0
5150,-0.05437470405640024,-0.23546610973988974,0.0
5151,0.026008916154356077,0.09107293207418374,0.0
5152,-0.017669634566487014,-0.06921622368113534,0.0
5153,0.033257287810268266,0.11631289593496351,0.0
5154,0.009399320166508296,0.03594418715309599,0.0
5155,-0.021570932073424504,-0.09141080943922872,0.0
5156,0.0012679440454881896,0.004967822339886175,0.0
5157,-0.04164414128465668,-0.19024562131113937,0.0
5158,-0.039390332578441156,-0.17660948062764945,0.0
5159,0.015547279196440777,0.05917248052376713,0.0
5160,0.027950368935270586,0.09822473898266158,0.0
5161,-0.006461662144508051,-0.0240553684998128,0.0
5162,-0.026609854724444965,-0.10863858044525465,0.0
5163,0.014156724749903815,0.051913075780089094,0.0
5164,-0.003265969889469089,-0.012291127753671617,0.0
5165,-0.03535069934729268,-0.15285010821999379,0.0
5166,-0.02002628286730168,-0.08246950961174529,0.0
5167,0.021640356569173097,0.0803374299183019,0.0
5168,-0.0304873884981596,-0.12527948720238885,0.0
5169,0.0657004789001926,0.21865725420137472,0.0
5170,-0.04670305434148039,-0.21264274021271676,0.0
5171,0.0011577358617485545,0.004460805455830251,0.0
5172,-0.008640633422585114,-0.034830620168845486,0.0
5173,-0.02842630362560089,-0.12497395379132463,0.0
5174,0.031001835395882138,0.10619358854652962,0.0
5175,-0.0030773600449506833,-0.011163230301800824,0.0
5176,0.004980084393597761,0.019844528327181712,0.0
5177,-0.031206930127579413,-0.12153281405267273,0.0
5178,0.006949167448405291,0.025410556556041644,0.0
5179,0.0046122460051444825,0.017031012718219416,0.0
5180,-0.015522109075332469,-0.05976011994003001,0.0
5181,-0.029751644480121353,-0.11397480149876228,0.0
5182,0.03213855753753886,0.11108181269471591,0.0
5183,-0.010954967700534113,-0.04180600077080903,0.0
5184,0.00946457256359079,0.03407860705526684,0.0
5185,-0.01835200471698112,-0.07306338028169009,0.0
5186,0.021309454104978143,0.0723614654288194,0.0
5187,-0.0064694285542797325,-0.025408586064644845,0.0
5188,-0.041822361817180964,-0.18704473375523145,0.0
5189,-0.008308731194583363,-0.03248752722928798,0.0
5190,0.06434913696653577,0.21232528387392438,0.0
5191,-0.017819053749040248,-0.06970698198929301,0.0
5192,-0.027213163576799954,-0.12329229212346102,0.0
5193,-0.03636772800720264,-0.1678847123113245,0.0
5194,-0.017435123365696803,-0.06909705438619601,0.0
5195,-0.014769150893750221,-0.06115549262369278,0.0
5196,-0.02661250275466831,-0.10589300514706389,0.0
5197,0.04817886933697704,0.16336923808015205,0.0
5198,0.03203440736183838,0.10555975296148173,0.0
5199,-0.006953541371328087,-0.02636682203245673,0.0
5200,-0.005143255008271647,-0.020610791795693233,0.0
5201,-0.025863081715493785,-0.10697478339009761,0.0
5202,-0.007119595355917996,-0.027409638554217026,0.0
5203,0.007168560943456748,0.024760029534826547,0.0
5204,-0.058307837349753505,-0.2635123525587442,0.0
5205,-0.04723784708183612,-0.20871716244876035,0.0
5206,-0.03249496737263524,-0.1399427508195378,0.0
5207,0.006397826178133059,0.023246368421859835,0.0
5208,-0.02120163086661289,-0.08970702018172856,0.0
5209,0.05812915992893494,0.18874468193792732,0.0
5210,0.006336758297013412,0.024705989034751127,0.0
5211,-0.032877229667648805,-0.14484980457844768,0.0
5212,0.029161031473189353,0.10517198384066755,0.0
5213,0.001829052496112371,0.00706503728251856,0.0
5214,0.001956464504124511,0.007607963376531071,0.0
5215,0.04557092834303558,0.1572149459015998,0.0
5216,-0.019156354481485643,-0.07687960357044962,0.0
5217,-0.032698143627268084,-0.14797893032394369,0.0
5218,-0.01949498256837573,-0.0804990723748879,0.0
5219,-0.01894176523779717,-0.0748650721303412,0.0
5220,-0.006717683253477241,-0.027231194066534573,0.0
5221,-0.04179089495691157,-0.17327070336603556,0.0
5222,0.011831359688051324,0.040562842418130754,0.0
5223,0.017223332468680685,0.060874000471315866,0.0
5224,-0.024830184125232746,-0.10195016634812772,0.0
5225,-0.0013199357027028902,-0.004916389724112451,0.0
5226,0.025751324909510764,0.0890094130599416,0.0
5227,0.021741532933163,0.07887739907431626,0.0
5228,-0.00013907734056989307,-0.0005439469320066929,0.0
5229,0.01343509082182004,0.05070094929808153,0.0
5230,-0.024509957231209495,-0.09850502384263081,0.0
5231,-0.004692572190221234,-0.018826286042391154,0.0
5232,-0.0466788532139413,-0.20972185153449113,0.0
5233,0.030055752791283252,0.10548788560836753,0.0
5234,0.07889566858382124,0.2313641002000599,0.0
5235,-0.04424705427251943,-0.1884390879193981,0.0
5236,0.026399510553686112,0.09726135467147516,0.0
5237,-0.05655547301193062,-0.2695409777589885,0.0
5238,0.007742234118736202,0.028594538278618263,0.0
5239,0.0011629531411989635,0.004536589096889044,0.0
5240,-0.047680043639135,-0.20688388315352502,0.0
5241,0.00155003742685067,0.005770263340993138,0.0
5242,-0.0268753919291497,-0.10875158594586158,0.0
5243,-0.03402041976773487,-0.14919006246082703,0.0
5244,-0.04564853899731017,-0.20230345074242173,0.0
5245,-0.05057340438312227,-0.22297684317122757,0.0
5246,-0.00852723658905441,-0.032053614667151835,0.0
5247,0.04182093611594728,0.14395715089491518,0.0
5248,-0.04180159581686277,-0.18039890625197488,0.0
5249,-0.015320996544841703,-0.060100090991810864,0.0
5250,0.06849098543249449,0.21246042046786925,0.0
5251,0.021235498277448722,0.07936619188610725,0.0
5252,-0.00990644825749476,-0.04051880218780609,0.0
5253,-0.04817500963148766,-0.22528525724220888,0.0
5254,0.023562727016896767,0.08549679146731619,0.0
5255,-0.013201460394954734,-0.05111065405183043,0.0
5256,0.0122321956412213,0.04600130203501988,0.0
5257,-0.02583436151575677,-0.1061936673983095,0.0
5258,0.01761988562203881,0.06428984080499234,0.0
5259,0.05531560888550932,0.18935643986908507,0.0
5260,0.020933281174228047,0.07588889515799817,0.0
5261,-0.0033793261432448762,-0.013367382429933869,0.0
5262,0.0737649338069099,0.2335889570552147,0.0
5263,0.00618762973056286,0.022728818119196248,0.0
5264,-0.010008619492858445,-0.0401269363501207,0.0
5265,-0.01154072700952502,-0.04887333836172153,0.0
5266,-0.011335513836089162,-0.046413234283412916,0.0
5267,-0.02760175980082874,-0.11666030025441625,0.0
5268,-0.011289004014072235,-0.04656714155804797,0.0
5269,0.011635231959709419,0.04456187582742591,0.0
5270,-0.05952312338696977,-0.2660806979383843,0.0
5271,0.0041833830905352865,0.01636211049896278,0.0
5272,-0.010918139844205671,-0.04616891798441745,0.0
5273,-0.01316771163396932,-0.05365351158318843,0.0
5274,-0.0526071943304009,-0.23973071198750046,0.0
5275,0.08140020735728595,0.257794620483638,0.0
5276,0.021046830514933917,0.07908214120256635,0.0
5277,0.0359232699034461,0.12958309037357735,0.0
5278,-0.0238714272532142,-0.10417159962231841,0.0
5279,0.03038783181127902,0.11268099093532426,0.0
5280,0.012498512387951577,0.046023604900600215,0.0
5281,0.026528133076547333,0.09567185908870118,0.0
5282,0.012861463702122211,0.046796609483735215,0.0
5283,0.03873952721649132,0.12949045671438303,0.0
5284,0.052362066232947924,0.17308874284903783,0.0
5285,-0.012900274783073207,-0.05066454522532498,0.0
5286,0.02758371181479219,0.10428691044594865,0.0
5287,-0.002881191006664341,-0.010904199809837352,0.0
5288,-0.030466679562456384,-0.12312231474088435,0.0
5289,-0.008363970741221527,-0.03242390067601624,0.0
5290,0.04081904199264674,0.14226571233205995,0.0
5291,-0.023749295014229455,-0.10293357750807898,0.0
5292,0.047789715932499865,0.1539674774753073,0.0
5293,0.03691096595548296,0.1295793868394815,0.0
5294,0.015495798441417574,0.05935413133347473,0.0
5295,0.035395972461683606,0.13025250592335716,0.0
5296,-0.009795992123612401,-0.03933204744515537,0.0
5297,-0.005796645183199056,-0.022410185577725297,0.0
5298,-0.0012076566841172365,-0.004986169395662661,0.0
5299,-0.028768378323879323,-0.12627765035481733,0.0
5300,0.011020505310120055,0.040952590445290225,0.0
5301,0.012821449376696548,0.05015359314655284,0.0
5302,0.04523420287090468,0.1534563249795827,0.0
5303,-0.004518966587749751,-0.017803701317873167,0.0
5304,0.05240794017333411,0.1712884003828461,0.0
5305,-0.0014079266402544643,-0.005333244864804092,0.0
5306,0.044387751569823414,0.15616284875720052,0.0
5307,-0.027334657930770723,-0.11227568898548561,0.0
5308,0.019464171362905514,0.07108011385998142,0.0
5309,-0.015233068618800194,-0.06216436090760374,0.0
5310,-0.04845244784927111,-0.21201764695708794,0.0
5311,-0.012246612177178429,-0.04788467737097448,0.0
5312,0.04012645493175676,0.13408308253270051,0.0
5313,-0.0464304532562024,-0.1934219129460115,0.0
5314,0.029625739184562683,0.10279427645788326,0.0
5315,-0.04478118905178269,-0.1957188008811416,0.0
5316,0.04063700586996705,0.1429836537397144,0.0
5317,-0.0684482487761176,-0.3317999855927057,0.0
5318,-0.04809562482265822,-0.2260691749530146,0.0
5319,-0.04298842645159043,-0.18553476282546288,0.0
5320,-0.009790612335998594,-0.03768546554016373,0.0
5321,-0.01759884013226984,-0.07123751361516344,0.0
5322,-0.008112123078930555,-0.030967707944171405,0.0
5323,0.014293665866389527,0.05310722628929289,0.0
5324,-0.04076881829684545,-0.17039025254686363,0.0
5325,-0.04727517757499958,-0.21642776400406552,0.0
5326,-0.018394152098531513,-0.07277410807295016,0.0
5327,-0.013869564465354423,-0.05438286833337576,0.0
5328,0.0007200930726160015,0.0027343007790232602,0.0
5329,-0.04971012263713637,-0.21776857570653202,0.0
5330,0.02879926759213053,0.10181063042164695,0.0
5331,-0.0024289738514864934,-0.00957924819730896,0.0
5332,-0.009175083290418162,-0.034403940886699416,0.0
5333,-0.023646517638732906,-0.10074064363898538,0.0
5334,0.018002647333877658,0.06864635713073707,0.0
5335,0.01829628308686032,0.0659660554338214,0.0
5336,-0.0009355976716347025,-0.003601188733792098,0.0
5337,0.013344515263334411,0.04563234872383124,0.0
5338,-0.009741200522076277,-0.037246436108359406,0.0
5339,0.03385000130722135,0.12111101434409702,0.0
5340,-0.03203533368224781,-0.1231754846360554,0.0
5341,-0.04951378045219687,-0.22577750763397444,0.0
5342,0.010743567354251915,0.03737794172765457,0.0
5343,0.012807560373464255,0.04836821682939573,0.0
5344,-0.04761793144172699,-0.21274361728444827,0.0
5345,0.01707786442248299,0.06269628684807248,0.0
5346,0.00531535572355607,0.021066882129843832,0.0
5347,0.05258261965259797,0.18155885653632886,0.0
5348,0.05582012437944395,0.18433622469490793,0.0
5349,-0.04335766878099048,-0.20460324190101783,0.0
5350,0.008199206920221747,0.031894249862322595,0.0
5351,-0.003956559306987795,-0.015272776330673116,0.0
5352,0.0495262563059605,0.16856671008245777,0.0
5353,0.015884564855021543,0.05833254344066272,0.0
5354,-0.00267219403851493,-0.010651006627013574,0.0
5355,-0.01672449616687649,-0.06326222463122846,0.0
5356,-0.045155114649958666,-0.18444624993652567,0.0
5357,0.007898723498380888,0.030490771353964937,0.0
5358,-0.014300734569503454,-0.058195577501073466,0.0
5359,0.049206492168232696,0.1630638499589609,0.0
5360,-0.02303029644611107,-0.09679440511190546,0.0
5361,-0.022596957068326762,-0.10090760802683238,0.0
5362,0.05761746235450971,0.186207041799544,0.0
5363,0.04817690777466527,0.16585825031993068,0.0
5364,0.04753444313975341,0.16114838547807078,0.0
5365,0.013540285540862645,0.053547105958690534,0.0
5366,-0.05291034266937883,-0.24237247640664203,0.0
5367,0.01159396550159597,0.043726197036761595,0.0
5368,0.012184998627606636,0.044052432196855465,0.0
5369,-0.030550738289088608,-0.1333514299968029,0.0
5370,-0.004047010207174462,-0.01665804812659708,0.0
5371,-0.056755042152581314,-0.24357076288010177,0.0
5372,-0.025750608087564603,-0.11812238493723846,0.0
5373,-0.012478687853781645,-0.049568921728647644,0.0
5374,0.04936794988584861,0.1700333896282983,0.0
5375,0.006570692743859408,0.025095566263763032,0.0
5376,-0.04799943809096935,-0.22416557552602506,0.0
5377,-0.01106825547893489,-0.0466428995840761,0.0
5378,-0.02434801665570896,-0.10364772833286685,0.0
5379,0.06923810367492533,0.21678362274759125,0.0
5380,-0.030077474708669505,-0.13062217587765043,0.0
5381,-0.03305831491007555,-0.14854435433208088,0.0
5382,-0.01863697124360633,-0.07498485968119217,0.0
5383,0.07059248776009794,0.22124971677993474,0.0
5384,-0.02400237982752748,-0.09949325955567971,0.0
5385,-0.04296195742051623,-0.18624008541793785,0.0
5386,0.0030109354405596367,0.011304632044363612,0.0
5387,0.009469350594380033,0.032926172285032446,0.0
5388,0.05314755947653704,0.17648067577989707,0.0
5389,-0.008988414832643787,-0.03830750730745507,0.0
5390,-0.04103709934633651,-0.17265608871324506,0.0
5391,-0.015277591613162667,-0.06498301324939659,0.0
5392,0.015536631228755371,0.0588460879986305,0.0
5393,-0.011697245459367678,-0.0439641368455826,0.0
5394,-0.0418365592410502,-0.1811523015137474,0.0
5395,-0.012212184009135346,-0.05197810818888232,0.0
5396,0.023652735018114462,0.08741458221459752,0.0
5397,0.028652747831383996,0.10431584816534173,0.0
5398,0.03585860492542117,0.12963061649702418,0.0
5399,0.02432760167278064,0.0866114936973943,0.0
5400,-0.0116987661273725,-0.047354096457301514,0.0
5401,0.015140407604759765,0.05415987111659172,0.0
5402,-0.024106528493087837,-0.10467879940241746,0.0
5403,-0.047742041284873804,-0.21363052650889733,0.0
5404,-0.058956836551414454,-0.266322261663286,0.0
5405,0.03386794922542943,0.12028185289695703,0.0
5406,-0.04579808863648063,-0.20839025989741514,0.0
5407,0.005858640881510946,0.022304065285570614,0.0
5408,0.0326841093907774,0.1203353066188622,0.0
5409,-0.018170314393669368,-0.07610367119033762,0.0
5410,-0.03667565717162233,-0.15019344424860756,0.0
5411,-0.038206660603485154,-0.16966992741223919,0.0
5412,0.006746670344996708,0.024221415208539685,0.0
5413,0.046559791770972414,0.15716344649662264,0.0
5414,-0.02281909340845567,-0.09006287271267938,0.0
5415,-0.0178823014347608,-0.077872273394567,0.0
5416,0.015346432445673103,0.06354027818023765,0.0
5417,-0.00934771173878235,-0.03905343747583322,0.0
5418,0.0021468964810799074,0.0081847413037125,0.0
5419,-0.022264071484749376,-0.09902749442481441,0.0
5420,-0.018711045069808252,-0.07235519645431102,0.0
5421,-0.0004568173144778309,-0.0016919346129834199,0.0
5422,0.06857207515102254,0.2165005577468486,0.0
5423,0.0014855744447440644,0.005546366404005275,0.0
5424,-0.03906534372848089,-0.16588478885679325,0.0
5425,0.0004059660150020905,0.0015967362020304966,0.0
5426,0.057272229853969264,0.19257266902092676,0.0
5427,-0.05389639581356134,-0.24312951505493408,0.0
5428,0.01820114240963444,0.06636043597741303,0.0
5429,0.0006017194015605631,0.0023792693042882975,0.0
5430,-0.0004191388736203838,-0.0015833088686648656,0.0
5431,-0.019188366280390834,-0.07728011479274352,0.0
5432,-0.059808191129083615,-0.2592921949569058,0.0
5433,-0.017372386626511277,-0.07610328430909764,0.0
5434,-8.984148488314081e-05,-0.00036353219150693007,0.0
5435,0.033451406561661734,0.10977522806357566,0.0
5436,-0.050958693998760934,-0.2403725062499376,0.0
5437,-0.03597803859278456,-0.16054567923778962,0.0
5438,-0.03793171893608571,-0.16151570643752625,0.0
5439,-0.06952737393990466,-0.3386655956427614,0.0
5440,-0.02219953335607963,-0.09222580564335132,0.0
5441,0.034802986232645994,0.12166543937162495,0.0
5442,0.026227093403263457,0.09081500202992863,0.0
5443,-0.00920190502001103,-0.03691575057381628,0.0
5444,0.029165635171686632,0.10472970192226973,0.0
5445,-0.011788011808029797,-0.046213900963660064,0.0
5446,0.009900546468969706,0.0363872893258426,0.0
5447,-0.022205314479321364,-0.08952021454738515,0.0
5448,0.016470450454020513,0.05997118064658673,0.0
5449,-0.008976265013723284,-0.0366162647258484,0.0
5450,0.06515031972528423,0.2127893507156461,0.0
5451,-0.03741108771873325,-0.1693649242460482,0.0
5452,0.11212916329611636,0.32815976200773095,0.0
5453,-0.018259061607554028,-0.0745430621939463,0.0
5454,-0.03338936637475262,-0.14691321204891153,0.0
5455,-0.02758054507514124,-0.11499226032555819,0.0
5456,-0.028063498531878395,-0.12173679724738769,0.0
5457,0.016777857915614813,0.061799378543134165,0.0
5458,0.03512841233602326,0.12359855514316011,0.0
5459,-0.04031119213289855,-0.18019938348527578,0.0
5460,0.04092342400793064,0.14070501850158448,0.0
5461,-0.03886389002617743,-0.1725999152132822,0.0
5462,0.007215517844721575,0.02681431547658543,0.0
5463,-0.05721041144612399,-0.2765999022960429,0.0
5464,-0.043105860617903696,-0.18803533018613366,0.0
5465,0.054550281943004514,0.18098458027819256,0.0
5466,0.0442450374645271,0.15743337596191906,0.0
5467,0.04828017719492847,0.16224561113781605,0.0
5468,0.09293574311750624,0.28570157231375803,0.0
5469,-0.022183722183722193,-0.08898841698841702,0.0
5470,0.02085324515038084,0.07241763315859527,0.0
5471,-0.023512903029246662,-0.10005366666968159,0.0
5472,0.006060328803536519,0.023006134969325163,0.0
5473,-0.06394244687626657,-0.31048976608187134,0.0
5474,0.002893555386755786,0.010782404025647405,0.0
5475,-0.010997690218766176,-0.04344862121639313,0.0
5476,-0.027974159551252625,-0.11968254960720644,0.0
5477,0.031789989638371846,0.11795380770798602,0.0
5478,0.009871226413265599,0.036150181578547304,0.0
5479,0.014172684943037472,0.05419543390761049,0.0
5480,-0.032160674197341726,-0.13743599505091858,0.0
5481,-0.020512800614068266,-0.09505385202584639,0.0
5482,0.017431662533784864,0.06392258819651613,0.0
5483,-0.004536065968089975,-0.017857103775904028,0.0
5484,-0.0017499077016885356,-0.006705272782688206,0.0
5485,-0.01783569502230206,-0.07520209307080661,0.0
5486,-0.04846317333267047,-0.21836280398168764,0.0
5487,-0.02142629133074994,-0.09439670326974814,0.0
5488,0.030303268502298253,0.10425348340072621,0.0
5489,-0.03687548108489075,-0.1518897520167315,0.0
5490,0.11008263127134141,0.3154636565833903,0.0
5491,0.01861588333115083,0.06874194780188882,0.0
5492,-0.05461850991979739,-0.233499205976829,0.0
5493,-0.02873830278516823,-0.12975101426092167,0.0
5494,0.022300794712010075,0.07787078371146934,0.0
5495,0.015874403510492685,0.05940554558148818,0.0
5496,0.007963912560934594,0.030688447726352246,0.0
5497,-0.021394041581921486,-0.08334311821644161,0.0
5498,0.04263421439902146,0.15240069957779387,0.0
5499,0.01039329778308945,0.03764528929460159,0.0
5500,-0.041463916598212525,-0.1756894070041621,0.0
5501,0.022168355684242635,0.07960122437114187,0.0
5502,0.00198190096452866,0.007787027161793421,0.0
5503,-0.03781187870048722,-0.16157661337378929,0.0
5504,0.02181507149380757,0.07834247652941004,0.0
5505,0.05438779488685558,0.17182351021557316,0.0
5506,0.0008503072666767864,0.00335249800697947,0.0
5507,0.011382904860642085,0.042910813168812255,0.0
5508,0.05894531647377832,0.18926699141035952,0.0
5509,-0.00934404803534894,-0.03774153999111912,0.0
5510,0.011430488469903077,0.043612299967381876,0.0
5511,0.029979869726679154,0.11308862251329604,0.0
5512,0.004662290852645912,0.017410340813574097,0.0
5513,-0.02579911730496151,-0.10794809898305897,0.0
5514,-0.034821575188620946,-0.14216033028560202,0.0
5515,0.03580250389473885,0.12688250006651955,0.0
5516,0.058371194166766865,0.20410632321529165,0.0
5517,0.0057531154775357085,0.02203220134111501,0.0
5518,0.06610086811327942,0.21499818443030577,0.0
5519,0.023011528943544024,0.08067837028734355,0.0
5520,0.030121128271733938,0.11028864444628245,0.0
5521,0.053158840883873376,0.17956001216377718,0.0
5522,0.06496802196848381,0.21521072037159653,0.0
5523,0.006760522468841762,0.026377251765279528,0.0
5524,0.0359238222703486,0.12597891406058104,0.0
5525,-0.00732109614201909,-0.028710995653434688,0.0
5526,0.028189796678153245,0.09660847424013483,0.0
5527,-0.021782065511255305,-0.09694989106753814,0.0
5528,-0.004488757379740138,-0.016706765509021695,0.0
5529,-0.023820356807993576,-0.09832787968610258,0.0
5530,-0.004945271377830296,-0.01950071427518364,0.0
5531,-0.026644229408138376,-0.11733978398557782,0.0
5532,-0.0034506918715061508,-0.012615312570155713,0.0
5533,-0.013074063613414566,-0.05057203734867813,0.0
5534,-0.02019370550539462,-0.07760996057394938,0.0
5535,-0.02874819329842135,-0.11621899944812043,0.0
5536,-0.031586797587354914,-0.13473925465307116,0.0
5537,0.043315161381596134,0.14763696466793003,0.0
5538,0.03262735922096244,0.11481920999733597,0.0
5539,0.028999642438293227,0.11190573722569365,0.0
5540,-0.0020101040047293406,-0.008049987942749408,0.0
5541,0.016254741390976712,0.06071463739668732,0.0
5542,0.055810438940767815,0.18489347869947617,0.0
5543,0.038267017941814696,0.13033201926626428,0.0
5544,-0.0033715157700730525,-0.013181002311437186,0.0
5545,0.013336190240997137,0.047754043657719,0.0
5546,0.048725865216481395,0.17140969233992484,0.0
5547,-0.003157292655059235,-0.012809802381193846,0.0
5548,-0.02361260374364113,-0.09530454649854687,0.0
5549,0.0034830096920325793,0.013534991387887326,0.0
5550,0.026418989736012616,0.09898799017926377,0.0
5551,-0.001623214757669439,-0.0066656653864583535,0.0
5552,-0.032055640541161445,-0.14647227407435143,0.0
5553,-0.018522921021557864,-0.07965578649972933,0.0
5554,-0.03806188347171954,-0.17243951450848005,0.0
5555,0.00475977395584487,0.018599732073609185,0.0
5556,0.016968206359829707,0.06065901967541308,0.0
5557,-0.08482148448653062,-0.41464386837837075,0.0
5558,-0.01847226965207291,-0.07957991447625944,0.0
5559,0.0013519127146902066,0.005029356442498572,0.0
5560,0.023461680490659775,0.08788098108531056,0.0
5561,0.0036164646636457354,0.013162663830552878,0.0
5562,-0.035600099761236514,-0.14585508328213112,0.0
5563,-0.016812439261418843,-0.06728899260987939,0.0
5564,-0.03592063792043887,-0.15555275015608053,0.0
5565,-0.009764052043489846,-0.036713711383256666,0.0
5566,-0.02763144743417764,-0.11930975425270696,0.0
5567,-0.007605470574126916,-0.03016148247755881,0.0
5568,0.010862384141244352,0.04060994071070234,0.0
5569,-0.011537923827299013,-0.043584860197449886,0.0
5570,-0.012701988140711606,-0.0497078958532005,0.0
5571,-0.02307275747911533,-0.09689407380256912,0.0
5572,0.00416875457128657,0.015820256465833227,0.0
5573,0.04253734922926894,0.14548302946981295,0.0
5574,-0.04163028909526184,-0.1847204939935482,0.0
5575,0.013279578379732482,0.04975273230113075,0.0
5576,0.06826250024334007,0.21333675413236533,0.0
5577,-0.0005147841071946602,-0.002068930181115281,0.0
5578,-0.03039847883597882,-0.12611901903618583,0.0
5579,0.03124525817106366,0.1052116563723162,0.0
5580,-0.05723911521287467,-0.24881492939474092,0.0
5581,-0.017786871224794,-0.06897983658362593,0.0
5582,0.03784272020601842,0.13125810103474905,0.0
5583,-0.030765441219550188,-0.13708247376731866,0.0
5584,-0.02661749373083308,-0.11428307009805447,0.0
5585,0.0699092444423291,0.21963503144156885,0.0
5586,-0.017536220290473414,-0.07244611055602626,0.0
5587,-0.0638013812751266,-0.29392037686745404,0.0
5588,-0.07205232842175516,-0.36598344465991517,0.0
5589,-0.025415494096716812,-0.10319411610191755,0.0
5590,0.01578961613165028,0.05963367550404593,0.0
5591,-0.0031543430807796646,-0.012308679580680153,0.0
5592,-0.0397616735835829,-0.16825259905565376,0.0
5593,-0.004705953325630063,-0.01841581497381361,0.0
5594,-0.04232218044671118,-0.1910096292118764,0.0
5595,0.021457289991948625,0.07669482758016051,0.0
5596,-0.021893336213131248,-0.0890179563432663,0.0
5597,0.043728184890180655,0.14767448993900295,0.0
5598,-0.012307975717941289,-0.0452683174710722,0.0
5599,-0.026051364838334035,-0.10958360507771775,0.0
5600,-0.00411418766007865,-0.01568330199753651,0.0
5601,-0.04516321098346873,-0.2172887353610244,0.0
5602,0.028572778440157737,0.10440903679734988,0.0
5603,0.01678531969291916,0.06528474968363426,0.0
5604,0.024437212434070266,0.08718211517519703,0.0
5605,0.0029639810065746897,0.010481046105233907,0.0
5606,-0.03140849733418463,-0.13228425790494597,0.0
5607,-0.014838991174097704,-0.06047113736644422,0.0
5608,-0.01807904548844147,-0.06941613028838449,0.0
5609,-0.038601596023364465,-0.16779281398806722,0.0
5610,0.0227911417359829,0.07841778987648261,0.0
5611,0.03292730168295094,0.11524555589032828,0.0
5612,-0.010194228061336574,-0.0406328242162108,0.0
5613,0.02085268885318936,0.07420158335314408,0.0
5614,-0.030144288208804326,-0.13225806451612898,0.0
5615,-0.016489660630624903,-0.06718891804488077,0.0
5616,0.01473042170998537,0.05593290562342271,0.0
5617,-0.03316990210589049,-0.14384612205175615,0.0
5618,-0.019174194225163838,-0.08225101452255419,0.0
5619,-0.021604134097620298,-0.08623542388906401,0.0
5620,0.018416286671277537,0.06870772701987508,0.0
5621,-0.04039625277605474,-0.18217406897072427,0.0
5622,-0.04693352158878586,-0.20554475608627243,0.0
5623,0.016191080320299645,0.05939117515720533,0.0
5624,-0.027703007419227182,-0.11490375716497861,0.0
5625,-0.019620045671392083,-0.07268634369535859,0.0
5626,-0.02366837839314259,-0.10253262896208822,0.0
5627,0.009938816158655828,0.03922775207614218,0.0
5628,0.00782906774988923,0.029230916558713863,0.0
5629,0.012679697099988452,0.0484550851837365,0.0
5630,-0.03536721211380284,-0.1547093374123888,0.0
5631,0.014771405290254114,0.051162497325495535,0.0
5632,0.009242464867593003,0.033929708760349675,0.0
5633,-0.01066130037523827,-0.042517521256938244,0.0
5634,0.012229313336901027,0.048283460901404285,0.0
5635,-0.041373034431222505,-0.1714530877406217,0.0
5636,-0.029312610451043553,-0.11360309643983202,0.0
5637,-0.0019041831182712299,-0.007329144176046244,0.0
5638,-0.005625908367422716,-0.02223911254874553,0.0
5639,-0.045458278923942996,-0.2021026481494728,0.0
5640,-0.039095280890851625,-0.15045623598867353,0.0
5641,-0.029366578136891364,-0.1163153658984949,0.0
5642,-0.05470868737207804,-0.2467938055835354,0.0
5643,-0.011586323128884912,-0.04630356506129397,0.0
5644,0.024423787819240927,0.08595801782171293,0.0
5645,-0.03778388965216001,-0.16442900780530162,0.0
5646,0.03312525600548455,0.11099331690181274,0.0
5647,0.01636819921904209,0.06180020547964069,0.0
5648,-0.039474054373394574,-0.16899829528609553,0.0
5649,0.00488639814482511,0.01791679319769207,0.0
5650,0.04176269637310959,0.1465117544892697,0.0
5651,-0.012654869834373639,-0.04940238293395688,0.0
5652,0.010806273715463,0.03898100870679289,0.0
5653,-0.05222401130097093,-0.22247811407703003,0.0
5654,0.06537182613934572,0.20202371926445034,0.0
5655,-0.043716645259061715,-0.1877938344196013,0.0
5656,0.011879378617118519,0.04290429042904301,0.0
5657,0.020452210792010928,0.0748636602309551,0.0
5658,0.01930969309693098,0.0737031947784267,0.0
5659,-0.019205754363616406,-0.07784981355653017,0.0
5660,-0.03126313839526576,-0.13094050795684212,0.0
5661,-0.04654497892069276,-0.21528655539350727,0.0
5662,-0.04422913433014555,-0.18890538691922973,0.0
5663,0.013467965650770186,0.04685132731704097,0.0
5664,-0.0008948674915652544,-0.003523083916617466,0.0
5665,0.004685504103026761,0.017997086036280207,0.0
5666,0.0408101469003303,0.13982845069534225,0.0
5667,0.005337754203109724,0.020690152006339592,0.0
5668,-0.03682156314900023,-0.1635495118112212,0.0
5669,-0.078647622304613,-0.35401644013998523,0.0
5670,-0.0444367085205572,-0.18650119810498197,0.0
5671,-0.05370362924526942,-0.22427257472511788,0.0
5672,-0.04580941918984341,-0.20540731865227604,0.0
5673,-0.026744854115438033,-0.11196792715717077,0.0
5674,0.03512419826057464,0.1281441255641414,0.0
5675,0.002010621575838978,0.0076814319238562075,0.0
5676,0.037575749626887534,0.12635991414163703,0.0
5677,0.03299593020334629,0.11744627622827855,0.0
5678,-0.0009702406514927597,-0.003686914475672487,0.0
5679,0.011738346691651969,0.04265886968429618,0.0
5680,-0.02754513188250976,-0.11193601102197187,0.0
5681,-0.012220449725262983,-0.04817483073512763,0.0
5682,0.05617325094742767,0.19624706114575743,0.0
5683,-0.03074773433445349,-0.13019040684051528,0.0
5684,-0.04110897597343957,-0.1818000006153638,0.0
5685,-0.00061120654129726,-0.002423699836586394,0.0
5686,0.04068875701572611,0.1383848307391997,0.0
5687,-0.046755151055492356,-0.21405092592592595,0.0
5688,-0.041317844308965374,-0.1777592331650637,0.0
5689,0.04728533091084869,0.166089724824356,0.0
5690,-0.032790277355494724,-0.12898028337458256,0.0
5691,-0.0036206197675202056,-0.014050854259832464,0.0
5692,0.0600316828240719,0.1954534079358361,0.0
5693,0.05651472154258999,0.1912482225818923,0.0
5694,-0.017090109327573016,-0.06953209965189873,0.0
5695,-0.05048446349953151,-0.2182655429366362,0.0
5696,0.009736744043313372,0.037225439338959276,0.0
5697,-0.022342202850411497,-0.09975491651048592,0.0
5698,-0.021889985006177615,-0.09278368644663922,0.0
5699,0.001682818127697272,0.006496415540256943,0.0
5700,0.055611320228635186,0.17871863799283164,0.0
5701,0.017897309600997946,0.06918448693560561,0.0
5702,0.0071947747121713646,0.029251748282331753,0.0
5703,-0.014782582806869449,-0.055555785780392976,0.0
5704,-0.02647027906385685,-0.10463691982469382,0.0
5705,-0.03861389734292467,-0.16312205012198103,0.0
5706,0.04721499363788628,0.1568384004549746,0.0
5707,-0.0076462009241166085,-0.029339665472585062,0.0
5708,-0.014686926539968392,-0.057845728052552225,0.0
5709,-0.02883716015830201,-0.12703740059572183,0.0
5710,0.007919533614141605,0.028772846987069167,0.0
5711,-0.027846129240487627,-0.11290988767792128,0.0
5712,0.06188975241211714,0.19135545305758073,0.0
5713,-0.05098968091712999,-0.22508488302548943,0.0
5714,-0.021638602228285564,-0.09417520198582895,0.0
5715,-0.00482128781553226,-0.018617844990083055,0.0
5716,-0.056836081487325024,-0.262027761502589,0.0
5717,-0.007973507307885763,-0.03271684816749195,0.0
5718,-0.011398251676879967,-0.04823526480277687,0.0
5719,-0.029978351329116554,-0.12352393668092186,0.0
5720,0.060949095737643844,0.19991051546179672,0.0
5721,0.011921112340335382,0.042546258694865426,0.0
5722,-0.010218048450513662,-0.04218438076121692,0.0
5723,-0.05434974295783701,-0.2487275153756971,0.0
5724,0.03536859800764369,0.11834180848207496,0.0
5725,-0.021222400544694126,-0.08627421905891669,0.0
5726,0.003831970498637205,0.014830902885510547,0.0
5727,0.003240793608499437,0.012443769589294678,0.0
5728,-0.024126576900084018,-0.09613817907956014,0.0
5729,-0.04681887782976102,-0.20250023198251157,0.0
5730,-0.00046864774328087,-0.0018096931017497386,0.0
5731,0.03680595289343919,0.12390085570964886,0.0
5732,-0.00800418968847949,-0.03111751163652483,0.0
5733,0.07408331914686639,0.22402059126342103,0.0
5734,0.03622171116837375,0.13295777512840354,0.0
5735,0.035773427694882176,0.12365745273781732,0.0
5736,-0.024841260960637573,-0.10217500597287513,0.0
5737,-0.06246116886882325,-0.27977736549165116,0.0
5738,0.0064996362474936675,0.025567289504358975,0.0
5739,0.0014130066849009637,0.005402767828407122,0.0
5740,-0.04873839792324591,-0.22272010525515457,0.0
5741,-0.004321517785366102,-0.016331092880858954,0.0
5742,-0.028018421771209723,-0.12665207953984578,0.0
5743,-0.02541649448758615,-0.10245174353497866,0.0
5744,-0.001474056603773588,-0.006097560975609769,0.0
5745,-0.018486157247787627,-0.07793855185332685,0.0
5746,-0.06259689272453453,-0.2899913566218959,0.0
5747,0.0207545787545787,0.0759687150837987,0.0
5748,0.006323947574558342,0.025147166383437634,0.0
5749,0.00467644931623773,0.017890199082957026,0.0
5750,0.01396306352532034,0.04959396770092637,0.0
5751,0.02750856284722994,0.09958949904957416,0.0
5752,-0.007841631586896103,-0.029921310969794685,0.0
5753,0.01567098627135538,0.05783955879031606,0.0
5754,-0.02272245181058835,-0.09685264173022755,0.0
5755,0.023018211916487397,0.08242550884801002,0.0
5756,0.05009164287524104,0.1732292409662563,0.0
5757,-0.011374509484000678,-0.047195317329523874,0.0
5758,0.025889798145960763,0.08952390244424013,0.0
5759,-0.02403986598013988,-0.09627312758949635,0.0
5760,0.02472144952190114,0.08685699397007371,0.0
5761,0.011345962233729218,0.043475664377426046,0.0
5762,0.034905769094553146,0.12303531326323636,0.0
5763,-0.03456114267197122,-0.1435585008484144,0.0
5764,-0.008390939884731635,-0.03648705472457498,0.0
5765,0.0005406446382618391,0.002299111907126171,0.0
5766,-0.04302021114965418,-0.18543008097294408,0.0
5767,-0.023812755980418154,-0.10444244438290408,0.0
5768,-0.02445074840584352,-0.11327045601270602,0.0
5769,-0.038245387871714026,-0.17235585981660595,0.0
5770,-0.0029418693910089333,-0.011335915536911241,0.0
5771,-0.017808593590191102,-0.07704250704182927,0.0
5772,0.0010988929129574498,0.004256131223992358,0.0
5773,0.07531713980147267,0.23445139102087467,0.0
5774,-0.005012464915925441,-0.019909650854864687,0.0
5775,-0.0068208952302664105,-0.02685727496917399,0.0
5776,0.03555554045115494,0.1257535336767636,0.0
5777,0.03615178931011004,0.12597061986346364,0.0
5778,-0.008638774307601682,-0.031834961997828565,0.0
5779,-0.033776186999546765,-0.14801310762072445,0.0
5780,-0.011588707722960057,-0.04531844239629095,0.0
5781,0.024255424084781818,0.08324890032884107,0.0
5782,-0.008417193304066761,-0.031235230934479035,0.0
5783,0.043821071238128895,0.15805840728318427,0.0
5784,0.016953206788520303,0.06082548336168555,0.0
5785,-0.017238548213577953,-0.06830368160096925,0.0
5786,-0.018879790448516814,-0.07828699758091776,0.0
5787,-0.03108487571820387,-0.13956984358615232,0.0
5788,0.06426505587644862,0.20771958501006266,0.0
5789,-0.03581420237114619,-0.16017545707454853,0.0
5790,-0.03082536881133513,-0.13262350545766297,0.0
5791,-0.04308849576873455,-0.1821563537668523,0.0
5792,0.016570196059667808,0.059143675087299806,0.0
5793,0.001345267172688569,0.005108957830824088,0.0
5794,0.0008870935721763673,0.0031646159408674174,0.0
5795,-0.03906638221899894,-0.16503953441828034,0.0
5796,0.012781092612355327,0.046248513448319616,0.0
5797,-0.01775774439114397,-0.0685201904442773,0.0
5798,0.007953393544141985,0.02869842430388906,0.0
5799,0.08291197121888916,0.24668870449076896,0.0
5800,-0.038218663628873856,-0.17475710836105118,0.0
5801,-0.014547491486694847,-0.05884728423036369,0.0
5802,0.06075913101268349,0.19594819751590425,0.0
5803,-0.01045735357769284,-0.046022972344465445,0.0
5804,0.04731943332177535,0.15583866707304683,0.0
5805,-0.06134593628984403,-0.2822231336187766,0.0
5806,-0.027022489905738883,-0.10970182744189434,0.0
5807,-0.015465968663325558,-0.06359074968196803,0.0
5808,0.02027991242169014,0.07667827836845298,0.0
5809,0.06577166579368499,0.1986744511031685,0.0
5810,-0.060214580752937924,-0.27658666760173023,0.0
5811,-0.04472155567060579,-0.19642861355192529,0.0
5812,0.011819125023189103,0.04237309154326525,0.0
5813,0.037371572199158376,0.1297724821025791,0.0
5814,0.061986668086943336,0.2040791841631673,0.0
5815,-0.026155794496143248,-0.10270787953176616,0.0
5816,0.03595713264065578,0.1357487513457228,0.0
5817,-0.04350166423465715,-0.19043694330355615,0.0
5818,-0.016994816776988664,-0.0673256203088397,0.0
5819,-0.008406427330889643,-0.032007615680141314,0.0
5820,-0.00670368234152971,-0.026838114304519524,0.0
5821,-0.0024263391302328796,-0.009012116769436411,0.0
5822,0.0028203740831128643,0.010174806067229996,0.0
5823,-0.01828532117414522,-0.07531706209590826,0.0
5824,-0.010849350110305078,-0.04399724431751122,0.0
5825,0.10671740971377427,0.30160534537851036,0.0
5826,-0.004381027988859587,-0.016924602862225985,0.0
5827,-0.008730508866253928,-0.03415887909558792,0.0
5828,0.023073410261260086,0.08023198531058269,0.0
5829,-0.02675055541415111,-0.12391094063899319,0.0
5830,0.0031948589285210605,0.012421582000381537,0.0
5831,-0.022404873498492045,-0.09280008533232195,0.0
5832,0.022025307745517364,0.07642736186643292,0.0
5833,-0.03887988115572591,-0.17599560416557655,0.0
5834,-0.004279788838612353,-0.01703564727954966,0.0
5835,0.04063896072288661,0.1412009749957621,0.0
5836,0.00644569191711572,0.02595133495396653,0.0
5837,-0.00633551498930085,-0.024933787414739825,0.0
5838,0.053055991806376546,0.17440570043323986,0.0
5839,0.04282503243352648,0.1450079662213269,0.0
5840,-0.022786138507689124,-0.09834755230440484,0.0
5841,0.027198345992067385,0.09760456767393984,0.0
5842,0.004507461911864019,0.016177330334228447,0.0
5843,-0.013746167578977397,-0.05304968051031029,0.0
5844,0.03528536690347403,0.12427741712396881,0.0
5845,-0.014798451226900933,-0.06136895414572862,0.0
5846,-0.057784617630271956,-0.2570067419696963,0.0
5847,-0.008012935482624856,-0.032575774572050395,0.0
5848,0.018865492007848428,0.07006887557350933,0.0
5849,-0.03602656426675449,-0.15040005443892085,0.0
5850,-0.005204057984211918,-0.02073701325558918,0.0
5851,0.03785012799947468,0.13549005996272132,0.0
5852,0.025165100206454072,0.09397500877560981,0.0
5853,0.00404644571868934,0.015322296160667012,0.0
5854,0.0239672419478949,0.08396167561364455,0.0
5855,0.009751079094015291,0.03503204580255115,0.0
5856,0.034434653145239164,0.12226193880468982,0.0
5857,-0.05882091561515307,-0.2806574402843629,0.0
5858,-0.00865248637900018,-0.03384415074452599,0.0
5859,-0.04224562930868672,-0.1857304668463228,0.0
5860,0.053912474384731846,0.18395004431797862,0.0
5861,0.005768822937239515,0.020734870162577995,0.0
5862,-0.03860234399695722,-0.15546133559912037,0.0
5863,-0.005168221656771277,-0.019934569247546354,0.0
5864,-0.035078738629875816,-0.14985744663720896,0.0
5865,0.0015984042008816424,0.006347259373106567,0.0
5866,0.02239195811403799,0.08322763757442436,0.0
5867,7.932807501520589e-05,0.00033246485371541345,0.0
5868,0.015856667877920005,0.058304827462617365,0.0
5869,-0.02262937444668786,-0.09287930143045917,0.0
5870,0.023051193604444742,0.0819241886070266,0.0
5871,-0.021525353623504634,-0.09014938442575765,0.0
5872,-0.017119369937741546,-0.07046567063615622,0.0
5873,0.02891999054045291,0.10402757540084352,0.0
5874,-0.049447608536854204,-0.2095195797429253,0.0
5875,-0.012147689286717056,-0.049273701401025764,0.0
5876,0.04766332856898589,0.16804640361634962,0.0
5877,-0.011123427642077743,-0.04644615398632709,0.0
5878,0.015375830312508998,0.05563015001478577,0.0
5879,-0.038143607545774866,-0.1653691333447339,0.0
5880,0.020299933605791715,0.07952205395987828,0.0
5881,-0.04898923574260047,-0.22405832275617016,0.0
5882,0.018523646566176222,0.06297655125406121,0.0
5883,-0.041103140468539356,-0.18027785048812867,0.0
5884,0.013848059437451765,0.05242591160198763,0.0
5885,0.010744443526398417,0.03878965768216584,0.0
5886,0.015829486150140487,0.06048665439484577,0.0
5887,0.008046896045351248,0.029897522652188046,0.0
5888,0.0021910588914758056,0.008058681005011779,0.0
5889,-0.02516831546936199,-0.09764128937061253,0.0
5890,0.030920696288825378,0.1168997152576362,0.0
5891,-0.01540368395874453,-0.059124002534309564,0.0
5892,0.05278149582542485,0.18209905749649868,0.0
5893,-0.03759603082960927,-0.16366741482328628,0.0
5894,0.0012489709864747789,0.005233477398339048,0.0
5895,0.011582963558425141,0.0429497814493525,0.0
5896,0.05264822502256414,0.1770552270953103,0.0
5897,0.005536821137913817,0.020965410898086654,0.0
5898,-0.017574036838403695,-0.07081670531683763,0.0
5899,-0.03282755873439119,-0.14100178808151193,0.0
5900,0.01400866232443937,0.05093641481246971,0.0
5901,-0.023684270041607586,-0.09995716487333377,0.0
5902,-0.03394253650934523,-0.14029310108244372,0.0
5903,0.019710906319451688,0.07559013833110208,0.0
5904,0.022040899951176474,0.07907233144410028,0.0
5905,0.0053774473298285885,0.01989539368465739,0.0
5906,0.021986592720934006,0.08523749642170707,0.0
5907,-0.024014479677737538,-0.09910034356557126,0.0
5908,-0.038038839674497255,-0.16265717575825098,0.0
5909,0.04477784931689793,0.1451450130350279,0.0
5910,-0.006012892960001154,-0.02409285028137762,0.0
5911,0.042876627362496256,0.1546720852577685,0.0
5912,-0.03565148762492429,-0.14547692366180043,0.0
5913,0.04327666151468315,0.14941302027748132,0.0
5914,-0.012144414734608922,-0.04604530339960468,0.0
5915,0.03261654696106786,0.10588984756921531,0.0
5916,0.00504134435849557,0.019325153374233017,0.0
5917,-0.05435194605701518,-0.23460776715749593,0.0
5918,0.06943519100704548,0.21566786467460722,0.0
5919,-0.00325202886415088,-0.012484074233923207,0.0
5920,-0.03380334728524906,-0.15173041960835354,0.0
5921,-0.030843143429021586,-0.12822095176417922,0.0
5922,0.06993105349974654,0.21757872510358517,0.0
5923,0.0002148838691167776,0.0008577166287236795,0.0
5924,0.026308358168990464,0.09242541619895335,0.0
5925,-0.024180531891770607,-0.09720178805968464,0.0
5926,-0.010692329488885044,-0.040053612401985086,0.0
5927,-0.002122497452609229,-0.008254707128992485,0.0
5928,0.014251675858431373,0.05556830923455667,0.0
5929,-0.02906987715031953,-0.12314668888281015,0.0
5930,-0.020279739490928483,-0.08084921535863508,0.0
5931,-0.02694897770254187,-0.11936035613870671,0.0
5932,0.05398240510218913,0.19084088147359815,0.0
5933,-0.04845617012555306,-0.20249640139529793,0.0
5934,0.02325060238506521,0.08636298670934646,0.0
5935,-0.004562506021983714,-0.017555844890629554,0.0
5936,-0.010997805681358386,-0.04082298069139984,0.0
5937,-0.0007714049378414467,-0.003010535145596747,0.0
5938,-0.00703732078259145,-0.027696639924689404,0.0
5939,-0.012989540601739374,-0.052036412651546286,0.0
5940,-0.0006467037883390314,-0.002392371920782029,0.0
5941,0.0020218472732672077,0.007387951382294525,0.0
5942,-0.021262026565043113,-0.0887956360341825,0.0
5943,-0.0027824508818097837,-0.010300059205981957,0.0
5944,-0.007562479477952744,-0.02905537992226211,0.0
5945,-0.03117397895534907,-0.12332800450464886,0.0
5946,0.0043679561376789855,0.016597222222222346,0.0
5947,-0.00583114793797096,-0.021962424857283027,0.0
5948,0.07242396500864612,0.21727189502593836,0.0
5949,-0.021236211616807943,-0.08499522893844602,0.0
5950,0.02903927989888261,0.09810733462666893,0.0
5951,0.03491867610012056,0.1238443935010862,0.0
5952,-0.036940159924265165,-0.1583676768788097,0.0
5953,-0.017364163882539113,-0.07326724511036453,0.0
5954,-0.060810282907911406,-0.27273924551953,0.0
5955,-0.018874801524679352,-0.08195513945603933,0.0
5956,-0.061092776258460296,-0.30450385195109714,0.0
5957,-0.01918145199143176,-0.07681693125309726,0.0
5958,-0.02090935042690678,-0.08719696969696959,0.0
5959,0.10410908995520166,0.3144644066095534,0.0
5960,0.01819290444832178,0.06760317902955934,0.0
5961,-0.0010556611196056997,-0.004136879895229027,0.0
5962,0.03863805915152502,0.13302236621257651,0.0
5963,0.0253526711091287,0.08624151301975579,0.0
5964,-0.028026039029582228,-0.12071166196279519,0.0
5965,0.005099778706909752,0.01925355450236966,0.0
5966,0.029157632948928203,0.10169232327525442,0.0
5967,0.02602418437173143,0.08878682204031164,0.0
5968,-0.017210347177592372,-0.06951993286432474,0.0
5969,0.045439796058407644,0.15356835387142181,0.0
5970,-0.02768897568688594,-0.10888245141093107,0.0
5971,0.06770308779658468,0.21300073130080494,0.0
5972,0.011078487472209991,0.044113252652024565,0.0
5973,0.02469791047316533,0.0880726382421153,0.0
5974,-0.04017600843358904,-0.17660918874405465,0.0
5975,-0.0358527772897935,-0.15292839185791918,0.0
5976,-0.007832685608511414,-0.030242869432863514,0.0
5977,0.009981298970512698,0.039031179307594435,0.0
5978,-0.03616892654802703,-0.15221825063078204,0.0
5979,0.019536378055227954,0.06828429282160628,0.0
5980,-0.037836948644333374,-0.15898973987003137,0.0
5981,-0.017640223391870713,-0.0793232063663282,0.0
5982,0.06781948113886005,0.20752498870730485,0.0
5983,0.04029365411853891,0.13745746563223085,0.0
5984,-0.005233851289455527,-0.0213191370432269,0.0
5985,-0.03453621997768461,-0.14983271008130344,0.0
5986,-0.014595756380654468,-0.05669889978638851,0.0
5987,-0.04281185047682903,-0.18079076583677117,0.0
5988,-0.011062198675209578,-0.04409371714931668,0.0
5989,-0.0419439111594645,-0.19094201676169467,0.0
5990,0.047045383058099244,0.16339417986845223,0.0
5991,0.04308800704000887,0.14593013705059607,0.0
5992,-0.036064122572586677,-0.161767940883335,0.0
5993,0.01415346614401547,0.050878473066722274,0.0
5994,0.01291967612445627,0.044294103828987484,0.0
5995,0.03717366786237608,0.13237354650884947,0.0
5996,-0.016220161466479893,-0.06524364123442737,0.0
5997,0.02950529956834788,0.11463707789279248,0.0
5998,-0.035566500048337946,-0.15424065096339523,0.0
5999,-0.011535172089543078,-0.04567434370770327,0.0
6000,-0.02124846671786476,-0.08650442137746839,0.0
6001,-0.04195363156465354,-0.1772515289577538,0.0
6002,0.0020122611688163095,0.007766781796381503,0.0
6003,-0.03126252030969792,-0.13299287425865236,0.0
6004,-0.041513999093808374,-0.19293114249114446,0.0
6005,-0.03137717872355575,-0.13940432261465482,0.0
6006,0.014683820217254617,0.055333557675498475,0.0
6007,-0.04094698797654864,-0.16726048798901139,0.0
6008,-0.007082568913509446,-0.0279483317266973,0.0
6009,-0.013592213668413539,-0.055046102863389706,0.0
6010,0.04791079829836936,0.15711852748500427,0.0
6011,0.02892210948956131,0.09817899887993345,0.0
6012,-0.021997779182012817,-0.09119856934268254,0.0
6013,-0.0035327831879388705,-0.013686864974795817,0.0
6014,-0.02494532209812758,-0.10984193356440147,0.0
6015,0.04145454787959019,0.13482064670749602,0.0
6016,-0.0028603874086340353,-0.01060353343157417,0.0
6017,-0.040491305780469694,-0.18539348194862346,0.0
6018,-0.008171976920294532,-0.030312756260023485,0.0
6019,0.028237559541907375,0.09934322653336283,0.0
6020,-0.038069708098393856,-0.16317593557161691,0.0
6021,-0.04056551179093598,-0.16709244832475453,0.0
6022,-0.05413030348443287,-0.24310058090508765,0.0
6023,0.00705100705100703,0.026652806652806574,0.0
6024,0.04539241769386715,0.14682597134775716,0.0
6025,0.012856372928122028,0.04852382988960471,0.0
6026,0.03944120095938844,0.13757708305813454,0.0
6027,0.015918398694857172,0.059255874040718325,0.0
6028,0.036644638895279524,0.12929184549356232,0.0
6029,-0.025669866371945294,-0.1095978075221713,0.0
6030,0.13861897909913917,0.36530607936583337,0.0
6031,0.018265397123093052,0.0623654634547363,0.0
6032,-0.006693369180254594,-0.026578448481500466,0.0
6033,-0.025410141252483975,-0.11015312174069276,0.0
6034,-0.009922484461546144,-0.04107811997888264,0.0
6035,0.02923809310715539,0.10798086041560918,0.0
6036,-0.05461607515677119,-0.25632066496858835,0.0
6037,-0.030527815730679697,-0.125249985715102,0.0
6038,-0.012907713339494753,-0.05600634940526537,0.0
6039,0.030684967472796754,0.10634038831908686,0.0
6040,-0.0051763756341943745,-0.019916605898506374,0.0
6041,0.011970054396494512,0.04558837326092834,0.0
6042,-0.03889972041265202,-0.1630759568637456,0.0
6043,-0.018148699067773694,-0.07302182448445416,0.0
6044,-0.008867814886212438,-0.035855912711074675,0.0
6045,0.002579415947894348,0.009592574515902022,0.0
6046,-0.009453023396670757,-0.03601612668424387,0.0
6047,0.007991428690755004,0.03162565396766874,0.0
6048,-0.0011814373728630811,-0.004475959875475559,0.0
6049,0.004622475856014052,0.018468176157987987,0.0
6050,-0.009762233587062408,-0.03833489669159592,0.0
6051,0.004866063824272182,0.018126767363266433,0.0
6052,-0.01658966368435269,-0.0703234800204636,0.0
6053,-0.010450621431538742,-0.04241502214977387,0.0
6054,0.012263027003888538,0.046257278605365604,0.0
6055,0.01731061931701794,0.06392357189133441,0.0
6056,-0.026550200070407093,-0.11594049508552445,0.0
6057,0.011451249707099154,0.04375918391552739,0.0
6058,0.056001395282062355,0.19126449198332127,0.0
6059,-0.04001898954312902,-0.1654826250347965,0.0
6060,-0.010871138464636554,-0.04162550299992773,0.0
6061,-0.045909635265720006,-0.2078143596336581,0.0
6062,0.012520974988623146,0.046752501874092287,0.0
6063,0.0058434370736479,0.0231679934680547,0.0
6064,0.039797610861780464,0.13781120172596845,0.0
6065,0.009110773434797548,0.03565914346689365,0.0
6066,-0.0022388265822103626,-0.00896592946802157,0.0
6067,0.051331913139902374,0.17001383383926472,0.0
6068,0.009766870398308924,0.03793153999616898,0.0
6069,-0.021366297253456318,-0.08640632353570371,0.0
6070,0.008952609637527587,0.03437761453320752,0.0
6071,-0.022209707516839372,-0.09683545503843324,0.0
6072,-0.021250870798873278,-0.08195381380977781,0.0
6073,0.011264613793130651,0.042333145383861966,0.0
6074,0.003941126153581387,0.013673379661528672,0.0
6075,0.014927955650400837,0.05576891390040175,0.0
6076,-0.033139517165307775,-0.13998231593606225,0.0
6077,-0.02924189158029966,-0.11357916636983137,0.0
6078,-0.01994062742276656,-0.0853479072328044,0.0
6079,0.07319810870947235,0.22732601184600199,0.0
6080,0.022162321900811965,0.07961293756855216,0.0
6081,0.01980624851952023,0.07457006931082041,0.0
6082,-0.027551461240735542,-0.11546349679822504,0.0
6083,-0.00398312336967005,-0.015913343847095245,0.0
6084,-0.006673002555269092,-0.026597913827817576,0.0
6085,-0.034333192337905605,-0.1425260253355073,0.0
6086,-0.051560125395038875,-0.23481118962122086,0.0
6087,-0.009806205507550403,-0.03687088646468041,0.0
6088,0.023514267302505137,0.08720850630796202,0.0
6089,-0.00021642069941807396,-0.0008115174390860148,0.0
6090,0.014919126879303996,0.05633170881619556,0.0
6091,0.03907243247338715,0.13614840961412558,0.0
6092,-0.00032885632885631955,-0.0012484703148369835,0.0
6093,-0.04412342055348675,-0.18959367912361574,0.0
6094,0.0381442414258088,0.12892509348509762,0.0
6095,-0.00041614049689137067,-0.0015694307703707211,0.0
6096,-0.06655112273817307,-0.3095919029653968,0.0
6097,-0.0030895642232928733,-0.012292830827266467,0.0
6098,0.0019845716374357336,0.00799799087096543,0.0
6099,-0.0005072889896387545,-0.0018698465545205537,0.0
6100,0.054186046511627894,0.17813455657492352,0.0
6101,-0.013474722055309446,-0.054242714664933404,0.0
6102,-0.004397953559837187,-0.017263608749808656,0.0
6103,0.014365878675609123,0.05341906687709609,0.0
6104,0.05384228733627039,0.185456767491598,0.0
6105,-0.04817814370460011,-0.2152614246852593,0.0
6106,0.05023453957744489,0.16632500910146558,0.0
6107,0.005951415473436361,0.022473255444468643,0.0
6108,-0.030903734553371837,-0.13092630955904117,0.0
6109,-0.056799975865787916,-0.26824862551741857,0.0
6110,0.00820364867937251,0.031034728208859663,0.0
6111,0.018047594979122256,0.06744207176144683,0.0
6112,0.01929747106490398,0.06766618633665576,0.0
6113,0.03914877858074739,0.1336472664527855,0.0
6114,0.023430711856925912,0.08173446413650108,0.0
6115,-0.029018657865972297,-0.1360546909781652,0.0
6116,-0.00038069091978931713,-0.001419772816957968,0.0
6117,-0.01503609681178314,-0.06460883244446149,0.0
6118,-0.016590858592837654,-0.07360702492038039,0.0
6119,0.016560107002680735,0.06123430585000017,0.0
6120,-0.05198817238561085,-0.24378431664247077,0.0
6121,-0.015900612585695417,-0.06316076665984569,0.0
6122,0.04783950617283955,0.15331355093966384,0.0
6123,-0.01043433050455897,-0.04371068736705853,0.0
6124,0.001345068798604493,0.005448338916756994,0.0
6125,0.013708407448539128,0.05099827208177835,0.0
6126,0.03995803989879593,0.14581864505955822,0.0
6127,-0.01718104707120144,-0.06763906952241408,0.0
6128,-0.05003116525238385,-0.21974472581439183,0.0
6129,0.07112040919563942,0.22551245327863556,0.0
6130,0.008656899326894923,0.033839663955670694,0.0
6131,-0.011398900038724097,-0.04760963893474457,0.0
6132,-0.022981004458006965,-0.09348344313453548,0.0
6133,-0.035915651796468606,-0.15904175433287457,0.0
6134,0.00798481855192984,0.02807428224907247,0.0
6135,-0.020553110038870614,-0.08214082653165364,0.0
6136,-0.05217492649644684,-0.23283548869174966,0.0
6137,-0.03542199357861445,-0.15543043789233255,0.0
6138,0.01654661190243034,0.060739776268399236,0.0
6139,-0.00707690336280592,-0.02844403568472355,0.0
6140,0.005019133284282773,0.019803424312714257,0.0
6141,0.053142825554279016,0.18007667867507254,0.0
6142,0.01800852683793197,0.0643737638460404,0.0
6143,0.0012036444538798263,0.0047405718340162535,0.0
6144,-0.04531277835329839,-0.1921372321151445,0.0
6145,-0.0505983168527043,-0.23122019693247742,0.0
6146,0.0073611534165904935,0.026911655530809122,0.0
6147,0.020120814625636335,0.07502715659605128,0.0
6148,-0.02011854371316818,-0.08113534765075806,0.0
6149,-0.005255831213851925,-0.02049712987939924,0.0
6150,-0.03809392010826018,-0.16542952057204963,0.0
6151,0.014258941092681943,0.05389588403930859,0.0
6152,-0.024794569654716325,-0.09808973653646312,0.0
6153,0.027552213613880994,0.09710262176393154,0.0
6154,-0.006068700345123135,-0.0243114039157466,0.0
6155,-0.0011290639601890806,-0.004270579886455921,0.0
6156,0.0032861819614306564,0.012786518437604592,0.0
6157,0.03859835561473163,0.13286045034851834,0.0
6158,0.022858258700053813,0.0780292391226968,0.0
6159,0.004771542055220568,0.019023979876560678,0.0
6160,-0.0045573744319912235,-0.016531850489440447,0.0
6161,-0.01893699388383227,-0.07733593372083192,0.0
6162,0.0038151609398949238,0.015449046768957222,0.0
6163,0.0011281512869396604,0.004394873763456451,0.0
6164,-0.043777653574297526,-0.1871645364327914,0.0
6165,-0.024751801223133807,-0.09831241748978059,0.0
6166,-0.001904033939082922,-0.007658398191895444,0.0
6167,-0.014586838139649866,-0.06110462074353328,0.0
6168,0.04625291144467014,0.15194034499927647,0.0
6169,0.007221951873880639,0.026566178917600974,0.0
6170,-0.008521027833229111,-0.03341460200316273,0.0
6171,0.044840280490199474,0.16012962388389013,0.0
6172,0.011621843974889856,0.04341177529809645,0.0
6173,0.046515281594571495,0.16026997351157912,0.0
6174,-0.0569714624169855,-0.26658056105451206,0.0
6175,0.02863366443009102,0.10923459643470114,0.0
6176,0.051367690450339676,0.1728013308605496,0.0
6177,-0.022526596878754634,-0.08842142917541089,0.0
6178,-0.007312529637740234,-0.030760028632223026,0.0
6179,-0.021967294579048058,-0.0876125510430725,0.0
6180,-0.012532193834649291,-0.0503032374337431,0.0
6181,0.01187142271981928,0.04458670256869142,0.0
6182,-0.024882469536883695,-0.1011256659800665,0.0
6183,-0.011322886778074526,-0.046019446976602894,0.0
6184,-0.016891761403870165,-0.06475175204816896,0.0
6185,0.008204265062487115,0.03155933093612378,0.0
6186,-0.024348885461657976,-0.09614103252542236,0.0
6187,0.028733079478370865,0.10614486346355266,0.0
6188,0.01668818419305118,0.0599207836364032,0.0
6189,-0.04440559592220639,-0.19484772820272928,0.0
6190,0.012884641035901534,0.04878593628593626,0.0
6191,0.016298402813474167,0.060221521408816994,0.0
6192,-0.001491108771817129,-0.005818002848599049,0.0
6193,0.049850528524555765,0.16847960351090976,0.0
6194,-0.022331073170235055,-0.09174986379270128,0.0
6195,-0.0027755958035939887,-0.010876129136241426,0.0
6196,0.028610366705604795,0.1011212305201376,0.0
6197,0.003382592837181231,0.01295903855407798,0.0
6198,0.0033307002845253952,0.013678506993730508,0.0
6199,-0.013209169200196047,-0.05170104686954562,0.0
6200,0.022812804303752987,0.08070151908741803,0.0
6201,0.028154457475940198,0.09474612181460945,0.0
6202,-0.0123227297111837,-0.0476079534443648,0.0
6203,-0.027927159241924904,-0.1239737017820149,0.0
6204,-0.039646706435015944,-0.15632261989470742,0.0
6205,-0.016803746947472803,-0.0696442032984267,0.0
6206,0.02745650164828356,0.10297751700204757,0.0
6207,0.10622911283376399,0.3102691823899371,0.0
6208,-0.024866445864138442,-0.1016795036371417,0.0
6209,-0.0584347797813447,-0.2767676586980601,0.0
6210,-0.01124506899074823,-0.04553642533406732,0.0
6211,-0.041610100814953144,-0.18382580297296114,0.0
6212,0.006932746631354653,0.0280990212231325,0.0
6213,-0.004706523978941918,-0.019086952787242047,0.0
6214,0.034725052005092794,0.12025638330747643,0.0
6215,-0.005598283643675039,-0.02219151571598437,0.0
6216,-0.041173181805326836,-0.17663803305371698,0.0
6217,-0.04446054110704872,-0.18975319828033016,0.0
6218,-0.019202345147488364,-0.07697310338658248,0.0
6219,0.0070675626283580595,0.025467465762636435,0.0
6220,0.019510412090895685,0.07381774471503831,0.0
6221,-0.002866522324878218,-0.011068782081517152,0.0
6222,0.033394622420703735,0.11203808401668562,0.0
6223,-0.04113557358053305,-0.18783068783068793,0.0
6224,0.035366779244122015,0.12390032113215493,0.0
6225,0.058399761224557256,0.18377225354801563,0.0
6226,0.005545423854504683,0.02079849744064228,0.0
6227,0.016666812821529986,0.06138792571130017,0.0
6228,0.03959353284285447,0.13785309300774332,0.0
6229,0.04423366867713108,0.1495389251780378,0.0
6230,-0.052647691629727544,-0.24917065390749596,0.0
6231,-0.03859554151455594,-0.16689575156791206,0.0
6232,-0.02262141365516751,-0.09395336833068374,0.0
6233,0.046727279452789566,0.16154858580045622,0.0
6234,-0.02131958922497862,-0.08463079928326793,0.0
6235,0.031126727223423245,0.10803000739655538,0.0
6236,-0.03426780396813692,-0.1475657308377896,0.0
6237,0.06001717872136009,0.20034511458065526,0.0
6238,-0.03903739816742141,-0.1561045668355825,0.0
6239,-0.0015860910622850222,-0.006382908381880915,0.0
6240,0.008062297649025552,0.030553327987169244,0.0
6241,-0.031789593758537626,-0.13115108716889506,0.0
6242,0.026295302723396863,0.09341228621522388,0.0
6243,0.0022538535906967416,0.008929528486929007,0.0
6244,0.001626539044600861,0.006452322734846913,0.0
6245,-0.026463635565040916,-0.11195643316739114,0.0
6246,0.03225550296985674,0.10918767808182354,0.0
6247,0.05121786423575464,0.1654489043275759,0.0
6248,-0.017484915356244524,-0.07146281037605906,0.0
6249,0.060682688368045024,0.20800925738804052,0.0
6250,0.052815048268898324,0.16977021527718017,0.0
6251,-0.03340038229018491,-0.14144860692771077,0.0
6252,-0.04189535937119046,-0.1845732182183245,0.0
6253,-0.008492656703415757,-0.03364360502695041,0.0
6254,-0.02265023059528637,-0.0937437773441278,0.0
6255,0.022648958050525747,0.08038922020508495,0.0
6256,-0.03226382851019585,-0.1493728060485554,0.0
6257,0.016700637762210646,0.05814890861863728,0.0
6258,-0.04122872498310626,-0.1897274876833545,0.0
6259,-0.017743911641100785,-0.07667904673475696,0.0
6260,0.02073423872729674,0.07221383664959645,0.0
6261,0.06748685081738293,0.2229301666234668,0.0
6262,-0.016663527036398784,-0.06502696374086443,0.0
6263,-0.06540227055781336,-0.296018174894154,0.0
6264,0.020657576674870504,0.06839813634597447,0.0
6265,-0.0065938713854121755,-0.026195856809242468,0.0
6266,-0.04090520973653919,-0.17776658563407358,0.0
6267,-0.020506232986563067,-0.08207482545716847,0.0
6268,-0.01566158003651333,-0.06359092690338222,0.0
6269,0.06304930196158107,0.2037420590291498,0.0
6270,0.00950305261753387,0.034708619021135804,0.0
6271,0.002221146624020648,0.009029970638745761,0.0
6272,0.0035801777025867842,0.014073382565887575,0.0
6273,-0.015554096929438016,-0.06538553496712506,0.0
6274,0.009026258375394003,0.033592774569810684,0.0
6275,0.025953698281267423,0.09654542206541211,0.0
6276,-0.013116314860344758,-0.05182276373137409,0.0
6277,0.01996119843713423,0.07073019012377173,0.0
6278,0.03094187867643977,0.11332969755399065,0.0
6279,0.02660078883782588,0.09844640725522094,0.0
6280,0.014013118664281454,0.0517051705170517,0.0
6281,0.0362780311444032,0.1258053612217931,0.0
6282,0.0029595808242156574,0.010828544878723955,0.0
6283,-0.006956670565896772,-0.027276619939771995,0.0
6284,-0.012732174955062903,-0.05366161616161612,0.0
6285,0.018526852067058897,0.06897496951992872,0.0
6286,-0.012234302849779194,-0.05276531382337719,0.0
6287,-0.016480346870564655,-0.06328763052057025,0.0
6288,-0.032168495880759596,-0.14168966175392192,0.0
6289,-0.01520513334299034,-0.06451184247283825,0.0
6290,-0.05690899632368393,-0.26494299399581744,0.0
6291,-0.000330273135169451,-0.0013589070043878264,0.0
6292,-0.035304127740993646,-0.1566620668506593,0.0
6293,-0.003701831218148627,-0.015399253603663784,0.0
6294,-0.03384738142248672,-0.13801885371660122,0.0
6295,0.0068050056561086425,0.02594164813691817,0.0
6296,0.016118065479365423,0.06144548234011542,0.0
6297,0.045925296627949475,0.1635158779507013,0.0
6298,-0.03027400045426837,-0.13539096969004624,0.0
6299,-0.02007730749863318,-0.07772368647567178,0.0
6300,-0.003137798268631864,-0.012347108634291238,0.0
6301,0.07677684726533104,0.2464780533240191,0.0
6302,-0.01493956789820583,-0.06406668630503998,0.0
6303,0.026228947800504415,0.09573422932201557,0.0
6304,0.018189457601222314,0.0646905395859371,0.0
6305,-0.004811446348768733,-0.0188174832345487,0.0
6306,0.008862773471789487,0.03467440425517639,0.0
6307,-0.0298206161034823,-0.12710486740659144,0.0
6308,-0.017728721582676965,-0.07250592544710195,0.0
6309,-0.005756922447653301,-0.02203466934586579,0.0
6310,-0.022276307461598477,-0.09401263421293417,0.0
6311,-0.003777764940972095,-0.015305370640038857,0.0
6312,-0.05511993110340871,-0.247931611669058,0.0
6313,0.016630084861478267,0.06259062761220759,0.0
6314,0.0009690505086494272,0.0037646074989365528,0.0
6315,-0.01313483023731099,-0.052062845849946096,0.0
6316,0.014580584654024065,0.05076373900049808,0.0
6317,-0.029333982671996023,-0.12248032317150578,0.0
6318,-0.022531621719712902,-0.08907728447048313,0.0
6319,-0.008530156186008664,-0.03319791509905789,0.0
6320,-0.030909312078701567,-0.12539836028208112,0.0
6321,-0.0021947300105308876,-0.00829092979397199,0.0
6322,-0.009927474669790604,-0.037964657698400135,0.0
6323,0.025946116206304992,0.09369274682081749,0.0
6324,-0.030598022417612336,-0.11921352798094852,0.0
6325,-0.023754137396740066,-0.10565453478244691,0.0
6326,0.020421445382828668,0.07839501147533885,0.0
6327,-0.0178580581788379,-0.07032653518792355,0.0
6328,0.04669610864510354,0.15642953944870616,0.0
6329,-0.03159941313558956,-0.12942670871275203,0.0
6330,0.021276411977227516,0.07658582243815955,0.0
6331,0.006883867828082257,0.026113634052126935,0.0
6332,0.023819124552948046,0.08998929343434407,0.0
6333,-0.0015417335423998924,-0.006165085568229786,0.0
6334,-0.03565501909334287,-0.15320585222841365,0.0
6335,-0.05491260908307119,-0.24724937102728287,0.0
6336,-0.019724302255278492,-0.08573829613243841,0.0
6337,-0.021152538233411816,-0.08700811371189801,0.0
6338,0.015033783783783783,0.056820600127686735,0.0
6339,0.01215729243106961,0.045668656573082236,0.0
6340,-0.04768292695098958,-0.20829599980815472,0.0
6341,0.03172819631276885,0.11184955993394993,0.0
6342,0.13086432283367008,0.36135738479004553,0.0
6343,0.08000812158777817,0.25086211828518495,0.0
6344,0.0033178518351422714,0.012529456528811354,0.0
6345,-0.06250979623824451,-0.2929886587997612,0.0
6346,-0.05376719041069508,-0.2557042094836991,0.0
6347,0.05656882772461744,0.18651950937064263,0.0
6348,-0.009082787373436596,-0.036331149493746384,0.0
6349,0.07648494329786248,0.23398503384015384,0.0
6350,0.004971416803014661,0.01911133818404959,0.0
6351,-0.021755801978961015,-0.0881334675551106,0.0
6352,0.012670839559607516,0.046959909771352414,0.0
6353,-0.02278891226684643,-0.09470860981057248,0.0
6354,0.002642659014473081,0.010236083406815012,0.0
6355,-0.02658984492913355,-0.10749354371825079,0.0
6356,-0.03083874206927331,-0.13246554844341749,0.0
6357,0.00590168662992821,0.023453996983408814,0.0
6358,-0.00833715589089748,-0.033783693591877044,0.0
6359,-0.01482676443093589,-0.058482373784981445,0.0
6360,0.020315876854614057,0.07612747113498639,0.0
6361,0.0004046356153410424,0.00152551751242393,0.0
6362,0.0023127424649358463,0.009250969859743385,0.0
6363,-0.05752751102007245,-0.2615021479059149,0.0
6364,0.034253347557686886,0.11912758820873375,0.0
6365,0.007816985280714894,0.029975653382810753,0.0
6366,-0.0007554980949761869,-0.003187720515935063,0.0
6367,-0.022024832259507687,-0.09259035100059215,0.0
6368,-0.0003324386901624732,-0.0013112640879426307,0.0
6369,0.04372623252412766,0.14547550398117726,0.0
6370,0.02772895786956764,0.09391602431964557,0.0
6371,-0.02006634597745663,-0.08283061571339624,0.0
6372,0.03957352490914498,0.13687587051027736,0.0
6373,-0.012525210434281009,-0.050451303829567425,0.0
6374,-0.010839764472422853,-0.042591859947579296,0.0
6375,0.04193693277779703,0.13794483472087551,0.0
6376,-0.03703093126329382,-0.16611867558674376,0.0
6377,-0.027132475875966622,-0.11105777392709319,0.0
6378,-0.0362242329412536,-0.16041492574759011,0.0
6379,0.014396931970876853,0.05533717300070367,0.0
6380,0.05175435734993933,0.16013524017690162,0.0
6381,-0.03721364256947585,-0.15763004462909128,0.0
6382,-0.03047487506911184,-0.13626848282198714,0.0
6383,-0.04966585399830259,-0.22755622206579237,0.0
6384,0.04248455346514435,0.1503265219876033,0.0
6385,-0.03251647192679272,-0.13577609741138813,0.0
6386,-0.041371656905409365,-0.1873047911431818,0.0
6387,-0.02172634624122205,-0.08786272702692491,0.0
6388,0.037956938604185086,0.13771014028110803,0.0
6389,-0.010962752306305057,-0.040145290135765004,0.0
6390,-0.04040283811869111,-0.18591701762268417,0.0
6391,0.0036279184983650237,0.013830679236225095,0.0
6392,0.01402749513747334,0.05423411433624308,0.0
6393,-0.024175216414742795,-0.09667291743190212,0.0
6394,-0.00024004373288299963,-0.0009507782017750127,0.0
6395,-0.02859385742942,-0.11868692812380485,0.0
6396,-0.034960488934578066,-0.14667924693215964,0.0
6397,0.001833819027051431,0.006940683112577443,0.0
6398,-0.04623454457460702,-0.20353896551160544,0.0
6399,-0.012304308226358002,-0.050140056022408855,0.0
6400,0.024604724183223015,0.08805476236687361,0.0
6401,-0.038879735161586326,-0.17455798621516336,0.0
6402,0.01989070348176425,0.07001186520269431,0.0
6403,0.04807847456620851,0.15666452834600206,0.0
6404,0.03179213740326389,0.1152243463745941,0.0
6405,0.04285873398501386,0.15768687172796766,0.0
6406,0.06430909080121028,0.2020686242769639,0.0
6407,-0.005009371005144703,-0.019149178051091873,0.0
6408,-0.0061846578012794695,-0.024036979969183248,0.0
6409,-0.03450005108477158,-0.14718610751135067,0.0
6410,-0.01944075142985327,-0.0813560944169747,0.0
6411,-0.03008134817030761,-0.12018612718044198,0.0
6412,-0.005274317231452608,-0.019226691770772242,0.0
6413,-0.016442337106148674,-0.0657693484245947,0.0
6414,-0.04887889553904298,-0.22571505955978838,0.0
6415,-0.017553640238092638,-0.07176403584642226,0.0
6416,-0.007368697054039364,-0.028580078150031253,0.0
6417,-0.010730606631045858,-0.04607379427084746,0.0
6418,0.007428021785577998,0.02555929015248463,0.0
6419,0.002802775159567561,0.01103059404134259,0.0
6420,0.014585115925773218,0.05539667883734048,0.0
6421,0.04691902777816592,0.1511578530390173,0.0
6422,-0.011759099631699077,-0.04474324077548991,0.0
6423,0.027649821309915057,0.0985139328790351,0.0
6424,0.010241643709708759,0.0402774619210124,0.0
6425,0.027381861966613685,0.09692309870721988,0.0
6426,-0.01469789408346922,-0.06451875069931445,0.0
6427,0.017489385934095214,0.06810992553445963,0.0
6428,-0.008024489093585052,-0.03072364732268024,0.0
6429,-0.00811467817389544,-0.03249767873723312,0.0
6430,0.015009136352658659,0.056863185153215375,0.0
6431,-0.01395847718036966,-0.05673769501373279,0.0
6432,0.0007787260123507111,0.0031883867736075076,0.0
6433,0.006130342764006147,0.02141764405915355,0.0
6434,-0.05405133168870824,-0.24033416839140637,0.0
6435,-0.03190279714514113,-0.1466830385838842,0.0
6436,0.0031176468790543588,0.012671115774214864,0.0
6437,0.027127176215308052,0.09834735457322384,0.0
6438,0.05817911013621471,0.19160784775400055,0.0
6439,-0.012584245286843099,-0.047237133155811045,0.0
6440,-0.04086340984488737,-0.17050245434676167,0.0
6441,0.003970726168451233,0.015821452959293186,0.0
6442,0.010939460602050533,0.041692612431842475,0.0
6443,0.014115649156892063,0.05191661791437703,0.0
6444,-0.0434905494643999,-0.1938323974198415,0.0
6445,-0.01469303956950116,-0.060377573527878876,0.0
6446,-0.023382710748532987,-0.09173217293655249,0.0
6447,0.01936048197059148,0.07062127668484902,0.0
6448,-0.01695895042943124,-0.07281992073706163,0.0
6449,-0.02465298358058371,-0.10690401159394126,0.0
6450,0.015654856339800627,0.05794036274208431,0.0
6451,0.005226786165919178,0.02063530235717501,0.0
6452,0.01520401685062367,0.05781001607088566,0.0
6453,-0.008161206634014484,-0.0333184189496309,0.0
6454,-0.021384101486061263,-0.09755947805200316,0.0
6455,0.0437139433641911,0.15615512884711044,0.0
6456,-0.04553777089068203,-0.20784217890479742,0.0
6457,-0.012929437191784299,-0.05102212992407044,0.0
6458,-0.004033613240935208,-0.01579870712172079,0.0
6459,-0.023564580077598152,-0.093876486836913,0.0
6460,-0.04323033478006108,-0.18996302021112482,0.0
6461,-0.01795806745670009,-0.07696314624300038,0.0
6462,-0.0039752533846130755,-0.015179070969752457,0.0
6463,-0.028549483682474897,-0.11968000516269402,0.0
6464,0.041113121603882,0.15079379379379387,0.0
6465,-0.028707104328179384,-0.12406621626960603,0.0
6466,0.011052537178704053,0.0434424275694691,0.0
6467,0.011632765402627782,0.045707861274594315,0.0
6468,0.012164071861131553,0.042937456699824836,0.0
6469,0.015458710060982761,0.05716287453661181,0.0
6470,-0.06547773966052417,-0.2848160270276694,0.0
6471,-0.0198515779461661,-0.08301120031717714,0.0
6472,0.032792684928167726,0.11858582773365915,0.0
6473,-0.039019410637895574,-0.17752782931354372,0.0
6474,-0.03581559503267659,-0.15115974017962788,0.0
6475,-0.028172172077378987,-0.11285172171274152,0.0
6476,-0.0469538855995163,-0.21034853548732724,0.0
6477,0.009320226607856974,0.03379487272793422,0.0
6478,-0.0015879727608475447,-0.00623357875387418,0.0
6479,0.012772207975636496,0.04604163665421542,0.0
6480,0.02132615207455879,0.07893320998960147,0.0
6481,-0.023235113026991244,-0.10128368375044827,0.0
6482,0.009372866608660713,0.03349598163030992,0.0
6483,0.005435567497052096,0.02117111826773892,0.0
6484,-0.03371892280637098,-0.14041286727456936,0.0
6485,-0.014758291680325386,-0.06112870085552251,0.0
6486,0.02422347993226892,0.08768409271320741,0.0
6487,-0.012148831409717259,-0.04962804802552741,0.0
6488,-0.048664479417013295,-0.23498759674292607,0.0
6489,-0.03447860971837921,-0.14426464016899088,0.0
6490,-0.022698963989166543,-0.09728546920583281,0.0
6491,-0.083704176386695,-0.40896135203972994,0.0
6492,0.06293238144521535,0.19513344471576058,0.0
6493,-0.03138432352262069,-0.1286537280851355,0.0
6494,-0.012707198047338192,-0.053046052979802874,0.0
6495,0.020590316244169904,0.07320003375789955,0.0
6496,-0.027247691727419754,-0.1108318271615317,0.0
6497,-0.012211264882185546,-0.05024585300649913,0.0
6498,0.007274012974217592,0.026607573774111715,0.0
6499,-0.01431790541074146,-0.057779949645714056,0.0
6500,0.03893173474291295,0.12973276337877923,0.0
6501,0.037587958447976744,0.13083961332368974,0.0
6502,0.028598122599789222,0.09989588627577808,0.0
6503,-0.015791826445523294,-0.06738366488250483,0.0
6504,-0.027259779651505556,-0.11060991023059877,0.0
6505,-0.013544824581968262,-0.052729737124049054,0.0
6506,-0.029106089432309773,-0.13336440977978975,0.0
6507,0.014727211216486014,0.05276309735939294,0.0
6508,-0.0017778143612786068,-0.00747839057353867,0.0
6509,-0.03205603502504245,-0.126782173126725,0.0
6510,0.033054575068813735,0.12070531574964402,0.0
6511,-0.04338249812914924,-0.1942252148384105,0.0
6512,-0.00416105699427155,-0.01591388079102468,0.0
6513,-0.004289950723933067,-0.017657416227568216,0.0
6514,-0.0018456180920868315,-0.007349475620574617,0.0
6515,-0.00604010987114012,-0.022162816555110786,0.0
6516,-0.020466534624507815,-0.08215713188131811,0.0
6517,-0.017928476141881422,-0.07132236313454207,0.0
6518,-0.0021069619913644533,-0.007776036664476345,0.0
6519,0.0007110175475414371,0.0028637968531252814,0.0
6520,0.013954396633087895,0.049290768212960204,0.0
6521,0.044531517455551034,0.15628758578216845,0.0
6522,-0.027087889030519646,-0.11963525633919025,0.0
6523,-0.012825079691337588,-0.055548115860570436,0.0
6524,0.04007699698236783,0.13698658649398707,0.0
6525,-0.057663243480845505,-0.26559102493322406,0.0
6526,0.04182958003909282,0.13858394264197949,0.0
6527,-0.045034926975063366,-0.18866417622053333,0.0
6528,-0.03623248475008431,-0.15366943280940282,0.0
6529,0.054591343772179335,0.18191566689936592,0.0
6530,-0.03432789697074917,-0.15495473289968884,0.0
6531,-0.0017813834696198683,-0.006999789162976894,0.0
6532,0.019234893597603664,0.06830561246339557,0.0
6533,0.054857950889671436,0.17597570128529894,0.0
6534,0.00897963476683189,0.03442193327285558,0.0
6535,0.04551257225781011,0.15557819524201258,0.0
6536,0.003211202654444245,0.012010685513556791,0.0
6537,-0.03304274044432334,-0.1444912457637802,0.0
6538,-0.026005769267162526,-0.1032285412273502,0.0
6539,0.01671298242336494,0.06318560449440187,0.0
6540,-0.0007038341529047032,-0.002804546701255887,0.0
6541,0.03580699378740909,0.12377192473825602,0.0
6542,0.030045007483848085,0.10560595914098843,0.0
6543,0.05859511683340679,0.18466164047597408,0.0
6544,-0.03513364789819229,-0.15208356149381222,0.0
6545,-0.017471882791790683,-0.07317432099928177,0.0
6546,0.012736722706450765,0.04452433065255022,0.0
6547,-0.037245387813973935,-0.16767765919930971,0.0
6548,-0.04274211465287503,-0.19032650021557643,0.0
6549,0.03297135832846476,0.11617960475915581,0.0
6550,-0.020435723900231573,-0.0852837388509664,0.0
6551,0.06345910313123426,0.19850662846413897,0.0
6552,-0.043453813773934785,-0.19046983790297756,0.0
6553,-0.0050581163267511275,-0.020208205756276687,0.0
6554,-0.008708140239213402,-0.03358993869799956,0.0
6555,-0.03709947392301019,-0.1702503301312971,0.0
6556,0.08615665020296301,0.26376680518428736,0.0
6557,0.01955597536765541,0.07100991944610875,0.0
6558,0.09449383006046577,0.2857158270498221,0.0
6559,-0.0276487904479909,-0.12588633635007,0.0
6560,0.022197161594781217,0.08453812607374123,0.0
6561,-0.021382256257057725,-0.08762480448766956,0.0
6562,-0.017133656435715905,-0.07191487855385566,0.0
6563,0.056428026712470325,0.17685168721838368,0.0
6564,0.020765771703944558,0.07602423852423847,0.0
6565,-0.017102939790965777,-0.06610944034584848,0.0
6566,0.03374483864415048,0.12389283126099053,0.0
6567,-0.05232023717717521,-0.2623029476363896,0.0
6568,-0.01075180231712669,-0.04388250787755596,0.0
6569,-0.03294515312965279,-0.14025105980040076,0.0
6570,0.015694754084681295,0.05873966353008272,0.0
6571,0.060926859938230354,0.19610062206839327,0.0
6572,0.020668562328094997,0.07531378003787648,0.0
6573,0.004530830385841927,0.017957761358744984,0.0
6574,0.02996691330194337,0.10755338063779457,0.0
6575,0.00882834920014336,0.034018708176533935,0.0
6576,0.003367248547977375,0.012611120543883839,0.0
6577,-0.011209720207986995,-0.043016984996789825,0.0
6578,0.009798184382467656,0.03625987292211405,0.0
6579,0.010058358798742673,0.03794641017398961,0.0
6580,-0.029068459628381005,-0.1153815363289456,0.0
6581,-0.02753348770184824,-0.12055202723511933,0.0
6582,0.030498047814576545,0.098964313050134,0.0
6583,-0.0032234800779573636,-0.012565222459152458,0.0
6584,-0.06226400736959947,-0.2953187673109365,0.0
6585,-0.004514309327490418,-0.017783961308763183,0.0
6586,-0.005991046988718274,-0.023936387272790877,0.0
6587,0.04489727189922571,0.16079022987517802,0.0
6588,-0.002603532912567985,-0.00987110045182207,0.0
6589,0.000748256033182515,0.0027870435393258846,0.0
6590,0.030742430629602968,0.10754950226636874,0.0
6591,-0.013301275060397244,-0.04841781962738178,0.0
6592,0.03469927438160586,0.11940414118038677,0.0
6593,0.001422731768120189,0.005225591599150837,0.0
6594,-0.047256916374377234,-0.20067924562986478,0.0
6595,0.04001661649078406,0.14024790985073526,0.0
6596,-0.0029187673422305382,-0.01233809799974983,0.0
6597,-0.007897803100068934,-0.030425815802081684,0.0
6598,-0.0021760987182825597,-0.0076595040480676325,0.0
6599,-0.02235858274250102,-0.09055895429357899,0.0
6600,-0.03541140333758214,-0.16032466511085944,0.0
6601,-0.037743138582476854,-0.16621405105684392,0.0
6602,-0.006859618186820987,-0.027884224109604446,0.0
6603,0.089305771303402,0.25890554971504454,0.0
6604,-0.0073645552138763,-0.029378267903846712,0.0
6605,0.03723264762275785,0.1267645439190082,0.0
6606,-0.017328299492044563,-0.068544848632475,0.0
6607,0.007725995995500223,0.030894584960108558,0.0
6608,0.046663949667826166,0.15537190588379265,0.0
6609,-0.0026022656491543894,-0.01040601901106299,0.0
6610,-0.047611571884706216,-0.2048998004323964,0.0
6611,-0.04818876312059553,-0.2080008770428683,0.0
6612,0.037873390778600524,0.13278012994298213,0.0
6613,0.01916029799408714,0.0670912008460323,0.0
6614,-0.033870581428653485,-0.1559793125764585,0.0
6615,0.024797490918116394,0.08837602026456519,0.0
6616,0.046525234380585256,0.15408816157239705,0.0
6617,0.020658266316120555,0.07265009765009749,0.0
6618,-0.027506005200539668,-0.11251538479829079,0.0
6619,0.01496716245694546,0.0564069709131587,0.0
6620,0.0169760493073029,0.0582184758452903,0.0
6621,-0.02610105694568074,-0.11578589072195203,0.0
6622,-0.031629469963718154,-0.13092051669963925,0.0
6623,-0.021359872096319926,-0.08906859286766416,0.0
6624,-0.008687831687788083,-0.033116311656234534,0.0
6625,0.022461283302467605,0.08531685616378303,0.0
6626,-0.013162970926237139,-0.05059746237866851,0.0
6627,0.010965628339127897,0.04031587448775076,0.0
6628,-0.05048359977032385,-0.2261901911584432,0.0
6629,-0.019933795768567075,-0.08257948211377847,0.0
6630,-0.023853720928675215,-0.09264841667208527,0.0
6631,-0.020562552752265845,-0.08562690472083252,0.0
6632,-0.02254974928618364,-0.09153994097364597,0.0
6633,0.028771572188197314,0.10377868396266804,0.0
6634,-0.03347177747032126,-0.13863977731335736,0.0
6635,0.10003529705296024,0.28635565198831703,0.0
6636,-0.0394082463103842,-0.172586114234944,0.0
6637,-0.025762211865869522,-0.1105723252650152,0.0
6638,0.07098007907759951,0.23390511946035566,0.0
6639,0.0428630314032101,0.14942988456113598,0.0
6640,0.052848131462340686,0.17333339005201007,0.0
6641,-0.008887052169977816,-0.034018054885536525,0.0
6642,-0.049787751808566955,-0.21607515030887342,0.0
6643,0.021954424344890144,0.07901689888810949,0.0
6644,0.009058413126803444,0.03416258357922098,0.0
6645,-0.02117270414305142,-0.09068309132967305,0.0
6646,-0.04187642126611482,-0.18964275462857058,0.0
6647,-0.0008383629845757357,-0.003184660280674235,0.0
6648,-0.014254836706297652,-0.05977891447363541,0.0
6649,-0.025267106289806274,-0.10902167234630142,0.0
6650,-0.010933933978728771,-0.04059817225145378,0.0
6651,0.034300231989604524,0.12202316922479244,0.0
6652,-0.011022008036208425,-0.044459858921958806,0.0
6653,0.018288466085952998,0.07041594193562253,0.0
6654,-0.0176252365073801,-0.07150626898564523,0.0
6655,-0.0719413264255091,-0.3304745364295814,0.0
6656,-0.011886375210151429,-0.04871821264574855,0.0
6657,0.010042207574596423,0.03970698348776157,0.0
6658,0.016886921471244543,0.06083716250557532,0.0
6659,0.020754320033483986,0.07829825487745373,0.0
6660,0.005551959924415456,0.022047879267666663,0.0
6661,0.012457512474691429,0.047491656495695145,0.0
6662,-0.028237262100796495,-0.12637941944190473,0.0
6663,0.03959144523162833,0.13024027392039186,0.0
6664,-0.043957529173832915,-0.20260212249535225,0.0
6665,0.0278189923701605,0.09576652088463543,0.0
6666,-0.006503137223311223,-0.02607500399262843,0.0
6667,-0.036219711938894505,-0.15747511339979042,0.0
6668,-0.03424743541920472,-0.13485668341541512,0.0
6669,-0.05339757263447023,-0.23121281450905845,0.0
6670,-0.0021823414024466914,-0.009487827931825732,0.0
6671,-0.014081897284100753,-0.05622688426905545,0.0
6672,-0.021942874726987527,-0.08977602461382594,0.0
6673,0.010158122076301901,0.036445084649309824,0.0
6674,-0.009793931486956398,-0.037515357265042605,0.0
6675,0.02226279319193858,0.0821260541845007,0.0
6676,-0.004794825892826038,-0.01984266540599125,0.0
6677,-0.012570698084503784,-0.05138974162651788,0.0
6678,-0.014402955047656707,-0.056721089014984113,0.0
6679,-0.02785764487892145,-0.11783783783783773,0.0
6680,0.012120388337238719,0.04406822182766172,0.0
6681,0.005853125853125862,0.020680209117039987,0.0
6682,0.04328790947114902,0.14680446091745158,0.0
6683,0.016998043171886523,0.06023100828108987,0.0
6684,-0.008656024624635356,-0.03563012557355957,0.0
6685,-0.002445117566144961,-0.009721974629026136,0.0
6686,-0.005222772309845303,-0.02093415096631751,0.0
6687,0.05729909224703128,0.18255087680712478,0.0
6688,0.01917544695646034,0.06962735108462298,0.0
6689,0.05632017647962245,0.1887343845038132,0.0
6690,-0.021649084931145313,-0.08754562968502123,0.0
6691,-0.034245038192857596,-0.15167534157449572,0.0
6692,-0.024387433183931495,-0.10252250604673521,0.0
6693,-0.061765581193852837,-0.3010645525319153,0.0
6694,-0.0008943672988616647,-0.0032185518933953035,0.0
6695,-0.05249735038408945,-0.2333064065121482,0.0
6696,-0.0006589152721487301,-0.0025229014320106795,0.0
6697,-0.043651769453956685,-0.20239615850455017,0.0
6698,-0.018333392150183148,-0.07315958623157308,0.0
6699,0.03007074610046695,0.10605904418291676,0.0
6700,-0.0027767258677814377,-0.011285162415724066,0.0
6701,0.010783810237784575,0.03821691056755613,0.0
6702,-0.019400715281884084,-0.07385847928419302,0.0
6703,-0.0484582674861293,-0.21734314552488446,0.0
6704,-0.013784155220195188,-0.055185850006567165,0.0
6705,-0.04013564519777313,-0.176087344928572,0.0
6706,-0.03036475480175574,-0.13312000869362878,0.0
6707,-0.009831159640076859,-0.039500194982451664,0.0
6708,-0.0026878446234294695,-0.010930134786690818,0.0
6709,0.00870079257501899,0.03303750777075981,0.0
6710,0.01610838276037968,0.06141320927394753,0.0
6711,-0.04147445044585574,-0.18113966232227494,0.0
6712,-0.038738588434328786,-0.16145757087786067,0.0
6713,0.0732237226623581,0.22911939026608827,0.0
6714,0.020861277080030882,0.07356577202852328,0.0
6715,-0.005060171263406854,-0.02102161487219585,0.0
6716,-0.039172145473596515,-0.1584774737836955,0.0
6717,-0.02628829827973367,-0.11048146847233613,0.0
6718,0.07159749926714565,0.22120526594445883,0.0
6719,0.0014577735209868603,0.005666126641618674,0.0
6720,-0.05580337623572529,-0.24866892053200582,0.0
6721,0.06027688456629024,0.19670937845548644,0.0
6722,0.07364120848937855,0.225603900883548,0.0
6723,-0.029041323790388457,-0.12052864676552845,0.0
6724,0.07538899031562499,0.2463166705942422,0.0
6725,0.005698498223088377,0.02100929839391374,0.0
6726,0.039002543221946795,0.1373223233012287,0.0
6727,-0.0584698841316062,-0.2888446469016043,0.0
6728,0.01875547938868749,0.06709243776939029,0.0
6729,-0.0016899945134446481,-0.006475467192929325,0.0
6730,0.07853028216749608,0.24362147516071792,0.0
6731,-0.04118125583614349,-0.18440645470522435,0.0
6732,-0.02889549191963539,-0.12505825322734124,0.0
6733,0.04247335335273006,0.1401325999120301,0.0
6734,0.052088420099341226,0.17300414683918774,0.0
6735,0.0032853917764655294,0.013386865635071906,0.0
6736,0.00474311588434656,0.01808650567288415,0.0
6737,-0.018955563540543785,-0.07720979246148295,0.0
6738,0.01829757208377436,0.06320979447122052,0.0
6739,-0.027666999025314193,-0.11128210005158501,0.0
6740,-0.033240009886963545,-0.14066355016186238,0.0
6741,-0.002275022993155129,-0.008465561750039834,0.0
6742,0.020972318998170036,0.07432836586116146,0.0
6743,-0.05139022805896959,-0.22580943102220552,0.0
6744,-0.04263199243782623,-0.1754722718328516,0.0
6745,0.015605114356912198,0.058569137004289784,0.0
6746,-0.0515815734010065,-0.2399303749349766,0.0
6747,-0.046248030346406566,-0.19478311162085554,0.0
6748,0.07421058735973246,0.23705111323454725,0.0
6749,-0.027586511569605926,-0.11221798813493268,0.0
6750,-0.04459294428604643,-0.1882341881277822,0.0
6751,0.04597738152725364,0.16121493373468787,0.0
6752,-0.05002980997086923,-0.21484476276899137,0.0
6753,-0.05425928713599948,-0.24374941298018227,0.0
6754,-0.0048141405237817625,-0.018974373318820965,0.0
6755,-0.0327591596480053,-0.1376611788907547,0.0
6756,0.04835061777070476,0.16067673716012096,0.0
6757,0.008846577448160559,0.03488517419153256,0.0
6758,0.015228670684469314,0.05566054115451709,0.0
6759,0.04396840952543546,0.14918518613344256,0.0
6760,0.022068298969072142,0.07671025328546484,0.0
6761,0.031664981157846384,0.11214104680791885,0.0
6762,-1.1999961600117626e-05,-4.456931776851954e-05,0.0
6763,-0.01195175509811433,-0.04822816364621834,0.0
6764,-0.007158583777240435,-0.027929516065651,0.0
6765,-0.018119640066094095,-0.07443091857658264,0.0
6766,-0.0017222536606069094,-0.006614708029816753,0.0
6767,0.033242917837094155,0.10799746714922501,0.0
6768,-0.0006156944175566004,-0.0024996455994214075,0.0
6769,-0.04723077541463033,-0.19615058686431885,0.0
6770,-0.012650602409638556,-0.047191011235955066,0.0
6771,-0.004472609551770534,-0.0166974038771547,0.0
6772,0.10914635901015274,0.312684106275382,0.0
6773,-0.039176619268070784,-0.17596104093273732,0.0
6774,-0.038785997276563344,-0.17196622988128793,0.0
6775,-0.010358175783578505,-0.04011114277571952,0.0
6776,-0.05531603206797267,-0.24655549414715788,0.0
6777,-0.044378998183807306,-0.19717115817450429,0.0
6778,-0.025636293678390265,-0.11148501045782024,0.0
6779,0.009781626415662104,0.03441721786550038,0.0
6780,-0.014370888664416437,-0.054442615759393326,0.0
6781,0.02630722033102495,0.09425073132834898,0.0
6782,0.018392535847712388,0.06615975785399222,0.0
6783,0.016845935321658567,0.06209135479047955,0.0
6784,0.036588012149173454,0.1293717600001321,0.0
6785,-0.0014728178067582864,-0.005668991120252805,0.0
6786,0.007694921188814485,0.02828033326790107,0.0
6787,0.013152132462497634,0.04789496603717821,0.0
6788,0.010043708418484454,0.037851799073744134,0.0
6789,-0.03219312607467681,-0.13600429348939552,0.0
6790,0.006979987677703525,0.02461248793047969,0.0
6791,-0.003910002269681967,-0.015319812814428653,0.0
6792,0.006707363922742321,0.026198174380593534,0.0
6793,0.031203671397861538,0.11757226301526812,0.0
6794,-0.04093232967622465,-0.16860932881228305,0.0
6795,0.024403206918295672,0.08826691864064391,0.0
6796,0.01968390606009507,0.07040537828154306,0.0
6797,-0.011843024808319502,-0.045596298379990845,0.0
6798,-0.02328708846482999,-0.09526283262076211,0.0
6799,-0.05451060472859279,-0.2512098537151247,0.0
6800,-0.030485942299076918,-0.13239496545666393,0.0
6801,-0.005977034088489208,-0.02292230489530175,0.0
6802,0.018479232864866357,0.06895142330870202,0.0
6803,0.03469522761874272,0.11829048433780143,0.0
6804,0.01534575994757803,0.05452334017051334,0.0
6805,0.036542957597051895,0.1260334831037453,0.0
6806,-0.013317171880684014,-0.05540805884603399,0.0
6807,0.02051648745052992,0.07211991349458016,0.0
6808,-0.01146931447572036,-0.046734001875766575,0.0
6809,0.012432149341497223,0.046846202085407566,0.0
6810,-0.022114957746552866,-0.10094025620242963,0.0
6811,0.005529025788045205,0.020851252405651798,0.0
6812,0.03158704325837752,0.11181880735116141,0.0
6813,-0.057389921725733095,-0.27751458073625557,0.0
6814,0.07712156820244764,0.2518046717150253,0.0
6815,0.0037958013717254713,0.01420433328631052,0.0
6816,-0.013804593098369622,-0.05523416712242399,0.0
6817,0.04425835093623573,0.1507077110637001,0.0
6818,-0.01493709878237176,-0.0614690903323583,0.0
6819,3.8285727649634005e-05,0.00014953692927339605,0.0
6820,-0.020013013519400602,-0.08412505431647539,0.0
6821,0.020908228706430054,0.07700966798383785,0.0
6822,-0.019535288603187345,-0.08098265093684935,0.0
6823,0.029041247710522855,0.0993774341486668,0.0
6824,-0.04434463215487683,-0.18336531886263885,0.0
6825,-0.03308806726046873,-0.14582290512024756,0.0
6826,-0.008945586814831596,-0.035265261316272535,0.0
6827,-0.02993451230062652,-0.12208798072369052,0.0
6828,-0.010188434300914762,-0.03838695489924301,0.0
6829,0.03090679463871676,0.10500671010620657,0.0
6830,0.019087782943040144,0.07343339598973553,0.0
6831,0.007174092085653727,0.02621904024767784,0.0
6832,-0.02182922091688108,-0.09390029949959958,0.0
6833,0.05975848337463027,0.19692306741375107,0.0
6834,-0.037250310648208884,-0.1544971900655221,0.0
6835,-0.03028713056427701,-0.12963495361073485,0.0
6836,-0.018083646168870204,-0.06810617251794704,0.0
6837,0.00585264757519649,0.022233410049865756,0.0
6838,-0.04743867529562304,-0.19578407717929797,0.0
6839,-0.013697462148681089,-0.0553529848862058,0.0
6840,0.003304534710860396,0.012244054640573947,0.0
6841,-0.009373963961019305,-0.034590658540662095,0.0
6842,-0.020255643103685383,-0.08428238721398328,0.0
6843,-0.024699388625271657,-0.10486407100553932,0.0
6844,-0.037364903076085226,-0.156133537884152,0.0
6845,-0.04579870883223147,-0.20000484830854642,0.0
6846,-0.02044283568094052,-0.08152884170738081,0.0
6847,-0.03532272993445287,-0.14655641985226409,0.0
6848,-0.05193663485475519,-0.22862624850095775,0.0
6849,-0.04011842808371882,-0.18281608895060486,0.0
6850,-0.031017262925927214,-0.14398238034571761,0.0
6851,0.038263318576596705,0.13039208458334997,0.0
6852,-0.04214532607259347,-0.18443265945871906,0.0
6853,-0.03843753928436741,-0.17219417793842098,0.0
6854,-0.006818585879910299,-0.026800614887893447,0.0
6855,-0.03377345516586952,-0.14361955873583782,0.0
6856,-0.03795965378086735,-0.15985957390763303,0.0
6857,0.0015470718401697503,0.006168100183642385,0.0
6858,0.022120419868148333,0.08084486785144689,0.0
6859,-0.008288927892026732,-0.032446600973875736,0.0
6860,-0.05293053305261211,-0.22909420459694677,0.0
6861,0.04209249658319497,0.141270518215247,0.0
6862,0.05212310759895644,0.17536287404758855,0.0
6863,-0.03912143241857663,-0.16457653686549634,0.0
6864,-0.012178369797656907,-0.045675578153190136,0.0
6865,0.012286133612593397,0.04961091200150406,0.0
6866,-0.01956085282881631,-0.07925401794821213,0.0
6867,-0.05840514097708821,-0.2611773800967562,0.0
6868,0.010210798613214944,0.03778331737118285,0.0
6869,0.008433045176952148,0.030548367929772113,0.0
6870,-0.018264761441509875,-0.0772404125362971,0.0
6871,0.015949067185176358,0.056510482586394906,0.0
6872,0.05489151005686205,0.1908046024050121,0.0
6873,0.013081575833194914,0.04721892212981952,0.0
6874,0.04006969982510883,0.1323587474142651,0.0
6875,0.0024768274099271625,0.00908540278619022,0.0
6876,-0.005239907142254474,-0.02054783632207535,0.0
6877,-0.006462487184883292,-0.02550208758723682,0.0
6878,-0.02661827609152692,-0.11291300987212227,0.0
6879,-0.027029518675259434,-0.1162303388179504,0.0
6880,-0.01761366604706993,-0.07623071676980016,0.0
6881,0.06041474654377879,0.20336091003102374,0.0
6882,-0.065971243070713,-0.29770567284442007,0.0
6883,0.048961579405067346,0.16508376245024292,0.0
6884,0.015139185805791239,0.05947028400651406,0.0
6885,-0.012687988877408796,-0.048386645730417434,0.0
6886,-0.04376704703192036,-0.1973785684092325,0.0
6887,0.04809005743541206,0.16560335567984003,0.0
6888,-0.01329876867310728,-0.059715093574964205,0.0
6889,-0.02474437612948921,-0.09891865939041941,0.0
6890,0.0027683749340992603,0.01020248188034381,0.0
6891,0.008851043178813911,0.031689149345344246,0.0
6892,0.007755730317400927,0.03309242999470434,0.0
6893,-0.03240661743899506,-0.13919178177359712,0.0
6894,-0.027779281165859454,-0.11318868475037844,0.0
6895,0.001933813099436521,0.007942446658399997,0.0
6896,0.07909437268581987,0.23050572830754473,0.0
6897,-0.015949614251569322,-0.06051627832269516,0.0
6898,0.04369279939465798,0.1548276265208718,0.0
6899,0.048663550102481856,0.17101457650894059,0.0
6900,0.015545541184202316,0.05561102246327077,0.0
6901,0.028116355254082737,0.10084684037445944,0.0
6902,-0.04649208651010761,-0.20371028837363273,0.0
6903,-0.0216560720117549,-0.08598152791881683,0.0
6904,-0.03782761072734661,-0.16755723044040724,0.0
6905,0.02644347328419644,0.10009455626097538,0.0
6906,-0.03407462603025341,-0.14505934740196877,0.0
6907,-0.014792364924291035,-0.06221548305395403,0.0
6908,0.017219581087972946,0.06426078305455826,0.0
6909,-0.00625490795017275,-0.02458648676658279,0.0
6910,0.05263941797313432,0.1816798918381612,0.0
6911,-0.02883340567933987,-0.12391277317822387,0.0
6912,0.022710449239308428,0.0831391281780372,0.0
6913,0.06161106492442736,0.1959025075237715,0.0
6914,-0.05651824195177521,-0.25799181473046656,0.0
6915,0.012407737919433837,0.047310690538867446,0.0
6916,0.007239489150090372,0.027705449826989456,0.0
6917,0.010953476218947045,0.041674453965186826,0.0
6918,-0.04726617022764035,-0.20025329125430236,0.0
6919,-0.01511112813291704,-0.05667094207261195,0.0
6920,0.06929367654313176,0.22269985804675177,0.0
6921,0.09995369294636353,0.30778604953850497,0.0
6922,0.012702189133858621,0.04855865446029382,0.0
6923,-0.023241271836777433,-0.09283136311329628,0.0
6924,-0.015591724977182864,-0.062366899908731455,0.0
6925,-0.05264889789178104,-0.22581390768590467,0.0
6926,-0.029684152325661767,-0.12782738095238097,0.0
6927,0.03347606531429423,0.12491566029433328,0.0
6928,-0.015999083414813764,-0.06690701028050432,0.0
6929,-0.055795839296788746,-0.2477041602465332,0.0
6930,-0.011173058546412928,-0.044202526890653224,0.0
6931,-0.040946624349906424,-0.1767862611713826,0.0
6932,0.02607119707140365,0.09837451691269572,0.0
6933,-0.021883746327063636,-0.08971547863976267,0.0
6934,0.030792208566248175,0.10990870449395576,0.0
6935,0.001744552879113237,0.0065391197647122565,0.0
6936,-0.02184118751676653,-0.09354205562736373,0.0
6937,0.014498984042299101,0.05502565818830875,0.0
6938,0.05873161415837258,0.19042028871850247,0.0
6939,-0.031009773464250878,-0.12892733400900364,0.0
6940,-0.045833263963269005,-0.19377607802192212,0.0
6941,-0.029421904549402716,-0.1320388431966117,0.0
6942,0.045144946295160915,0.14845041816009566,0.0
6943,0.013577305381626104,0.04810579751593387,0.0
6944,0.04280766137926201,0.14517963655659943,0.0
6945,-0.0013265744652971034,-0.005111713015289187,0.0
6946,-0.04348734652067501,-0.19735697208280398,0.0
6947,-0.024141833931374757,-0.10548597501224893,0.0
6948,-0.020860912303716672,-0.08371266449662622,0.0
6949,0.010276766974026186,0.038381541867402044,0.0
6950,0.00905367880764657,0.03258930304210539,0.0
6951,-0.003969088745752358,-0.015119458989633402,0.0
6952,0.057892291229645704,0.1882090202629094,0.0
6953,0.05057941003922942,0.17358809495509203,0.0
6954,-0.0321880677299852,-0.14594509424559554,0.0
6955,0.014164177648953141,0.0561906741984322,0.0
6956,0.04752691108470361,0.16001547576601247,0.0
6957,-0.00889775815407301,-0.03574276052634932,0.0
6958,-0.02322956233394713,-0.09799137214435168,0.0
6959,-0.0017607289531805792,-0.006999002145243941,0.0
6960,-0.047711916997287634,-0.21328583050467081,0.0
6961,0.012168610816542969,0.04588164734106365,0.0
6962,-0.010462118753888527,-0.040406656827375854,0.0
6963,0.006193070794044631,0.022633474027634146,0.0
6964,0.009173648251389888,0.03638124106293257,0.0
6965,-0.03813902872040059,-0.15642335905255209,0.0
6966,-0.04286157639250823,-0.20130693289057536,0.0
6967,0.0038161319834861263,0.014990685129573973,0.0
6968,-0.034123997198844375,-0.15104697628016775,0.0
6969,-0.030150622704253505,-0.13519150180294312,0.0
6970,0.018657143581699176,0.0699111644462304,0.0
6971,0.00027278445003472984,0.0011000544831303693,0.0
6972,-0.043503259729685495,-0.18855042358435653,0.0
6973,0.003529275529740139,0.013559428784690105,0.0
6974,0.015306056217094355,0.05471456082839181,0.0
6975,0.020408694477574818,0.07421548455878313,0.0
6976,-0.037318244426935154,-0.16466438562494104,0.0
6977,0.003467247974131088,0.0136833185475022,0.0
6978,-0.021427674732448304,-0.08764441591784343,0.0
6979,-0.021426879280664113,-0.0852548365744734,0.0
6980,0.00763239285859954,0.029945230402821047,0.0
6981,-0.022581320939894428,-0.09750382633621499,0.0
6982,-0.01183395291201983,-0.04437732342007436,0.0
6983,-0.0005216192138787212,-0.0020341987605827193,0.0
6984,-0.017725505204097658,-0.07071210468920387,0.0
6985,-0.028844705289916672,-0.12743715412076273,0.0
6986,0.01821471512387013,0.06726536529996134,0.0
6987,0.007578971444445026,0.029592356284277,0.0
6988,-0.014555333536481363,-0.05704886769304433,0.0
6989,0.00379213822236818,0.014353500556610782,0.0
6990,0.017389020147933587,0.06533582401650552,0.0
6991,-0.04191012713707307,-0.17773377877568028,0.0
6992,-0.004263411906653747,-0.016572294669412145,0.0
6993,0.0037348731494563636,0.013586997005497401,0.0
6994,0.034454109392656196,0.11869164315908622,0.0
6995,-0.017372916330934407,-0.0741316367661611,0.0
6996,0.024076433505213823,0.08728687456450485,0.0
6997,-0.05817459088327914,-0.2636948636948638,0.0
6998,0.00663011168463129,0.025376278893520218,0.0
6999,0.003295941786204709,0.013077191781672097,0.0
7000,-0.060228429455117805,-0.278443813997946,0.0
7001,-0.05789427638154773,-0.2535942555216673,0.0
7002,-0.03646583458638669,-0.15850989897133405,0.0
7003,0.03782068221579871,0.12462779477671244,0.0
7004,0.013068312891412776,0.05208059830435263,0.0
7005,0.036982569096650875,0.1259343609448258,0.0
7006,-0.005205709866249408,-0.020695129293045254,0.0
7007,0.03498529408839174,0.11928113642894056,0.0
7008,0.04254240659977143,0.1413449753967916,0.0
7009,0.029409025891117158,0.10251961073034915,0.0
7010,0.00790568562689184,0.031207162456275975,0.0
7011,-0.022423526630005103,-0.0917635675057335,0.0
7012,0.01865539279046391,0.06757716378543457,0.0
7013,0.0032773778001545795,0.01186722220725519,0.0
7014,0.010341058244539209,0.04017337080663528,0.0
7015,0.017541023157333746,0.06235982385170768,0.0
7016,-1.1389109977777423e-05,-4.0461637184894384e-05,0.0
7017,0.0223387343621948,0.08154262029194459,0.0
7018,0.021612320075180158,0.07954867256053007,0.0
7019,-0.011147227479369803,-0.04209172500870584,0.0
7020,-0.028214691673770942,-0.12143031859597621,0.0
7021,0.052329223691862936,0.17321841576839692,0.0
7022,-0.03586062475492621,-0.15158290368330815,0.0
7023,-0.05766024671439618,-0.24786874349786162,0.0
7024,-0.018389843749169632,-0.08288790868185837,0.0
7025,0.02618575490139055,0.09724489595538428,0.0
7026,-0.04605398973409949,-0.19421041293541338,0.0
7027,-0.045264823350503414,-0.1915006088009891,0.0
7028,0.018966409016431984,0.06882037955744547,0.0
7029,-0.06785517634927465,-0.31900043064599237,0.0
7030,-0.051789374486694406,-0.23849457594943607,0.0
7031,-0.013423906544056091,-0.054798304213771826,0.0
7032,0.01000538634307957,0.03952069366946331,0.0
7033,-0.030563667699705505,-0.13014329824749912,0.0
7034,0.016813196545817616,0.06649936463994373,0.0
7035,-0.031777251101999165,-0.1292979361941201,0.0
7036,0.06519118030997084,0.20433715220949272,0.0
7037,-0.03392188192926274,-0.13596622862492047,0.0
7038,-0.03134657372841612,-0.13711649190938024,0.0
7039,0.03346059736791718,0.11471705325406088,0.0
7040,-0.021824786512574912,-0.09166410335281464,0.0
7041,-0.003030569137894623,-0.012125833557608885,0.0
7042,-0.012281747608828109,-0.04897775899413591,0.0
7043,0.02024631226563517,0.07440686439664823,0.0
7044,-0.003422362258437339,-0.013320524661853588,0.0
7045,0.007808923273297297,0.029808545046690026,0.0
7046,0.012507532049866155,0.04802256820531751,0.0
7047,-0.023910190501168382,-0.09318497494416979,0.0
7048,-0.04200102045156423,-0.1807093904928551,0.0
7049,0.06509401972786324,0.2151445848407323,0.0
7050,-0.0021136250341710905,-0.008508236366366677,0.0
7051,-0.00038551483754212246,-0.0014118855089205005,0.0
7052,-0.04235185505741157,-0.1772090777402221,0.0
7053,-0.029403064643478527,-0.11485045868758509,0.0
7054,0.02315504081303338,0.07853418009087154,0.0
7055,-0.021559346519551326,-0.09596643697754889,0.0
7056,0.006649969115946258,0.0266569927629404,0.0
7057,-0.03566555461034346,-0.15448937655086836,0.0
7058,-0.03707405648153797,-0.1652598194090837,0.0
7059,-0.010224535214678032,-0.03892972098789953,0.0
7060,-0.07218304970306558,-0.3351554438716151,0.0
7061,-0.02673364502907516,-0.11401981609946656,0.0
7062,-0.012879879994293908,-0.05267620822909038,0.0
7063,-0.003524162598763425,-0.013428955911655698,0.0
7064,-0.015678381373498362,-0.06232063049537356,0.0
7065,0.015108749411167272,0.05705653722015155,0.0
7066,0.008980985434788036,0.03686406952481345,0.0
7067,0.022836291330807612,0.081072529417139,0.0
7068,-0.03461443640269779,-0.15212714087809856,0.0
7069,0.010868203141123273,0.042279801121981375,0.0
7070,0.030999154645591276,0.10579438386925007,0.0
7071,-0.03799365574729752,-0.15972551896767503,0.0
7072,0.01125716617618766,0.041141386188572555,0.0
7073,0.014057160141834502,0.05003874006137709,0.0
7074,-0.025473698323932897,-0.11195690413368509,0.0
7075,-0.015482935218595728,-0.06519539597692253,0.0
7076,-0.029087580620613396,-0.11829860931603167,0.0
7077,-0.012433845281546119,-0.04866501472812686,0.0
7078,-0.03894366197183097,-0.16900977995110017,0.0
7079,0.011993078292837023,0.04314426452241156,0.0
7080,-0.03750771018638535,-0.16404261558009958,0.0
7081,-0.011678761490082262,-0.04734633036519836,0.0
7082,0.0044323626821665685,0.016147530040754976,0.0
7083,-0.05056380127808699,-0.22666974702552847,0.0
7084,0.009338055875818818,0.034198849514709,0.0
7085,0.021383366084845645,0.0754977833781418,0.0
7086,0.03900973963643811,0.13034367739084576,0.0
7087,0.013624391297853727,0.05272753104187253,0.0
7088,-0.0058988918904018806,-0.022107438016528865,0.0
7089,-0.023519506619275987,-0.10350389788790214,0.0
7090,0.006512203918203285,0.025022603443996747,0.0
7091,0.03574082653703142,0.11912380638579648,0.0
7092,-0.014945816111499255,-0.05826452100741511,0.0
7093,-0.004955817287381203,-0.01865268979025376,0.0
7094,0.018080977554884525,0.0636474019478253,0.0
7095,-0.0010318599427510677,-0.0041040443785075285,0.0
7096,-0.05156087924893055,-0.2398762199020327,0.0
7097,-0.031466912821954546,-0.13443192189576395,0.0
7098,-0.041173294793235754,-0.17186002604699924,0.0
7099,-0.014686986914492162,-0.056198008554437885,0.0
7100,0.04580203257794277,0.15935290501075922,0.0
7101,-0.00362329023899316,-0.014228349720408174,0.0
7102,-0.0032757170804431635,-0.012183434095784628,0.0
7103,0.032973329554682906,0.1099677537210301,0.0
7104,0.02101941260069201,0.07307912055356874,0.0
7105,-0.026039780515383137,-0.10292629180618532,0.0
7106,0.0743285580336435,0.23278885006206063,0.0
7107,-0.013027475671709088,-0.05312863893604583,0.0
7108,0.04327779995408773,0.15638915197459585,0.0
7109,-0.014381961759108441,-0.05628888874752338,0.0
7110,-0.032335869587772514,-0.1356615305399631,0.0
7111,-0.0078017397251659015,-0.027912508719033464,0.0
7112,-0.0078101744599148315,-0.031156917660709105,0.0
7113,-0.042632479719383026,-0.19386029163735194,0.0
7114,-0.024855140324165997,-0.10568014823333971,0.0
7115,0.014291711863168577,0.051525796904698176,0.0
7116,0.01340131423158894,0.0514108896837564,0.0
7117,-0.029390425129183467,-0.1196415333855044,0.0
7118,-0.0197532812541098,-0.07842522974101927,0.0
7119,0.005968594021047879,0.022091809413475876,0.0
7120,0.0468850914386055,0.15866151090189165,0.0
7121,-0.04921786718040477,-0.22511544740423048,0.0
7122,-0.01936047176064548,-0.07758083779684492,0.0
7123,0.0010243771615077168,0.0039559752216775925,0.0
7124,-0.04580758663253809,-0.20319621871422983,0.0
7125,-0.021365065780983628,-0.0889140143592063,0.0
7126,0.012174270007853205,0.047564589798124154,0.0
7127,-0.032116024252765996,-0.13147735819392445,0.0
7128,0.042472714847361426,0.14371991268889311,0.0
7129,-0.00040484749428720823,-0.001478495915260333,0.0
7130,-0.04299942893924749,-0.20269501387961064,0.0
7131,0.03492871713262957,0.12180366070451101,0.0
7132,0.0036349407699550196,0.013663370930921624,0.0
7133,-0.007773085587097606,-0.030963557498426674,0.0
7134,-0.04986738629060533,-0.22872061604697774,0.0
7135,-0.04822435651435583,-0.21618026824715691,0.0
7136,-0.009100214072924828,-0.03489139357554591,0.0
7137,-0.005984049459646118,-0.02508472566885885,0.0
7138,-0.0027737968231061894,-0.01038444116768326,0.0
7139,-0.009431902807014725,-0.03662376165273041,0.0
7140,0.012713612878557795,0.04883384250685019,0.0
7141,-0.0002781631086014591,-0.0011880925576897797,0.0
7142,-0.02017277969657877,-0.08083469728949357,0.0
7143,0.024867355814142345,0.0916862996832196,0.0
7144,0.010058181644699488,0.03936725513495171,0.0
7145,0.06547630027238241,0.2130652260904362,0.0
7146,0.05371260694689378,0.17468694691737527,0.0
7147,-0.013176740289713273,-0.05191207659381238,0.0
7148,-0.06660721302437342,-0.30620087562254605,0.0
7149,-0.025167574848904972,-0.10444543562295563,0.0
7150,0.010194292653309067,0.03726970033296345,0.0
7151,-0.011408661548447718,-0.04529790883994059,0.0
7152,0.01160282427810777,0.04264263783633824,0.0
7153,0.021890566114457555,0.07739207655272279,0.0
7154,0.018520740529649693,0.06932592259899696,0.0
7155,-0.020585717122589775,-0.08425547790517185,0.0
7156,0.03455395354937518,0.13096475008807734,0.0
7157,-0.03277919459176684,-0.13437458789091167,0.0
7158,0.009447510511340296,0.03476768409654315,0.0
7159,0.015222646003613671,0.056548611704517526,0.0
7160,0.05228356862029762,0.17359408433144136,0.0
7161,-0.020564507040666286,-0.08621081662060343,0.0
7162,0.011029512402091324,0.039537687315138,0.0
7163,-0.001945816536236683,-0.00847063294260803,0.0
7164,-0.03590779184694162,-0.1568555203953358,0.0
7165,-0.01764607378541644,-0.07358119365866642,0.0
7166,-0.0601182805414085,-0.25707294589721696,0.0
7167,-0.028634500112807437,-0.12738442767999253,0.0
7168,0.00027732553326528797,0.0011173308577877706,0.0
7169,0.017255173229339393,0.061636141727426846,0.0
7170,-0.012728742827334383,-0.05277318194106517,0.0
7171,-0.02869030285381477,-0.1213271513718535,0.0
7172,-0.03358855659971832,-0.14197836282756093,0.0
7173,-0.0288443673405801,-0.11486845111513369,0.0
7174,-0.005396728873403395,-0.022547235669081348,0.0
7175,0.01497368280450545,0.05210405338008972,0.0
7176,0.09578981316000132,0.2828425106917241,0.0
7177,-0.014679851011731804,-0.05527984254305732,0.0
7178,-0.0076454771107882236,-0.03065640761110211,0.0
7179,-0.05890257330828805,-0.25168829155964917,0.0
7180,-0.02141457342411776,-0.08755157736837632,0.0
7181,-0.04783625730994154,-0.2060453400503779,0.0
7182,-0.039898454698878594,-0.1540098364223079,0.0
7183,-0.037502131916050896,-0.15312191220063046,0.0
7184,-0.03224389502482519,-0.13598001846027616,0.0
7185,-0.04318167171924975,-0.19188676638156676,0.0
7186,0.012332432191868109,0.04920066843058079,0.0
7187,0.02915073588931777,0.10117747461902127,0.0
7188,-0.04818701302143516,-0.2216866276211853,0.0
7189,-0.015080692202994378,-0.060374891020052376,0.0
7190,0.013037301946026952,0.05352492308147998,0.0
7191,-0.006743566992014199,-0.02800294767870303,0.0
7192,-0.04454547183774746,-0.18966670236798103,0.0
7193,-0.010828242276138933,-0.04336398555815356,0.0
7194,-0.00523230796006996,-0.019376159050379555,0.0
7195,-0.010826456199050316,-0.043254816757572055,0.0
7196,-0.034398050627763466,-0.1427099612629894,0.0
7197,-0.03885874254889893,-0.1582008783583528,0.0
7198,-0.029664427922549613,-0.12681087961001578,0.0
7199,-0.017124978293494714,-0.07001889666781254,0.0
7200,0.035114031377585536,0.126729377917554,0.0
7201,-0.021117859310428977,-0.07927428032901568,0.0
7202,-0.013748338937349114,-0.05443885572108107,0.0
7203,0.01139742301351987,0.04197284352961461,0.0
7204,-0.019187632504277907,-0.07314742255590108,0.0
7205,-0.024055562873222663,-0.098270147133177,0.0
7206,0.0631589419091354,0.2003924070963177,0.0
7207,0.0026354402033977875,0.010024137878019194,0.0
7208,0.015928228108850417,0.058604527473988616,0.0
7209,-0.01514677619875876,-0.059654724843195076,0.0
7210,0.012640923537528603,0.04538050194715831,0.0
7211,-0.027468988131559985,-0.12413110061542858,0.0
7212,0.04985648620692018,0.16576888473846646,0.0
7213,0.052190109525266315,0.17864652469355402,0.0
7214,-0.027745217176225134,-0.11718072587637801,0.0
7215,0.03661604072433955,0.12444228315489099,0.0
7216,0.020543221516351018,0.08410430005412084,0.0
7217,0.0004002853416739671,0.0015008471552519459,0.0
7218,0.0007429147365230759,0.003058256369368,0.0
7219,0.06362801351818592,0.20749402558397115,0.0
7220,-0.0071063657954570925,-0.026742788461538422,0.0
7221,0.032146521433912556,0.11057730147686153,0.0
7222,0.021848743603551823,0.07678674198933165,0.0
7223,-0.02645198384733266,-0.11609290700227273,0.0
7224,-0.030070353172928083,-0.1282357459166896,0.0
7225,-0.041483563666540574,-0.1769862573778181,0.0
7226,0.029763407497132077,0.10295934297156059,0.0
7227,0.07116100040517145,0.2257082773526491,0.0
7228,0.06783850052410234,0.21877072656578678,0.0
7229,0.005822306758657414,0.021630357511213297,0.0
7230,-0.017748854685649462,-0.06895148483050191,0.0
7231,0.025957767722473574,0.0975291850844383,0.0
7232,-0.040633971793930246,-0.18177545715390764,0.0
7233,-0.011041858788861686,-0.04587814567203095,0.0
7234,-0.05043877426673521,-0.21892845022207139,0.0
7235,-0.006029809346971116,-0.023003125995371767,0.0
7236,0.039296208803206834,0.13375280133326323,0.0
7237,0.06744597183856194,0.22168831907851644,0.0
7238,-0.010502911487277444,-0.046333156404812476,0.0
7239,-0.012458122138947869,-0.04910564362353081,0.0
7240,0.004105541233750232,0.015389833014115872,0.0
7241,6.057005700133011e-05,0.00024777984054286453,0.0
7242,0.02662535277010908,0.09348025315636836,0.0
7243,0.0736883133312522,0.22897538755639585,0.0
7244,-0.05792775763104385,-0.2558357354835413,0.0
7245,-0.006955367108075122,-0.02923878852224787,0.0
7246,-0.03202941807829149,-0.13187899622792898,0.0
7247,-0.00833539328709626,-0.03208358176519424,0.0
7248,-0.0057383502428734745,-0.0235814791075298,0.0
7249,-0.009693125620899301,-0.03726820177463617,0.0
7250,0.009847974973552498,0.03673058852735487,0.0
7251,-0.041290721415188775,-0.1702562321347245,0.0
7252,-0.04066179240924758,-0.17477086970502365,0.0
7253,-0.04710995303573082,-0.19381554911509868,0.0
7254,-0.01625480580831548,-0.06666091808422646,0.0
7255,0.053558780277694756,0.17832254949299844,0.0
7256,0.024516636114880475,0.08844807741231933,0.0
7257,0.010254063490449272,0.037538003350499324,0.0
7258,0.0062806462494574555,0.022074123979674957,0.0
7259,0.032911161806656736,0.11988537817660802,0.0
7260,0.01947786828148157,0.07582050010154319,0.0
7261,-0.01903510743115938,-0.07938292964244531,0.0
7262,0.0033658260842779897,0.012647694603379068,0.0
7263,-0.018191766071403576,-0.0753971991393112,0.0
7264,0.02282873376623379,0.07897507897507905,0.0
7265,-0.0014150685563965593,-0.005670345887909344,0.0
7266,-0.015984164578542126,-0.06473586654309561,0.0
7267,0.012187514902952001,0.043767318712258564,0.0
7268,-0.016085715569938874,-0.07145531235181074,0.0
7269,-0.013322610283893865,-0.05423162432250097,0.0
7270,-0.01448170703018109,-0.05867680555015421,0.0
7271,0.016723881744120483,0.06062407132243675,0.0
7272,-0.036763646367431096,-0.15676488518593776,0.0
7273,-0.022547083159319553,-0.09174145713043799,0.0
7274,-0.0026178442028745863,-0.00995016373623535,0.0
7275,0.004203585021640255,0.016428645293634678,0.0
7276,-0.004293448179123027,-0.01759783698109685,0.0
7277,0.053186386103313,0.1853131755199219,0.0
7278,-0.026757367512684704,-0.10202189056132996,0.0
7279,-0.016137784865371263,-0.06315995111102202,0.0
7280,-0.005602816658003329,-0.022123771266507178,0.0
7281,-0.014440845370796151,-0.05600025501349437,0.0
7282,-0.010778543318751943,-0.04137490833039098,0.0
7283,0.08434024347831448,0.26573408733364506,0.0
7284,0.05556692089531717,0.1674007335887026,0.0
7285,-0.03660787855521805,-0.15122809657792177,0.0
7286,-0.008481177133492251,-0.0340554977424333,0.0
7287,0.07211232803220657,0.2282858291484679,0.0
7288,-0.03253209528249559,-0.14128590658166615,0.0
7289,-0.03665852407687323,-0.1665006512910887,0.0
7290,-0.04182603666162657,-0.17537133062178314,0.0
7291,-0.004301173637568212,-0.016761543327008244,0.0
7292,-0.03882960278309114,-0.1677438840229537,0.0
7293,0.08619746036119014,0.25875609895700097,0.0
7294,-0.03081335097133725,-0.13741728736641182,0.0
7295,-0.020806336491259236,-0.08801105927852461,0.0
7296,-0.0035286574599797116,-0.013974164585179001,0.0
7297,0.05131466331196796,0.17519062726108978,0.0
7298,0.03944774738693302,0.1272725612373181,0.0
7299,-0.030733194365663852,-0.13547448520248953,0.0
7300,0.05324043846741719,0.18082814194948077,0.0
7301,-0.0657377057409183,-0.3098812171690882,0.0
7302,-0.0072479447136121755,-0.02756070963108741,0.0
7303,-0.04947349865939307,-0.21106669305363154,0.0
7304,-0.03843676244401087,-0.1665763414960524,0.0
7305,0.00023445437257402224,0.000898741761533752,0.0
7306,0.0017247048765249573,0.006948630477263004,0.0
7307,-0.02391625865064209,-0.09673118107253674,0.0
7308,0.03676468907296379,0.13056432822128222,0.0
7309,-0.025885221397240782,-0.11080691264783772,0.0
7310,0.060321404047638416,0.19752302894030618,0.0
7311,-0.031779027281475386,-0.14113505906507762,0.0
7312,0.026263934646031217,0.0927480722402596,0.0
7313,0.0077907927858900106,0.028422126400910616,0.0
7314,0.04552175535227687,0.15054727550541513,0.0
7315,0.0003685815963395678,0.001363914277203687,0.0
7316,0.008785172961241317,0.035832019015038734,0.0
7317,-0.014876541504805024,-0.06333000165693008,0.0
7318,-0.0314372540837661,-0.13146144156568856,0.0
7319,-0.03983042231078354,-0.171592186091933,0.0
7320,-0.04778521072004313,-0.2078296476291323,0.0
7321,0.05588458357792625,0.17830640089683653,0.0
7322,0.033525604583797775,0.1212652001538257,0.0
7323,-0.00838378196774281,-0.03263006049945354,0.0
7324,-0.08390999288229034,-0.4105512604393955,0.0
7325,0.010483975226790954,0.039528381709156395,0.0
7326,-0.00945316434446869,-0.035361067503924634,0.0
7327,0.0447192891448851,0.15231632617929028,0.0
7328,-0.08386199915502685,-0.40329269716435145,0.0
7329,0.008042556329977468,0.030878513459174924,0.0
7330,-0.010395952432974614,-0.042384491782636875,0.0
7331,0.004804646637552035,0.01741422143741567,0.0
7332,0.003503844431173464,0.013199521934758079,0.0
7333,0.0015036126540055594,0.005569123895297618,0.0
7334,0.029507299897270634,0.10292877581686818,0.0
7335,0.021463451680405365,0.0739467536911407,0.0
7336,0.04842215507694442,0.16852393358835907,0.0
7337,0.0974751878362296,0.28175573775296053,0.0
7338,-0.021159020517531407,-0.08931774421182911,0.0
7339,-0.017779164609358716,-0.07151267734432562,0.0
7340,0.015802336022000263,0.058874989064823836,0.0
7341,0.008611919702662119,0.03177100106522647,0.0
7342,-0.035574510003205384,-0.15334299386668454,0.0
7343,-0.016769643109042193,-0.06731615887927209,0.0
7344,-0.05675738200948466,-0.2717926014183471,0.0
7345,0.021008441824074797,0.0769445957839152,0.0
7346,0.02555104528892646,0.09349684169970297,0.0
7347,0.023057353883937842,0.08701782184965583,0.0
7348,-0.01936937869006236,-0.08452982963096747,0.0
7349,0.04013175783696074,0.14533492170715542,0.0
7350,0.08718297987120266,0.260713853599516,0.0
7351,0.023111788232249852,0.08452827013067273,0.0
7352,-0.013054072531196725,-0.05098731888763635,0.0
7353,0.015970297433125002,0.056021725413365045,0.0
7354,0.011827754902128285,0.04722468563112534,0.0
7355,-0.008598423461126325,-0.034142864688696484,0.0
7356,0.013020661626015395,0.049087004535433895,0.0
7357,-0.026950833322819556,-0.10679228209980084,0.0
7358,-0.021892273559847325,-0.09258091032478831,0.0
7359,-0.04269589904186172,-0.18172576124852702,0.0
7360,0.030251092806477475,0.10647327861144473,0.0
7361,0.005586530191835859,0.02093844140827067,0.0
7362,-0.033077136665595,-0.1435564394831743,0.0
7363,0.009900239280548784,0.03801602591831923,0.0
7364,-0.052878513837181756,-0.242383294144635,0.0
7365,0.026086858660544443,0.09604707052291364,0.0
7366,0.022439197304873593,0.08411507977196643,0.0
7367,-0.008914016699669958,-0.03457276615809494,0.0
7368,-0.03692407038863729,-0.15708763940773857,0.0
7369,0.023321632666251646,0.08379757369326118,0.0
7370,0.05009982163757981,0.1814321355330015,0.0
7371,-0.0006130477500015941,-0.0024951991061301503,0.0
7372,-0.019336010758329997,-0.08061849726557117,0.0
7373,0.005970325838590529,0.02214411824413678,0.0
7374,-0.03896729587786499,-0.1630696620975872,0.0
7375,0.04422578667352309,0.15137934536099928,0.0
7376,0.021123544274011308,0.07769496066878614,0.0
7377,-0.022999382486352693,-0.08958367966087612,0.0
7378,-0.043707702011559935,-0.19659828019428935,0.0
7379,-0.0010908099263703397,-0.004145077720207291,0.0
7380,0.09208896266731209,0.26190984492926495,0.0
7381,-0.04730954028812104,-0.22136581168103506,0.0
7382,-0.021048016551247162,-0.08269036652008954,0.0
7383,-0.02002170971903222,-0.0766940853897377,0.0
7384,-0.03820586898610054,-0.17440662568931253,0.0
7385,0.01909251194069067,0.07007512815663726,0.0
7386,0.004379175923891365,0.01604252566178025,0.0
7387,0.0181361084600713,0.06611746295742493,0.0
7388,-0.04420642960271992,-0.18179152002681404,0.0
7389,0.02229786728953742,0.07917632537556084,0.0
7390,0.004105017426185298,0.014988714944295004,0.0
7391,-0.03042069216425139,-0.13003801494431555,0.0
7392,0.0541680506437936,0.1848018997625297,0.0
7393,0.04981303016386182,0.16743704304823154,0.0
7394,-0.01392061146192547,-0.05534781576448252,0.0
7395,0.025988779210095847,0.08983311491423628,0.0
7396,0.04469575126232889,0.14935257191042822,0.0
7397,-0.039809202543414884,-0.1781736450234837,0.0
7398,0.01147308872365771,0.0447423716426092,0.0
7399,-0.019470563478575842,-0.07710434656028271,0.0
7400,-0.0026976753984053192,-0.010538269735596878,0.0
7401,-0.00677309594785841,-0.02548559939517665,0.0
7402,0.050267322956942945,0.17278077744405285,0.0
7403,-0.0650522597281411,-0.2897559874967389,0.0
7404,0.045550307232642945,0.16009230407659122,0.0
7405,-0.0009550418866503541,-0.0036175175751677066,0.0
7406,-0.026350461133069797,-0.10695187165775388,0.0
7407,-0.007678304412174652,-0.031916534011800606,0.0
7408,-0.024305097724119956,-0.09752983079806006,0.0
7409,-0.0034900765302627867,-0.013840952088766218,0.0
7410,-0.037554621848739506,-0.15855389200312217,0.0
7411,-0.016986238865978,-0.06655326585985319,0.0
7412,0.07054359598418014,0.2161262131868264,0.0
7413,-0.03336460297016472,-0.13697260129761327,0.0
7414,-0.0523411269195618,-0.23078287163510114,0.0
7415,-0.03363271416172206,-0.13892303697272376,0.0
7416,-0.008596021736255871,-0.036862501971170254,0.0
7417,0.015645786846095133,0.05700523441386317,0.0
7418,0.02291945089392944,0.08151419489263147,0.0
7419,-0.025582405444110168,-0.1041418346768499,0.0
7420,-0.009408820063907503,-0.038602977982153334,0.0
7421,-0.045226963713812074,-0.1864717078821606,0.0
7422,-0.028462318770200334,-0.11682908462714,0.0
7423,-0.014238501741073939,-0.05746927240727793,0.0
7424,0.05464213671380003,0.17457098222850398,0.0
7425,-0.020090519759306535,-0.08158477176720781,0.0
7426,0.03482177830003916,0.12549407114624503,0.0
7427,-0.018812210041704275,-0.07633843625670304,0.0
7428,-0.03168906475243183,-0.13458995327771978,0.0
7429,0.010267116888494465,0.03906977040766608,0.0
7430,0.01467078415656936,0.05242850764416637,0.0
7431,-0.0016520153821985573,-0.0060680823909235035,0.0
7432,-0.0033271061790479117,-0.013148317493960468,0.0
7433,-0.019667267716803327,-0.07545948203842942,0.0
7434,-0.026059821398931066,-0.1172691962951898,0.0
7435,-0.015402856505001339,-0.06727870568018982,0.0
7436,0.07026923992245065,0.22107410427724605,0.0
7437,-0.025544485803768113,-0.10587149584040466,0.0
7438,0.0021758627412751252,0.008549802343279251,0.0
7439,0.056438931065561526,0.1793221276950848,0.0
7440,-0.05149991847704741,-0.24534476851548367,0.0
7441,-0.009951348960636874,-0.036251342642320036,0.0
7442,-0.039177794817242734,-0.17519506195197776,0.0
7443,0.0006550576409147801,0.002362911947369419,0.0
7444,-0.02744855998827314,-0.12917412983492277,0.0
7445,-0.019636070845518522,-0.08089491338655574,0.0
7446,-0.039039359432108706,-0.16299644959975315,0.0
7447,-0.056108749392331514,-0.2630994386041494,0.0
7448,-0.04215569335802355,-0.19730429954968845,0.0
7449,-0.01659256185364799,-0.06530398357506781,0.0
7450,-0.028257059940926033,-0.11480478089878014,0.0
7451,-0.05183532794857698,-0.23711477312570273,0.0
7452,0.010843863286476574,0.041315863551449644,0.0
7453,0.05408099778275835,0.18370461036311705,0.0
7454,-0.014905541617209916,-0.05897180675205103,0.0
7455,-0.019024226247999487,-0.0749289477725222,0.0
7456,0.06811889694048975,0.2244573489350564,0.0
7457,-0.01621980718482252,-0.06670322156660387,0.0
7458,-0.004558140417937645,-0.018833635133456643,0.0
7459,-0.010429790181241572,-0.04399047923752703,0.0
7460,-0.004892633155195669,-0.019246189523977573,0.0
7461,-0.016669324066256208,-0.0629936733128834,0.0
7462,-0.04491740640063083,-0.19891173704013368,0.0
7463,0.008743184094989032,0.03358540465712111,0.0
7464,0.006165557907665209,0.02314348403306647,0.0
7465,0.04625326532218471,0.16151301690545447,0.0
7466,-0.04662404033214787,-0.2147494809576954,0.0
7467,-0.01338013934850446,-0.055273484303857964,0.0
7468,0.014188449743188253,0.057145087155119116,0.0
7469,0.009289075528271018,0.03466707272315524,0.0
7470,0.052711363877453954,0.16378173776208907,0.0
7471,0.034918048053641265,0.12268503370198283,0.0
7472,-0.0011178676292775136,-0.004389643134565538,0.0
7473,0.045920367251614636,0.14942487503675403,0.0
7474,-0.020367049094743184,-0.08116103670585016,0.0
7475,-0.04132762915948593,-0.17238507384627935,0.0
7476,-0.026839324826170713,-0.12069170337969269,0.0
7477,0.019932197364252946,0.0709669276989756,0.0
7478,-0.004082564816425993,-0.015987666413975917,0.0
7479,0.013064345538846056,0.0497063561034202,0.0
7480,-0.00532423993168063,-0.020711604693297983,0.0
7481,0.024409019511118624,0.0886077142385901,0.0
7482,0.033226264781817894,0.11921291704685211,0.0
7483,-0.019806579669749552,-0.08271604938271598,0.0
7484,-0.02199441787323475,-0.09289217512029183,0.0
7485,0.011985332414733041,0.045400660114795204,0.0
7486,-0.030625470619344952,-0.1261886197033081,0.0
7487,-0.021277404383809262,-0.0883256701930075,0.0
7488,-0.024417753162692457,-0.10454129399130814,0.0
7489,0.0639637984594005,0.20813417097123826,0.0
7490,-0.04484036504663641,-0.20249528247187928,0.0
7491,0.002940037274496099,0.011588850850124338,0.0
7492,0.03584079478679347,0.12228035868435422,0.0
7493,0.03837400451817538,0.13919142263847098,0.0
7494,0.008450149983258493,0.03195335784367048,0.0
7495,-0.03490629051765673,-0.14589369640713107,0.0
7496,-0.020132104031925113,-0.08024352786309773,0.0
7497,-0.05438720030246333,-0.262129710195645,0.0
7498,0.009109452909794646,0.03260225251926505,0.0
7499,0.037359580330170256,0.1339665820752518,0.0
7500,-0.017973668885425398,-0.07131152058365767,0.0
7501,0.0054400251892773865,0.02058132357241097,0.0
7502,-0.0230563702299158,-0.09380887020051284,0.0
7503,-0.04056995690832865,-0.1717056619329742,0.0
7504,0.05186807555537146,0.18218311078854255,0.0
7505,0.030698918070931752,0.11167337803906663,0.0
7506,-0.024595149317199444,-0.10399372337063716,0.0
7507,0.016661980066326576,0.060509296030343884,0.0
7508,-0.01439431325527396,-0.05866489888690166,0.0
7509,0.005392187996189263,0.021201678154030554,0.0
7510,0.02765133171912834,0.10295708618824383,0.0
7511,0.016785943145775806,0.06546126546126554,0.0
7512,-0.060218282385999355,-0.2517629027658967,0.0
7513,-0.0371248016688448,-0.15279315963948656,0.0
7514,-0.00812161116956342,-0.03531318726714069,0.0
7515,0.03341930954167746,0.12111792961325006,0.0
7516,0.014640666724479778,0.05830028935805388,0.0
7517,-0.027569183027567445,-0.11876495385667096,0.0
7518,0.01187497324371764,0.04629297396528711,0.0
7519,-0.015014261742682444,-0.06073205023255147,0.0
7520,-0.007404360200283899,-0.0307620761944162,0.0
7521,0.06365083510552302,0.2136226657651115,0.0
7522,0.01802139295434485,0.0671634292483513,0.0
7523,0.0010738283011992311,0.004364550309375464,0.0
7524,-0.013493355152325026,-0.05983237745175703,0.0
7525,0.022904554152874956,0.08981642808457521,0.0
7526,0.06921512539611827,0.22884250834091602,0.0
7527,-0.011206217387034034,-0.04412690445136585,0.0
7528,0.01863553769065579,0.07413800657174147,0.0
7529,-0.01651448069906461,-0.0671259251408686,0.0
7530,-0.05059237264544866,-0.21647007444168745,0.0
7531,0.037220972169565436,0.1299321099684075,0.0
7532,0.041828865069327203,0.1447787342336671,0.0
7533,-0.04468392279241995,-0.18605829574212182,0.0
7534,0.019404776836107585,0.07152291639149388,0.0
7535,-0.02075719022283906,-0.08219847328244267,0.0
7536,0.0325985786713095,0.11272245361605443,0.0
7537,-0.04617140828938074,-0.21615476373958056,0.0
7538,-0.034494633133844016,-0.14246495107793739,0.0
7539,-0.010261007236302466,-0.03863167293932418,0.0
7540,0.0007313019779685015,0.002739843174402823,0.0
7541,-0.017669705008223346,-0.06905265189521177,0.0
7542,0.018281672184018605,0.06680461267243802,0.0
7543,-0.02849640332752082,-0.11993142774483317,0.0
7544,0.029107296316534137,0.10362840743853369,0.0
7545,0.004709840045880043,0.017521885108398572,0.0
7546,-0.00014552195653200206,-0.0005570257113919412,0.0
7547,-0.0012009918008323295,-0.004326139449415279,0.0
7548,0.04060390273760622,0.13872653770535268,0.0
7549,-0.015057087012756265,-0.06708125303760003,0.0
7550,0.024560687545709114,0.08652237966791694,0.0
7551,-0.016570920442976866,-0.06654044216017767,0.0
7552,-0.014330487451058527,-0.056042141289215947,0.0
7553,-0.018075448083058304,-0.078436489863453,0.0
7554,-0.0006976889259530661,-0.002709007929425652,0.0
7555,0.03907528591911713,0.13008864658015526,0.0
7556,-0.009797159207030448,-0.03698702801755315,0.0
7557,0.024035059422012117,0.08495744267582232,0.0
7558,-0.04025102084419868,-0.17898320937495624,0.0
7559,0.009508316460552058,0.036437692189581344,0.0
7560,0.0522697874961503,0.17884088514225502,0.0
7561,-0.010618811138771861,-0.04267896275439242,0.0
7562,-0.054363205593386005,-0.24055718475073307,0.0
7563,-0.05293553996428732,-0.246361864237463,0.0
7564,0.011585390740731033,0.044710736563609514,0.0
7565,0.008105270583432411,0.02977706830763808,0.0
7566,-0.03985880371773698,-0.16657193124915418,0.0
7567,-0.051033872409531694,-0.22277108433734932,0.0
7568,-0.009495939519074403,-0.03987343815581304,0.0
7569,-0.00025051289124350395,-0.0009712102566443858,0.0
7570,-0.03262296753769062,-0.14710382862061283,0.0
7571,0.045296706510279255,0.15374747498200556,0.0
7572,0.020245819572272755,0.07596194817999959,0.0
7573,0.028667115381717567,0.10237816554328288,0.0
7574,0.036869636923041266,0.13179789512947573,0.0
7575,0.030395965352818965,0.10386922353898782,0.0
7576,-0.0318753352688004,-0.13945959106939398,0.0
7577,-0.001730985239686289,-0.006436743126383122,0.0
7578,-0.02402183257789703,-0.10058356337263429,0.0
7579,-0.008560152022938583,-0.0338431724621179,0.0
7580,-0.035173304413344375,-0.14860935064178227,0.0
7581,0.014456034046555766,0.05358921872324528,0.0
7582,-0.005641147406217795,-0.020900608713986826,0.0
7583,-0.012880946918082337,-0.05190310390059189,0.0
7584,-0.03261127246026033,-0.14369999413134066,0.0
7585,-0.046686907354850066,-0.20078837012141582,0.0
7586,-0.033180568571591074,-0.14794629986627078,0.0
7587,-0.04338854225151162,-0.19169433280451595,0.0
7588,0.03570725789150522,0.12842083978523808,0.0
7589,-0.02461213218224856,-0.10763496787472522,0.0
7590,-0.029508395571176682,-0.12278613637910298,0.0
7591,-0.01967346360717115,-0.08145004015142839,0.0
7592,-0.03769265046714085,-0.17106287403162754,0.0
7593,-0.04812092029200085,-0.212842532060773,0.0
7594,0.02817882182810444,0.10667011441172337,0.0
7595,0.006200119340642962,0.022747641428757175,0.0
7596,-0.018014036147157075,-0.07076047145507408,0.0
7597,0.02686009878340906,0.0975956105686012,0.0
7598,0.011476784482064906,0.04356142100756045,0.0
7599,0.0708981799049182,0.22901122877637528,0.0
7600,-0.0413370797678346,-0.17224628575652307,0.0
7601,0.0460904352042672,0.15318291700241746,0.0
7602,0.026559251018494157,0.09192296563032504,0.0
7603,-0.032488090896028804,-0.13228140047702616,0.0
7604,-0.05151520071437271,-0.2320799016954608,0.0
7605,-0.02933236028563721,-0.1271921276644941,0.0
7606,0.0305768035622401,0.1093321890531414,0.0
7607,-0.02710495361754245,-0.11049498759754349,0.0
7608,0.008526296058102678,0.03277566010131673,0.0
7609,-0.010922389636175311,-0.043174351486391094,0.0
7610,0.009948756879863352,0.036723599220972104,0.0
7611,-0.014007060541402439,-0.05528421816456528,0.0
7612,-0.08013147301459853,-0.36159077411450385,0.0
7613,-0.009071102145900928,-0.041321193063537924,0.0
7614,0.006378172044241126,0.02324110390880162,0.0
7615,-0.034221531187799775,-0.15141794140237488,0.0
7616,0.019860021548326168,0.07691707646280636,0.0
7617,-0.007552690188972755,-0.029557413853730743,0.0
7618,-0.03247746947916175,-0.14171225728922895,0.0
7619,0.002743824704534603,0.01062032848923009,0.0
7620,0.022884311770866694,0.0835796901664655,0.0
7621,0.014124687198804498,0.04909938985968308,0.0
7622,0.003033779876460918,0.01136811420976326,0.0
7623,-0.02378380159208432,-0.09805208769566838,0.0
7624,-0.047356372213041176,-0.20210402860113294,0.0
7625,0.02710005250984937,0.09678162399097587,0.0
7626,0.08757230319199757,0.2761963485985034,0.0
7627,-0.04956886048183606,-0.22033488245591004,0.0
7628,0.015046508980809059,0.05415410209039805,0.0
7629,0.025406483534204882,0.087727247694633,0.0
7630,0.011167618532101964,0.043798604943352824,0.0
7631,0.0025771264914287717,0.009010377563351707,0.0
7632,0.03690448064634955,0.12634824341717954,0.0
7633,-0.009499460674705473,-0.0375161483485715,0.0
7634,0.007913253600251302,0.029611167126521763,0.0
7635,-0.0031003019424500344,-0.012157484611318516,0.0
7636,-0.019716941368844554,-0.07784639238645158,0.0
7637,-0.04866771601171446,-0.21489151508656373,0.0
7638,-0.03579524591953476,-0.15413871202085375,0.0
7639,-0.055418237314207835,-0.24439791197938698,0.0
7640,0.011207569243952498,0.041809437247541936,0.0
7641,-0.056616723876362685,-0.25595925737260544,0.0
7642,-0.0421323149348706,-0.1774290039198641,0.0
7643,0.018387768146089722,0.06722473434760133,0.0
7644,0.052241135937296845,0.17367932756504756,0.0
7645,-0.01637985723855534,-0.06425508513511628,0.0
7646,0.02327988759558247,0.0824411671591388,0.0
7647,0.03038797717000985,0.10312719831169659,0.0
7648,-0.015501712686836477,-0.06897437586456763,0.0
7649,-0.02856828601861716,-0.12618578843744413,0.0
7650,0.031348452818514616,0.10521283054839738,0.0
7651,0.03313912124352175,0.11396275100069479,0.0
7652,0.002361703686659,0.00887467635351839,0.0
7653,0.0057199825411746175,0.020996444200864176,0.0
7654,0.01753355055012515,0.06603017298714568,0.0
7655,0.010151069039976701,0.03886175393991081,0.0
7656,-0.0443778463660526,-0.19611050833609744,0.0
7657,-0.009073123470026423,-0.036539747244810204,0.0
7658,0.03383372453263861,0.11254534274587559,0.0
7659,0.04123767447339266,0.14504903760423765,0.0
7660,0.05769556854919272,0.18635140401188902,0.0
7661,0.021578957659893483,0.07896047486836871,0.0
7662,0.0792192923074708,0.24696422097018322,0.0
7663,-0.006665005408168001,-0.025457256288899156,0.0
7664,-0.020404889524220482,-0.08102570217359263,0.0
7665,0.024633788272398538,0.08719831289541503,0.0
7666,0.05312787736469515,0.17830366189028812,0.0
7667,-0.0019639616282084993,-0.007420650470219614,0.0
7668,-0.05034494889933677,-0.22266026651614407,0.0
7669,-0.0128082617883028,-0.04638854296388546,0.0
7670,-0.00614869562553777,-0.024015506977838212,0.0
7671,0.06939165308267695,0.22930038510911413,0.0
7672,-0.038916272893798814,-0.15713363017496126,0.0
7673,-0.0007422196124486358,-0.002824606253463778,0.0
7674,-0.008780866092560735,-0.03310932220437873,0.0
7675,-0.033804414653869075,-0.1551106050404743,0.0
7676,0.0036280111565266115,0.014070518584095172,0.0
7677,0.024448533061237676,0.08617843309572631,0.0
7678,0.14494639579768365,0.37054150715370526,0.0
7679,-0.030021094738334364,-0.1282518826689137,0.0
7680,0.031734561422625956,0.1135392086453951,0.0
7681,0.025902954617972263,0.08784015363741678,0.0
7682,0.029933998148681112,0.1070509575048125,0.0
7683,0.019664754390485373,0.07178819976285625,0.0
7684,0.042754711339066886,0.14353367378115311,0.0
7685,-0.04010498464282658,-0.16971316301766143,0.0
7686,0.03542955733056091,0.11923045917419861,0.0
7687,0.05418305446176924,0.16923580869596683,0.0
7688,0.0014200545132800335,0.005285301386622789,0.0
7689,0.010653899240855746,0.03728864734299511,0.0
7690,-0.037487670036706916,-0.16425261676239425,0.0
7691,-0.0019632193664433917,-0.007636495078656959,0.0
7692,-0.011210997830129438,-0.0452506780616349,0.0
7693,0.026587236316544388,0.0980200562974496,0.0
7694,-0.04736799893923707,-0.22158480694579505,0.0
7695,-0.04875709604534509,-0.22067292870589605,0.0
7696,0.0301201679223419,0.09918141008714011,0.0
7697,-0.01589806078909567,-0.06021662750938291,0.0
7698,0.004947255886377566,0.018314307223924152,0.0
7699,0.06702455910920149,0.21268316792859404,0.0
7700,-0.013477048042390055,-0.05456133515979425,0.0
7701,-0.02997397405430252,-0.12184836256091616,0.0
7702,0.009035667389338364,0.03253423833943685,0.0
7703,-0.0551980294588105,-0.24104311463032152,0.0
7704,-0.02145455987768663,-0.08359967162680243,0.0
7705,0.010473848356717774,0.03976096775952215,0.0
7706,0.04618507123004012,0.1532755551180216,0.0
7707,-0.029602382219043377,-0.11734370559070272,0.0
7708,0.0029561060894915947,0.011065690461663537,0.0
7709,-0.017105575695781028,-0.06746974110338275,0.0
7710,0.0063133905987828864,0.025612543813603752,0.0
7711,0.10975382826129096,0.3130016583747927,0.0
7712,-0.0456550362080316,-0.18622448979591838,0.0
7713,-0.046050568241810697,-0.19502521757706928,0.0
7714,0.004697347401912383,0.01861065581827831,0.0
7715,0.0073103629169546935,0.029761060796719967,0.0
7716,-0.01258408139930911,-0.05071384803921571,0.0
7717,0.026303002812025855,0.09498634948073156,0.0
7718,-0.022757348163933572,-0.09801854078098729,0.0
7719,0.009342962395241239,0.03618391278157002,0.0
7720,-0.01090684902160316,-0.0420042798847761,0.0
7721,-0.03304749117927511,-0.13703005346124394,0.0
7722,0.012994465839035352,0.04692834541438494,0.0
7723,-0.020510578674513086,-0.08466396761133597,0.0
7724,-0.01691518926671781,-0.06588436612870952,0.0
7725,0.031218693362519673,0.111222978424593,0.0
7726,-0.046079707606124454,-0.1917136577529058,0.0
7727,0.021305720564087693,0.07505529326698138,0.0
7728,-0.006443273609993527,-0.02607879720249205,0.0
7729,0.03730559778738904,0.13032839227016732,0.0
7730,-0.035588835424220505,-0.15751104347449685,0.0
7731,-0.01947639692922004,-0.08036676059736483,0.0
7732,-0.03150000135939568,-0.1350991490371144,0.0
7733,0.06857279209273687,0.21644334864853113,0.0
7734,0.0017751684268538237,0.0062866667792567206,0.0
7735,0.00022691118032669433,0.0008992805755396815,0.0
7736,-0.025030843587079243,-0.10580502863037783,0.0
7737,-0.002662816365630538,-0.010345087971003659,0.0
7738,0.03253530625142531,0.1090165629712891,0.0
7739,0.007785280719910526,0.029959664650346503,0.0
7740,-0.04494319062561536,-0.20280837407807406,0.0
7741,0.022805742777680355,0.08694350868925645,0.0
7742,0.054401022245234326,0.1827010297765759,0.0
7743,-0.04681038527458678,-0.2074445307628765,0.0
7744,-0.012957935670303261,-0.05335331846068047,0.0
7745,-0.01318411507659456,-0.05333426944588069,0.0
7746,-0.04893721458698175,-0.215803026181252,0.0
7747,-0.009496449302114907,-0.03684622329220584,0.0
7748,0.002788831499585337,0.011175437763963358,0.0
7749,-0.03268773380645046,-0.14587206894424712,0.0
7750,-0.004138760300732125,-0.016270590323153096,0.0
7751,0.019878225523386805,0.0670709868436761,0.0
7752,-0.015535275038220858,-0.06969716777847723,0.0
7753,-0.03643034107392715,-0.1594983206916861,0.0
7754,-0.013111439143485892,-0.05582395900632131,0.0
7755,0.002381164436500438,0.008982984080885601,0.0
7756,-0.0028989656051556234,-0.011491457897027452,0.0
7757,-0.02207523253058638,-0.08905943929697467,0.0
7758,0.03607807703210475,0.12477641322486441,0.0
7759,-0.0041353882671630315,-0.01584201097973042,0.0
7760,0.024569127805567748,0.0833213899493167,0.0
7761,0.012319324624027128,0.04552671733919261,0.0
7762,-0.04120992087847189,-0.16986885632251622,0.0
7763,0.044378445491459834,0.1565400805520452,0.0
7764,-0.06395603339531722,-0.29697479191062426,0.0
7765,0.0077972543945573625,0.028554450393720305,0.0
7766,0.06612472575236994,0.2109755493553021,0.0
7767,-0.015662295765330653,-0.06513129135828533,0.0
7768,0.012452763482684648,0.04978161477356912,0.0
7769,0.053680613315677916,0.17396194728081726,0.0
7770,-0.03204739274970511,-0.12941042405595207,0.0
7771,0.04943731570960552,0.16055600770352715,0.0
7772,-0.05871834246960328,-0.2676080608006385,0.0
7773,-0.017673716012084617,-0.07069486404833847,0.0
7774,-0.015597960319638365,-0.06685979922177468,0.0
7775,-0.036148551685623115,-0.15277961930288447,0.0
7776,-0.02563250414611634,-0.10582831675032593,0.0
7777,-0.03541184232698963,-0.15441520693088065,0.0
7778,0.07087799130328998,0.2214595152980209,0.0
7779,-0.05090187435042828,-0.20700905463754127,0.0
7780,-0.0201662166087222,-0.08016781180016677,0.0
7781,-0.027711066530392348,-0.12363120270356742,0.0
7782,-0.009362711538943191,-0.03705937389630475,0.0
7783,-0.0021322171072463147,-0.008429160434761511,0.0
7784,-0.030600647881716347,-0.13368066535955983,0.0
7785,0.03848436457970056,0.1322595567517557,0.0
7786,-0.011201213108896546,-0.043110763771260975,0.0
7787,-0.039555975546400335,-0.17325019729882513,0.0
7788,0.06073551516569914,0.1905532391017403,0.0
7789,-0.05805107822385844,-0.2586190892300995,0.0
7790,0.028497398246212224,0.10139476072424618,0.0
7791,0.018617109832623713,0.06958014792192885,0.0
7792,0.021660577619890237,0.08163015356519099,0.0
7793,0.027284009519156383,0.08969582860537553,0.0
7794,0.06700315807287754,0.20985521134352486,0.0
7795,-0.007932260656994067,-0.03192734914440112,0.0
7796,-0.02688234477455337,-0.12031841913246864,0.0
7797,-0.015568802781917523,-0.06401143790849667,0.0
7798,-0.007866638412092952,-0.031102889098907658,0.0
7799,0.016114822481728797,0.06084204582327236,0.0
7800,-0.04537388859068153,-0.20812936413308633,0.0
7801,0.020385409780475372,0.07204464431626291,0.0
7802,-0.04065054415059388,-0.17247227117711297,0.0
7803,-0.05106912669904659,-0.23546637612244972,0.0
7804,0.0004917649433349436,0.0020162955879318135,0.0
7805,0.035803934871099063,0.11956952704616261,0.0
7806,0.025949174181082058,0.08945777160983341,0.0
7807,0.01116151735923726,0.04268790849673198,0.0
7808,-0.04293378518048249,-0.1844582014522437,0.0
7809,-0.019501809556778854,-0.0820462159416934,0.0
7810,0.016638144619549933,0.06109318727490991,0.0
7811,-0.008475955113020683,-0.0334006815640952,0.0
7812,-0.0014730271437024545,-0.005962169318862253,0.0
7813,-0.05595009816114338,-0.253114480296919,0.0
7814,0.07201439098813131,0.23056162089680557,0.0
7815,0.06986071712139333,0.22160272009964238,0.0
7816,0.01111820798712429,0.043711683235442195,0.0
7817,-0.01150692616016577,-0.04620836894027921,0.0
7818,0.024958511828585994,0.08430024549634328,0.0
7819,-0.02253779009987336,-0.09106015786496877,0.0
7820,0.0057328066711715975,0.020723446769251374,0.0
7821,0.005128957890565944,0.020067269077012898,0.0
7822,0.015753195091355643,0.055988628441571354,0.0
7823,0.015479369795456055,0.05794971992732338,0.0
7824,0.02165340036307778,0.07822621329835536,0.0
7825,-0.05619711297130653,-0.26539587697809885,0.0
7826,-0.06366604072199933,-0.30103060357932926,0.0
7827,-0.049177813323309866,-0.23177135422033385,0.0
7828,0.08190001049557058,0.2493274925814959,0.0
7829,-0.015341620320886207,-0.06165731768773225,0.0
7830,-0.014978032009685172,-0.0589021807375162,0.0
7831,0.055847727643802525,0.17750794885172316,0.0
7832,-0.005423501533826869,-0.02051415667882584,0.0
7833,-0.017366410471258642,-0.07109963466761379,0.0
7834,-0.01498448356130691,-0.06099798763865343,0.0
7835,0.0013690897319464934,0.005407117608009369,0.0
7836,0.04241357118380107,0.14629997655171886,0.0
7837,-0.029279861703375515,-0.12116049310186139,0.0
7838,0.006746804897667352,0.027362949645503183,0.0
7839,-0.045021462134892554,-0.1946070922418581,0.0
7840,-0.0605353004139339,-0.27109286707109526,0.0
7841,-0.041818955387171286,-0.1865684457902111,0.0
7842,-0.015344857752738195,-0.060807128623904264,0.0
7843,0.018640264204929147,0.06541370797324099,0.0
7844,0.002445023419325676,0.009651113084081396,0.0
7845,0.03565322376438662,0.12166895942213193,0.0
7846,-0.048342010807652214,-0.21458686476831879,0.0
7847,-0.01830026543181601,-0.07183693643704839,0.0
7848,0.026946499590160544,0.09475888266473674,0.0
7849,-0.024895673786959505,-0.09902816079619413,0.0
7850,-0.018153724093111057,-0.0725934380697337,0.0
7851,0.00026941349012199467,0.0010869212549884895,0.0
7852,0.006953545905892533,0.026011985407693644,0.0
7853,0.017705060993251087,0.06188428648740537,0.0
7854,0.04048202291144021,0.14019972152077056,0.0
7855,0.018317187141691754,0.06972617539943186,0.0
7856,0.08823059416381651,0.25737468403620534,0.0
7857,0.005791418980122698,0.022174950974407803,0.0
7858,-0.009544422086313592,-0.038534596770677436,0.0
7859,-0.0008318760104683576,-0.003150670969933871,0.0
7860,-0.034689554442272175,-0.1520662309822366,0.0
7861,-0.038557618820542844,-0.1805361404588034,0.0
7862,0.009161608483574502,0.03495571033871332,0.0
7863,-0.01081730769230771,-0.04311377245508989,0.0
7864,-0.003026677215471174,-0.011318020144267485,0.0
7865,-0.044834185498917406,-0.2000208425375642,0.0
7866,0.0067604538884779575,0.023901753196379123,0.0
7867,0.04218340765909254,0.1496453010232909,0.0
7868,-0.02889678965137618,-0.11816281873316097,0.0
7869,0.059136553970223354,0.19336333671399603,0.0
7870,0.006805384408934412,0.02650813455871154,0.0
7871,-0.022567571406448272,-0.08956586432177678,0.0
7872,0.005499736671768118,0.0201596904886451,0.0
7873,-0.025920559070530896,-0.10534459992797711,0.0
7874,-0.03148312353240912,-0.12958645571194422,0.0
7875,-0.037281793850947376,-0.16767073083095785,0.0
7876,-0.0015104328869510741,-0.005978796844181335,0.0
7877,0.015475863483378594,0.058159571686141845,0.0
7878,0.0025893092454339905,0.009860450905577115,0.0
7879,0.01229559129931096,0.046210112796498205,0.0
7880,0.04792538842330818,0.1564080297408261,0.0
7881,-0.033147374860364925,-0.14512283520955788,0.0
7882,0.024224483518960532,0.0925882294497945,0.0
7883,-0.017114003561876368,-0.06625283217976966,0.0
7884,0.06344806879314702,0.19740086964033743,0.0
7885,0.061915183469403834,0.1973856049004594,0.0
7886,-0.052810982438880466,-0.23173269759032442,0.0
7887,0.0007411481341317028,0.0029628215732433426,0.0
7888,-0.012201367386892481,-0.05048687749234901,0.0
7889,-0.05124963079090267,-0.23336885449428893,0.0
7890,0.004928515797576027,0.01908731551662392,0.0
7891,-0.025075987841945313,-0.10030395136778125,0.0
7892,-0.03433105650542717,-0.1456599268503105,0.0
7893,0.01614971168900603,0.057550077565794965,0.0
7894,-0.02827360268201104,-0.12007333797233802,0.0
7895,0.0606544873950651,0.19577402239207164,0.0
7896,-0.02186608889048522,-0.09084870789323726,0.0
7897,0.07567958431134034,0.23892044767090143,0.0
7898,-0.03562716445177766,-0.14322711782571113,0.0
7899,0.014941915942706108,0.05717500255702155,0.0
7900,-0.00923816634164562,-0.03803360883478468,0.0
7901,0.0675784164351223,0.22443409025935163,0.0
7902,-0.004648472428875006,-0.0178753904641985,0.0
7903,0.043665590706129964,0.15287692711430317,0.0
7904,0.029505936196660143,0.10671041897421951,0.0
7905,-0.0019756619551007937,-0.006933854270685655,0.0
7906,0.04481142345132558,0.15693199732286606,0.0
7907,-0.04089282382978415,-0.16798811731046037,0.0
7908,-0.027157999349974732,-0.11353883793490063,0.0
7909,-0.02131736593870842,-0.08355803413991966,0.0
7910,0.04614207341457327,0.1556078150911295,0.0
7911,0.008848115002297846,0.03507052155253501,0.0
7912,0.012761946145851855,0.05170341622530901,0.0
7913,-0.028291256501261214,-0.11386316511964707,0.0
7914,-0.029218649746916653,-0.12516988104509288,0.0
7915,-0.006936424639070765,-0.029333447930188005,0.0
7916,0.005899288252355389,0.023230146597408664,0.0
7917,0.037063724549804056,0.12445808633441896,0.0
7918,-0.023931852533759623,-0.09748280274142673,0.0
7919,-0.01569053309559637,-0.05950266252385275,0.0
7920,-0.02810948058247792,-0.12192487202649797,0.0
7921,0.011819490902913982,0.04532366500256709,0.0
7922,0.03401842102324726,0.11623257361136734,0.0
7923,0.08321493034664693,0.26578344419807837,0.0
7924,0.027383891695856033,0.10081976865555806,0.0
7925,-0.015233381095045795,-0.05988052568697725,0.0
7926,0.04835421831422376,0.15793427378542518,0.0
7927,-0.0376000368375006,-0.1698689411275225,0.0
7928,0.03442712633381578,0.12253339043812064,0.0
7929,-0.005060525775862856,-0.01987353301804176,0.0
7930,0.023291349539413087,0.08182977862675588,0.0
7931,-0.024148907556880927,-0.09631018214765515,0.0
7932,0.05730736463896591,0.19216875675381156,0.0
7933,0.04467193624094867,0.15764314973251264,0.0
7934,0.07708578591545365,0.2419595590919045,0.0
7935,0.015378637275222096,0.060167121769531304,0.0
7936,0.0026723871912132102,0.01028640006857839,0.0
7937,0.013440393274804951,0.05082772725294809,0.0
7938,0.02975261453522321,0.10116517297087513,0.0
7939,0.0022074948646853554,0.008230382738289192,0.0
7940,0.03164811398968881,0.10950778226411191,0.0
7941,0.06576460841669618,0.2156867439018406,0.0
7942,0.008742551433169543,0.032983262225139635,0.0
7943,0.009989188214235,0.03670887154929488,0.0
7944,0.029115911967816765,0.10506494296783608,0.0
7945,-0.033285182769276445,-0.1403286969266673,0.0
7946,0.01778369983126693,0.06506995119779298,0.0
7947,0.03806128186222524,0.13205927189257702,0.0
7948,-0.009165597873566411,-0.03724207727863202,0.0
7949,0.015172665196671209,0.05350871691960379,0.0
7950,-0.02727437391990775,-0.11504147505196458,0.0
7951,0.0271275157153556,0.09574585283535508,0.0
7952,0.017534976498628285,0.06384430870535805,0.0
7953,-0.007503900220822063,-0.030354659395049534,0.0
7954,-0.018224855520791977,-0.07454246955597953,0.0
7955,-0.033719883134729595,-0.13746724494004875,0.0
7956,-0.029731890772295017,-0.1271802812217626,0.0
7957,-0.06895716020776566,-0.3104858664277117,0.0
7958,0.0034595355142928996,0.013513683861223846,0.0
7959,0.02446417433151815,0.088309057397772,0.0
7960,0.019600756283739307,0.07580176062233059,0.0
7961,-0.014213209691439577,-0.05654310780395938,0.0
7962,0.03152439024390247,0.11258710801393737,0.0
7963,-0.03216084191482557,-0.13671339350443157,0.0
7964,-0.005932788858071247,-0.022200765579123427,0.0
7965,0.019278777798518,0.06837484099908228,0.0
7966,-0.007615744158950666,-0.02903073646176577,0.0
7967,-0.01142890530903451,-0.045194911765282494,0.0
7968,0.012593799036950848,0.04693921673018781,0.0
7969,-0.002746850369047482,-0.010848606451666966,0.0
7970,-0.0014978270740091948,-0.0058512606106676185,0.0
7971,0.005878046165183615,0.022615980312679557,0.0
7972,0.03168095640731994,0.11121404634427656,0.0
7973,-0.025534549782743388,-0.09552891429553141,0.0
7974,0.041217600964436385,0.14084449021627182,0.0
7975,0.006322949504130315,0.022922413888611864,0.0
7976,0.013380640173305286,0.05147610984318622,0.0
7977,-0.014435634805237851,-0.057135433084282525,0.0
7978,0.034423536508967734,0.12112666857166186,0.0
7979,-0.03511824767309385,-0.15089461531356782,0.0
7980,-0.014654898185884335,-0.06089519805190447,0.0
7981,-0.02901476963595878,-0.1264057159393991,0.0
7982,-0.00893660100414781,-0.03641744795373225,0.0
7983,0.034664209506959864,0.11779572899656973,0.0
7984,0.021739488793756534,0.08211597812550764,0.0
7985,0.006273055915631487,0.02466245901445985,0.0
7986,0.010627929762717203,0.03856816731083991,0.0
7987,-0.0293228342795418,-0.11791670562175932,0.0
7988,0.03934457300383651,0.13629779411524273,0.0
7989,-0.014710593421238094,-0.05750350631136043,0.0
7990,-0.017808291891280414,-0.0676636641243584,0.0
7991,0.040580513669480456,0.1412273383210994,0.0
7992,0.02003869364928651,0.07075102323418637,0.0
7993,0.05320694900908182,0.1827518075996942,0.0
7994,0.011312516148082541,0.04178886730067836,0.0
7995,0.04733778924140125,0.1603153343065637,0.0
7996,-0.04478687330819395,-0.197200225220931,0.0
7997,0.0024386780664237273,0.008644817601884321,0.0
7998,0.01820498886591021,0.06396923215329939,0.0
7999,0.06378529387832599,0.20746327907899967,0.0
8000,-0.026744395554375466,-0.10235894681254554,0.0
8001,-0.02330508689920424,-0.09053433758131546,0.0
8002,0.008414326717186282,0.03146477373558116,0.0
8003,-0.018839982769842195,-0.07549214148477118,0.0
8004,0.08915315846350327,0.26467079839591684,0.0
8005,0.021931910711739805,0.08610210122950085,0.0
8006,-0.00999004816729196,-0.04020556227327676,0.0
8007,0.014932069095764944,0.051542246889259916,0.0
8008,0.0015362264252468116,0.006098407578686412,0.0
8009,-0.003329116970622159,-0.01276226098283908,0.0
8010,-0.003975294071846824,-0.015925624590412187,0.0
8011,0.028729637133944164,0.10038616580736588,0.0
8012,-0.02328749901117655,-0.0999202965091084,0.0
8013,-0.02182656922524545,-0.08857949343912112,0.0
8014,-0.06157261410081458,-0.2933156946450892,0.0
8015,0.004087068950764772,0.015267891997176385,0.0
8016,0.020788634548304652,0.07820922424780692,0.0
8017,-0.037763674826231525,-0.16660444776278616,0.0
8018,-0.010041668449133623,-0.03758779076300699,0.0
8019,0.0534103281311572,0.175046311593672,0.0
8020,-0.014751860034226183,-0.057820508869783085,0.0
8021,0.014420724428359705,0.056645557866587475,0.0
8022,-0.01531901740255498,-0.05948711406320953,0.0
8023,0.019801970100633726,0.07548792267458079,0.0
8024,0.047114613084697166,0.1583343940245315,0.0
8025,-0.02424586593013281,-0.0992193100398369,0.0
8026,0.01728518769665116,0.0672573768244998,0.0
8027,0.008542217097010363,0.031797101564266565,0.0
8028,0.03542442696496184,0.116420156229991,0.0
8029,-0.0288793332271593,-0.1207681207681207,0.0
8030,0.029894974022581344,0.10256079574058291,0.0
8031,-0.020406856532824286,-0.09066512254185476,0.0
8032,-0.015653090787688867,-0.06785005125595915,0.0
8033,0.014693143572202,0.055635065217964394,0.0
8034,-0.031840888269558026,-0.12872169523190993,0.0
8035,-0.023514060066132825,-0.09362079470775105,0.0
8036,0.003395337859718628,0.012842551071250551,0.0
8037,-0.01478185368206214,-0.0624820344352214,0.0
8038,0.008922996712738496,0.033174741894671005,0.0
8039,-0.003981803393447336,-0.015549942247697873,0.0
8040,-0.02667748489934782,-0.1111232519140735,0.0
8041,0.008642689705980866,0.03247615452371972,0.0
8042,-0.0005051393004813498,-0.0018941306429946013,0.0
8043,0.003045094001110138,0.012037519742660076,0.0
8044,-0.048783015126442925,-0.21590295366507747,0.0
8045,-0.05194268737948987,-0.22484690799396678,0.0
8046,-0.0036166502672648204,-0.014037206851281205,0.0
8047,-0.032045349708816256,-0.13273128936919731,0.0
8048,-0.025843069102014476,-0.10661036979196187,0.0
8049,-0.001992663668223288,-0.008528293542819565,0.0
8050,-0.008313114346149036,-0.033934353374388826,0.0
8051,-0.054526359901278104,-0.2442919844239428,0.0
8052,-0.022131339417978624,-0.08787520081474709,0.0
8053,0.06875620021766976,0.22063039020402608,0.0
8054,0.018508523833915047,0.06857122706750024,0.0
8055,-0.00959223482331134,-0.035160905055548766,0.0
8056,0.015881695670387885,0.05782744331624823,0.0
8057,-0.005320336654070779,-0.020985772357723628,0.0
8058,-0.029501814796352305,-0.12134775072969226,0.0
8059,0.0334137109275891,0.11926983963285723,0.0
8060,-0.03464595473095969,-0.14606665309169897,0.0
8061,0.06822942942473176,0.22389100397826928,0.0
8062,0.017204631739421328,0.06291497685102113,0.0
8063,-0.01244019264956453,-0.049283449057747244,0.0
8064,-0.018955800291254876,-0.08273143103156763,0.0
8065,-0.0017812676525454374,-0.006860805533756548,0.0
8066,0.010931672007337745,0.04101828050286932,0.0
8067,0.03347422206196393,0.11428120096334751,0.0
8068,0.05789637952559301,0.1799224054316198,0.0
8069,-0.029128534863515354,-0.11548243219797469,0.0
8070,-0.020677501284789818,-0.0845540153607517,0.0
8071,0.008205359831376102,0.03282143932550441,0.0
8072,-0.02354068065229631,-0.09168765104527557,0.0
8073,0.03071473604630326,0.10715957751043237,0.0
8074,0.0011134292993363604,0.004517380429789248,0.0
8075,-0.02238586819283872,-0.08941163609177397,0.0
8076,-0.021585863169016895,-0.08579253737477016,0.0
8077,-0.03285330829725072,-0.13850889153535043,0.0
8078,-0.010657571503772612,-0.03990309600065705,0.0
8079,-0.011349904513940356,-0.044662965599327795,0.0
8080,-0.06448320561634088,-0.3169497793297445,0.0
8081,0.01998748776849163,0.07059090136536172,0.0
8082,-0.03814874676340074,-0.16709053139502353,0.0
8083,0.05533212406740151,0.17561935030088308,0.0
8084,-0.013606191382269844,-0.056389382661841486,0.0
8085,-0.009945489033960364,-0.036596291679651026,0.0
8086,-0.03278963779635535,-0.1458309572032458,0.0
8087,-0.021751910640799538,-0.09113300492610842,0.0
8088,-0.03723311320106973,-0.15528822636523634,0.0
8089,0.06161443057196919,0.20083628248484683,0.0
8090,-0.013575627237534194,-0.055158047884250105,0.0
8091,-0.034693569239945266,-0.15688901819053372,0.0
8092,-0.043640068206802024,-0.17728456448204968,0.0
8093,-0.018178401840908603,-0.07664842598995766,0.0
8094,-0.00015026309938481752,-0.0005745558881349867,0.0
8095,-0.035894463390568315,-0.14558384616555117,0.0
8096,-0.010944961741584713,-0.04192820801585059,0.0
8097,0.06067633106795098,0.19964068724716588,0.0
8098,0.0415268701677558,0.1395897954005701,0.0
8099,-0.06831552644967581,-0.32553592968124867,0.0
8100,-0.008225944477614183,-0.03392825451206436,0.0
8101,0.0035730997932104658,0.013733711457217355,0.0
8102,-0.03305272321386196,-0.1380842321520287,0.0
8103,-0.03413682688176939,-0.14174475376364415,0.0
8104,-0.023285809268222685,-0.09610282434199338,0.0
8105,0.02266034618975793,0.08404928404928397,0.0
8106,0.0005143622351699295,0.0019770255990727214,0.0
8107,-0.05143348005440029,-0.23021652356385916,0.0
8108,0.025685316642695355,0.09182705854049873,0.0
8109,0.02897826400350695,0.10133202676913423,0.0
8110,-0.011243344175765446,-0.04572658489997664,0.0
8111,-0.032755523876648124,-0.1500965973624719,0.0
8112,-0.03258897344786102,-0.14387244003063326,0.0
8113,-0.031948371913838286,-0.13964932879525407,0.0
8114,0.03886426278916605,0.1302531972820868,0.0
8115,0.02928653573882406,0.10140233720843361,0.0
8116,-0.011439429433040216,-0.04400177822550909,0.0
8117,-0.047371558390813834,-0.2162004771241584,0.0
8118,-0.019376373126003127,-0.0783290455530516,0.0
8119,0.01921953561422074,0.0673388127384111,0.0
8120,0.026137466444147717,0.09342571430309693,0.0
8121,-0.01237932945414244,-0.04956137236978735,0.0
8122,-0.023535125242178073,-0.10459712935285169,0.0
8123,0.0065717678550280545,0.025590877153747197,0.0
8124,0.06146887856142677,0.19864867274314651,0.0
8125,-0.03535729379474856,-0.14964091729979626,0.0
8126,-0.03778176877558195,-0.1639757423597634,0.0
8127,-0.05181241816552962,-0.23339231390078855,0.0
8128,0.013387514848031246,0.04837062741813256,0.0
8129,0.05785521816056166,0.18849409937492836,0.0
8130,-0.023724581899928487,-0.1011663035584605,0.0
8131,0.03453006929350899,0.1138568642856958,0.0
8132,-0.03020655747824494,-0.1244655741874671,0.0
8133,-0.05536640387932895,-0.24138653006446892,0.0
8134,0.023282596102360553,0.08285647692300376,0.0
8135,-0.007485989469493304,-0.02922466351613578,0.0
8136,0.004765051276679172,0.01911761536306222,0.0
8137,0.009222169728691026,0.03617679212868971,0.0
8138,-0.004207932189941865,-0.016736662515286018,0.0
8139,-0.007557949559647559,-0.030035255815053303,0.0
8140,0.0014549356751930587,0.005631297123238478,0.0
8141,0.018387330291771753,0.06916844717139643,0.0
8142,-0.010745053106651692,-0.04311926605504579,0.0
8143,0.03748052000024199,0.13416462757496062,0.0
8144,-0.02022739846128291,-0.08833620876749852,0.0
8145,-0.03579125596934468,-0.15826875082096406,0.0
8146,0.0082043913682881,0.030239580112016003,0.0
8147,0.00035220119524392857,0.0013468173706127828,0.0
8148,-0.01457376054329429,-0.058861513431043726,0.0
8149,-0.017379380525345017,-0.07478270388615207,0.0
8150,0.01573649461736104,0.055806738099906564,0.0
8151,0.032977649352457894,0.11594247246022038,0.0
8152,0.0004233168432561385,0.0016360756055176621,0.0
8153,-0.01565424850920058,-0.06644485772335866,0.0
8154,-0.057426368206498934,-0.24348217805056588,0.0
8155,0.05058170717014571,0.16495169727312736,0.0
8156,0.00764815491896792,0.02862833945078156,0.0
8157,0.055181840949629746,0.17707852760736187,0.0
8158,-0.06266718714831093,-0.29247479991277203,0.0
8159,-0.05468440536220967,-0.24510081943036433,0.0
8160,0.07914366732541325,0.24598499133663007,0.0
8161,-0.0005096617011556281,-0.0019498821946173225,0.0
8162,-0.017723221872371048,-0.0734521975071551,0.0
8163,-0.0024056393569229506,-0.0092505793329983,0.0
8164,-0.024742454444424827,-0.10155706962465239,0.0
8165,-0.021272536948989312,-0.09036869294458984,0.0
8166,-0.03173500403200791,-0.1370920199367596,0.0
8167,-0.015844821582089413,-0.06450832554737126,0.0
8168,0.02513764444141331,0.08754377124369704,0.0
8169,-0.018841048261380333,-0.08054958739890247,0.0
8170,0.021450181533079038,0.0754797022945483,0.0
8171,-0.03449860273126493,-0.14707299059118206,0.0
8172,-0.0011837809766750418,-0.004529541058310518,0.0
8173,-0.03588243522634277,-0.15294225162361122,0.0
8174,-0.0029081220733085944,-0.011013045250713489,0.0
8175,-0.052142514314058225,-0.22968339099530177,0.0
8176,0.07354645375580215,0.2318312129258981,0.0
8177,0.002352396649244859,0.008516499466467438,0.0
8178,-0.012212510073770999,-0.04702231769900942,0.0
8179,-0.02678303750654279,-0.10962284312762502,0.0
8180,0.05653497753107842,0.18554919795065716,0.0
8181,0.017357357357357384,0.0674445740956827,0.0
8182,-0.014699889534326605,-0.05738311754762982,0.0
8183,-0.0120070442498659,-0.048271176704520406,0.0
8184,-0.028289912020877467,-0.11809803671558325,0.0
8185,-0.026686634852111785,-0.10677731984080252,0.0
8186,-0.016439549339205106,-0.06883437062320874,0.0
8187,0.015126992756706148,0.057929506352386036,0.0
8188,0.006345549467923761,0.023119443797861766,0.0
8189,0.03507283307947229,0.12207263669090776,0.0
8190,-0.06628838335634271,-0.323494790427286,0.0
8191,0.019273490672453625,0.07258902330441189,0.0
8192,-0.030448081010558348,-0.13351182056981217,0.0
8193,-0.04119157542760443,-0.18466301568980892,0.0
8194,0.0038218052371464806,0.013873905663951885,0.0
8195,-0.0030816824287889233,-0.01242709814166631,0.0
8196,-0.010709315692878613,-0.046472278541943225,0.0
8197,0.01595679941402761,0.05832305683538492,0.0
8198,0.012680386955353506,0.045816096402263265,0.0
8199,-0.046324320691559645,-0.22039710272798257,0.0
8200,-0.020689939303104588,-0.08537428174160776,0.0
8201,-0.02176415374811605,-0.09009528562316775,0.0
8202,0.025198191269085513,0.0875797304596076,0.0
8203,0.045553292289382735,0.1574980850430786,0.0
8204,-0.015222841742723536,-0.06333007002855198,0.0
8205,0.011715995366297083,0.04220305287381362,0.0
8206,-0.026467131223239043,-0.11380866425992789,0.0
8207,0.05156769615418849,0.17590849622690466,0.0
8208,0.02115717828072039,0.07382164473542935,0.0
8209,0.0645829216291686,0.21325680203940928,0.0
8210,-0.00590731054151028,-0.023736000790285282,0.0
8211,0.03582007511553659,0.13351870955306247,0.0
8212,-0.02445173688171487,-0.1015055295761945,0.0
8213,0.01259858128670005,0.0463989739542224,0.0
8214,0.03824943185024443,0.13280136791108574,0.0
8215,0.030562041399677664,0.10863902900169883,0.0
8216,0.04471473580072277,0.14972521843376038,0.0
8217,-0.026158236230473253,-0.11352674524025391,0.0
8218,-0.012318900757685602,-0.047824679272192805,0.0
8219,0.04050898634076203,0.15208636977058027,0.0
8220,-0.004107995736644693,-0.01715511328224282,0.0
8221,0.0024105719769389466,0.009503488816251664,0.0
8222,-0.035537609323118974,-0.14366805761944182,0.0
8223,0.04670951675195392,0.15988469539707081,0.0
8224,0.04878682171416629,0.1692474573442692,0.0
8225,-0.0067040251254834315,-0.02738849095124401,0.0
8226,0.00018586442227963573,0.0007020615635714475,0.0
8227,-0.0001894362518474746,-0.0007179312866626325,0.0
8228,-0.01651753989841176,-0.0679806220397284,0.0
8229,0.030864925567367918,0.10617008475250093,0.0
8230,-0.041291695143190976,-0.18463987854650127,0.0
8231,-0.003996197770485599,-0.015053080883519787,0.0
8232,-0.03347594819611471,-0.15185336286280454,0.0
8233,-0.05967754970387584,-0.2688466173068621,0.0
8234,-0.03091782784804803,-0.12744809994369022,0.0
8235,-0.00903853476099481,-0.037160852358763166,0.0
8236,-0.0598851933370915,-0.27400594972205666,0.0
8237,-0.024259172184030287,-0.10262110213492019,0.0
8238,0.007932559778049353,0.03158477652458037,0.0
8239,-0.022883962556475956,-0.09119033162749013,0.0
8240,-0.004722268048452494,-0.018198141269670037,0.0
8241,-0.02417563036095577,-0.1073098639709719,0.0
8242,-0.006103908027667804,-0.02482867851855851,0.0
8243,-0.015259424316358017,-0.05965047687303588,0.0
8244,-0.05613237185691344,-0.24844553558724097,0.0
8245,-0.014682848054963976,-0.06213958154252634,0.0
8246,0.03946169636519012,0.1382448970702085,0.0
8247,0.006074899942824508,0.022397891963109488,0.0
8248,-0.024829422172968074,-0.1057182993890135,0.0
8249,-0.03287325561468074,-0.12815193222685706,0.0
8250,-0.014107847328562184,-0.059017530733517405,0.0
8251,-0.008662613981762907,-0.03589420654911834,0.0
8252,-0.04314220286532325,-0.19194995335764378,0.0
8253,-0.013189778193779866,-0.04860786562038071,0.0
8254,0.017365539143014086,0.0628102720867662,0.0
8255,0.059883345007812894,0.18992587529105154,0.0
8256,-0.004951104564441922,-0.019516289844872612,0.0
8257,-0.027101920260308277,-0.10915790720760842,0.0
8258,0.06812055805400916,0.225705653694718,0.0
8259,-0.07929016321396637,-0.38299685235341474,0.0
8260,0.019014287740907743,0.06957017360235931,0.0
8261,0.0046864227427782235,0.01878526269511705,0.0
8262,-0.05265058633316064,-0.2289442789173777,0.0
8263,-0.01016042135578027,-0.039963544527108125,0.0
8264,0.055448405462661,0.19145619524322927,0.0
8265,-0.024685370287778008,-0.09632570250652633,0.0
8266,0.04050516789757225,0.13127870153256982,0.0
8267,0.012747718818097165,0.05091398915165224,0.0
8268,0.01437289527912422,0.05366865349088507,0.0
8269,-0.020761250323922897,-0.08958046441915152,0.0
8270,-0.010596686428563817,-0.040365412464876044,0.0
8271,-0.002861597315943265,-0.011249940935447435,0.0
8272,0.0349593574952943,0.12409237584207519,0.0
8273,-0.003507666648941421,-0.014080186595515446,0.0
8274,-0.01876029283820685,-0.07466552355748049,0.0
8275,0.005866954272254865,0.022301093228059683,0.0
8276,-0.04159702542491092,-0.18446659755802636,0.0
8277,0.0326422751075543,0.11447684614310574,0.0
8278,0.018376164807467704,0.06954409532003421,0.0
8279,0.004173870800348867,0.015808709761054383,0.0
8280,0.02248349191837254,0.08882692586742727,0.0
8281,-0.0013453040986137754,-0.005262467136040878,0.0
8282,-0.05522737990077245,-0.23497363498154739,0.0
8283,0.05504598170218253,0.18493779984666092,0.0
8284,-0.043955365174789485,-0.19689284709738178,0.0
8285,-0.003154738265514323,-0.012296226963631115,0.0
8286,-0.02095226646899201,-0.08334670459500305,0.0
8287,0.13481942740078903,0.36223725155728015,0.0
8288,0.0055247026242129516,0.020831156127597467,0.0
8289,0.08826923328848105,0.26196569803607916,0.0
8290,0.007576161565887252,0.02939621245529943,0.0
8291,0.07272871939698411,0.22024988897618966,0.0
8292,-0.05194124995995775,-0.2268698274113097,0.0
8293,0.013950110198357013,0.0509964293343912,0.0
8294,-0.010402713593006568,-0.04355733485845006,0.0
8295,0.00039417266886204727,0.0014927958168728208,0.0
8296,-0.03399392449009114,-0.14370158988993073,0.0
8297,-0.041985923076033105,-0.18236149985099662,0.0
8298,0.00139308947075939,0.005308420528151532,0.0
8299,-0.01567011477033145,-0.06652369835495955,0.0
8300,0.01359324705275633,0.05137997968564778,0.0
8301,0.05665708158353849,0.1840793077242942,0.0
8302,-0.021910586042070634,-0.09467606096140585,0.0
8303,0.007083022077399137,0.026936458674755945,0.0
8304,-0.08612255716591022,-0.43582481378483673,0.0
8305,-0.00901432235702887,-0.03590881823635265,0.0
8306,-0.06384745966314298,-0.29081434303486403,0.0
8307,-0.005186612447191985,-0.020535120992898653,0.0
8308,-0.035840312580293826,-0.15372099626996874,0.0
8309,-0.0070615702680170145,-0.026675224882659866,0.0
8310,0.09683199760884459,0.2695314787035896,0.0
8311,-0.021308721865662406,-0.08232915266278656,0.0
8312,-0.043059801274602544,-0.19608597168355751,0.0
8313,0.03194106016382636,0.1067988122761684,0.0
8314,-0.031085063627901255,-0.1289764131455952,0.0
8315,0.02511197382728403,0.08895278857322429,0.0
8316,0.043182574847137445,0.15085799737812333,0.0
8317,0.07598255432171855,0.24405836235289677,0.0
8318,-0.024522699626741307,-0.10053434153027041,0.0
8319,0.02862679174674987,0.09375637581219805,0.0
8320,-0.00504610721532972,-0.020471751692084986,0.0
8321,-0.00938414484808886,-0.036922461991274996,0.0
8322,-0.046269374478815684,-0.20558866392133565,0.0
8323,-0.028072766620739542,-0.12056219372702125,0.0
8324,-0.009609236698810114,-0.0410587719949158,0.0
8325,0.009591216294210003,0.035508814102564144,0.0
8326,-0.062425421263961334,-0.27715917953158514,0.0
8327,0.05182662402852983,0.1681731814259103,0.0
8328,-0.03973765350622474,-0.1785065458685135,0.0
8329,-0.0056226590484037275,-0.02431097206053562,0.0
8330,-0.0697437938309905,-0.32858487002558984,0.0
8331,0.03360203954656282,0.1162419417900055,0.0
8332,-0.016402111613036174,-0.06906575429214741,0.0
8333,0.00014228715231207056,0.000568294544708594,0.0
8334,-0.029100007227722685,-0.12372972997952765,0.0
8335,0.03863517180264253,0.13273585848933625,0.0
8336,-0.04775101288548658,-0.20732710186504635,0.0
8337,-0.002202398166892827,-0.00835443037974679,0.0
8338,-0.036598856070373414,-0.15905154483228087,0.0
8339,-0.011161686920203251,-0.045215411824851795,0.0
8340,0.025179656762062963,0.09033411228607068,0.0
8341,-0.015534799653309977,-0.06389433222791677,0.0
8342,-0.010722810357183199,-0.041878461229707224,0.0
8343,0.08091626694152942,0.2617291597367989,0.0
8344,0.03607886274458599,0.12621700292762472,0.0
8345,-0.034739054677358244,-0.14859405755333632,0.0
8346,0.004713350909674174,0.018310820220024907,0.0
8347,-0.015177706093584625,-0.06509887206847874,0.0
8348,0.049638781468001214,0.16514537083753786,0.0
8349,0.05576472997484058,0.1838023653290778,0.0
8350,-0.012149631083575696,-0.04711168136952953,0.0
8351,0.031242312423124197,0.104141041410414,0.0
8352,-0.03554472665188341,-0.14608119163375471,0.0
8353,0.06889666333691666,0.2160970344279059,0.0
8354,-0.03756015681769978,-0.1550277060808981,0.0
8355,0.03472433749619247,0.12153518123667365,0.0
8356,-0.025118471404876025,-0.10806930796401493,0.0
8357,0.027194021552898073,0.09715950961345214,0.0
8358,0.033909019812304486,0.11662432755528991,0.0
8359,0.05449348547123428,0.18953478152412886,0.0
8360,-0.020554801816528856,-0.07943330588095947,0.0
8361,-0.01663233594571381,-0.07050184380366506,0.0
8362,-0.030636419667794318,-0.13023263487873293,0.0
8363,-0.005494002331601855,-0.021328909744625216,0.0
8364,0.018489515968793502,0.06741402170644371,0.0
8365,-0.06179919470632275,-0.28622350659043205,0.0
8366,0.010282577797406045,0.03657363218694796,0.0
8367,-0.0018355705744594886,-0.007154125860820466,0.0
8368,-0.03401462968791616,-0.1417347907096987,0.0
8369,0.041713867498249846,0.14152919329763342,0.0
8370,-0.034314386299763744,-0.1499877860727799,0.0
8371,-0.0038369152649675997,-0.015417507818334616,0.0
8372,0.039746840688870966,0.13468407979848507,0.0
8373,-0.030040651566615673,-0.13766317078545545,0.0
8374,-0.0746545287792304,-0.32297613073355713,0.0
8375,0.05889085470658595,0.18566488025758981,0.0
8376,-0.05116610202475538,-0.22262766571734505,0.0
8377,-0.023305158535937065,-0.09308191296198672,0.0
8378,-0.024115058524697086,-0.09770506905264426,0.0
8379,0.0211693016274051,0.07729147238628128,0.0
8380,0.003941837027995665,0.015572803863832462,0.0
8381,-0.012719657253925043,-0.05114958029448201,0.0
8382,-0.03410328318405734,-0.1485678926402908,0.0
8383,-0.002235174608108681,-0.00849524500228099,0.0
8384,-0.00951353353490375,-0.037303065702648915,0.0
8385,0.016688490856392568,0.06418944762883105,0.0
8386,0.009276691344319354,0.03416740924345937,0.0
8387,0.05110751439831518,0.17760726504786958,0.0
8388,0.027166735556667432,0.08712372093023246,0.0
8389,-0.008678327859788004,-0.031157223802338676,0.0
8390,-0.04848325261683242,-0.22042518563726995,0.0
8391,-0.013457690045845766,-0.05449155694012519,0.0
8392,-0.03752233135311023,-0.1584066180045661,0.0
8393,-0.004461003930224361,-0.01767557964572879,0.0
8394,-0.021211504972225487,-0.09047785867805362,0.0
8395,-0.036329252211121654,-0.15424686100669277,0.0
8396,-0.025874313406668875,-0.10944645707419426,0.0
8397,0.02724147226652396,0.09928995629383322,0.0
8398,-0.042399885399321574,-0.1836261703520304,0.0
8399,-0.01691472653924203,-0.07030383187054444,0.0
8400,-0.02138146387710546,-0.09075125067040772,0.0
8401,0.007402532139267642,0.028792561982265503,0.0
8402,0.020200760038158405,0.07799995303724697,0.0
8403,0.031037979995803322,0.10552913198573129,0.0
8404,-0.058564354384133044,-0.26113334755099527,0.0
8405,-0.06656862916630216,-0.30297815615352086,0.0
8406,-0.010325435335072852,-0.04183861403606908,0.0
8407,-0.041509251508622336,-0.17946012762623864,0.0
8408,-0.03324683517082194,-0.14308926367749905,0.0
8409,-0.008992152953505583,-0.0342794781100489,0.0
8410,-0.05856566657291365,-0.2583085193178131,0.0
8411,0.0033660518632591674,0.012773240384775899,0.0
8412,0.07209504699876845,0.23097647761136256,0.0
8413,-0.0550067624728936,-0.2516376027259972,0.0
8414,-0.025973959991600015,-0.11022077212751898,0.0
8415,0.062232072999331756,0.21132281473035114,0.0
8416,0.013754824657077835,0.0520628018342038,0.0
8417,-0.01955320622002113,-0.08093119745213624,0.0
8418,0.024092959791050195,0.08586376254537693,0.0
8419,-0.0673569550400043,-0.3012520409151537,0.0
8420,0.06706237780154628,0.21501790548644667,0.0
8421,-0.006633113153024117,-0.026068213376001067,0.0
8422,0.011375518869419177,0.041435826408125556,0.0
8423,-0.01775713100216411,-0.07601699637782111,0.0
8424,-0.023987284956688504,-0.0941252218461763,0.0
8425,-0.02060669933936063,-0.09062234614171173,0.0
8426,0.002047544846457916,0.007778800512570712,0.0
8427,-0.02061094869251584,-0.08309493045172243,0.0
8428,-0.02418260083245205,-0.1041999325444652,0.0
8429,-0.03425670576936271,-0.1508184838417397,0.0
8430,-0.007730110352966335,-0.03138001991085264,0.0
8431,0.01964435409200177,0.07545635076460493,0.0
8432,0.019776886999329335,0.07664992780748275,0.0
8433,0.05171507809078968,0.17153231663035587,0.0
8434,-0.030819852270014464,-0.14576027761174204,0.0
8435,0.020586575411081637,0.07795167881113904,0.0
8436,0.09564408464271035,0.2745796968709544,0.0
8437,-0.022533678392665485,-0.09219041756437879,0.0
8438,-0.0109845012555288,-0.04284207427758423,0.0
8439,-0.03747230167023946,-0.16668217157799217,0.0
8440,-0.022994210350797545,-0.0923555695736739,0.0
8441,0.05400221839161934,0.1816907794132485,0.0
8442,0.05277553718267572,0.18852562345299814,0.0
8443,-0.050347234180903394,-0.23481676023419976,0.0
8444,-0.010720223434612541,-0.04439915198349997,0.0
8445,0.025434031646402677,0.09876682336274059,0.0
8446,0.019884449090131595,0.06583419852131504,0.0
8447,0.05447897708495278,0.18822630707129187,0.0
8448,-0.028002520410238513,-0.116015374326019,0.0
8449,-0.019898867411086152,-0.07919082760368855,0.0
8450,-0.02785491833474829,-0.10771420255134316,0.0
8451,0.07174502910784003,0.21901482544237214,0.0
8452,-0.03402696387006848,-0.13622696970619017,0.0
8453,-0.023723895480512458,-0.0949800085963577,0.0
8454,0.002854321017729894,0.011476895197825483,0.0
8455,0.08360043804345785,0.26338118956929385,0.0
8456,-0.008685600135654364,-0.035102159128117934,0.0
8457,-0.042108723067309284,-0.19090419745434706,0.0
8458,0.02439228145195388,0.08486208337580947,0.0
8459,0.015909857215982426,0.05902888846324984,0.0
8460,-0.01881183161208605,-0.07932476778298353,0.0
8461,-0.04650866870186479,-0.19006656183777956,0.0
8462,-0.03650543112587157,-0.15823612032673387,0.0
8463,0.06847273924025121,0.20476045845811913,0.0
8464,-0.0021887031274722135,-0.008460179396575286,0.0
8465,0.03791600723344435,0.12919234297133814,0.0
8466,-0.053841993947038175,-0.24027255117495616,0.0
8467,0.003553768977407945,0.01363946544146007,0.0
8468,0.010650923354441622,0.04114500733852773,0.0
8469,-0.006688721051174185,-0.025992000121671112,0.0
8470,0.05949151031361927,0.1916549259750937,0.0
8471,-0.011242342425754948,-0.04271837200697437,0.0
8472,0.03215106907319132,0.11429547623734064,0.0
8473,-0.011058930848215631,-0.04372550743677415,0.0
8474,0.03358885948463425,0.11642720703218158,0.0
8475,-0.024365073995358782,-0.10234522524211831,0.0
8476,-0.013531941742147363,-0.056602081662929134,0.0
8477,-0.0347035354975139,-0.15676583787906212,0.0
8478,0.09818381257949266,0.2869703900628486,0.0
8479,0.028747127750939933,0.10425201467246946,0.0
8480,-0.019104624659376596,-0.08007187996700958,0.0
8481,-0.024352677687319302,-0.0931000068827862,0.0
8482,-0.021240640413427825,-0.0980800922874093,0.0
8483,0.0037618515866905122,0.014067175304744406,0.0
8484,-0.0028481747844172345,-0.011218946848188938,0.0
8485,-0.02835354621656927,-0.1214428675959689,0.0
8486,-0.002329747955865047,-0.00943208638442451,0.0
8487,0.04019583522933934,0.13323244552058103,0.0
8488,-0.05915992958157282,-0.275204995002451,0.0
8489,0.01304197278900232,0.04860556944564179,0.0
8490,-0.011098158704161754,-0.04395990844515447,0.0
8491,-0.02230105034719554,-0.08663100327179805,0.0
8492,-0.03986407396009506,-0.1766575671906389,0.0
8493,-0.06945306967369394,-0.32140516285166876,0.0
8494,-0.02143264632809591,-0.08812330354853687,0.0
8495,-0.020930866312372093,-0.08457629449388072,0.0
8496,-0.04496260613035405,-0.20616574826437536,0.0
8497,-0.004964703870005305,-0.019327924701912545,0.0
8498,0.023397778079250697,0.08363244889999272,0.0
8499,-0.03614915220428119,-0.1558216307310017,0.0
8500,-0.019670473921390264,-0.08430557021976205,0.0
8501,-0.005178635440741236,-0.0211783949987614,0.0
8502,-0.016789910072775444,-0.07150257495101522,0.0
8503,-0.02033565164801937,-0.08134260659207748,0.0
8504,-0.04421418613806899,-0.1967390473634076,0.0
8505,0.005782996446639044,0.021246363172003204,0.0
8506,0.02335493631743818,0.08322615428037362,0.0
8507,0.013317686207468316,0.049057239589092326,0.0
8508,-0.03682195544375921,-0.15859320636874344,0.0
8509,0.003595754098553783,0.01346573218540039,0.0
8510,-0.04366198175668773,-0.17808951852992513,0.0
8511,-0.009210686314940847,-0.03902793359468558,0.0
8512,0.03799184912470219,0.13616922512365387,0.0
8513,0.002152005419273517,0.008242255913166324,0.0
8514,0.022388179706716027,0.07881963161794216,0.0
8515,0.014797446184441954,0.05440043273610692,0.0
8516,-0.009711691730610483,-0.03833866414462164,0.0
8517,-0.03915371685242791,-0.17787715073354668,0.0
8518,0.020400903575053364,0.07798257225034899,0.0
8519,-0.02816383725511265,-0.12405933486889854,0.0
8520,0.015204464534647189,0.057298466689861986,0.0
8521,-0.019118840703265,-0.07893482533071303,0.0
8522,0.016287783496852726,0.05687122734548264,0.0
8523,-0.00385664697175514,-0.01514159132891708,0.0
8524,0.0031974903266639987,0.012020720285717981,0.0
8525,-0.05506420288398495,-0.2615926789063833,0.0
8526,-0.02768120968105739,-0.11361788676690539,0.0
8527,-0.03314207253257012,-0.12980325047518773,0.0
8528,-0.009409992927455507,-0.03954520484575129,0.0
8529,2.1612767034162594e-05,8.229086415354866e-05,0.0
8530,-0.029530289794286402,-0.12444385736329852,0.0
8531,-0.02147496305187277,-0.09555185062834647,0.0
8532,-0.037378094490704866,-0.16222472482006425,0.0
8533,-0.03699842606804221,-0.16384316265410206,0.0
8534,-0.004617841949614954,-0.017383021788308275,0.0
8535,-0.03465239147952376,-0.15549973818890925,0.0
8536,-0.029823779337029205,-0.13722197924469176,0.0
8537,0.054119730980451336,0.19029008414478438,0.0
8538,0.02217953431900377,0.08102169133161576,0.0
8539,0.03173986039202789,0.12529706154757903,0.0
8540,0.021358365741166008,0.08180377537628092,0.0
8541,-0.07573625408359028,-0.35108667194450693,0.0
8542,0.019998792925868758,0.07015757777230335,0.0
8543,-0.04130003181760272,-0.18815060366708658,0.0
8544,0.09762348116232844,0.2819127058054995,0.0
8545,-0.018283855287093448,-0.07424219204952956,0.0
8546,-0.02201503905792257,-0.08561963190184059,0.0
8547,-0.03718120344626366,-0.1589598344657557,0.0
8548,0.019575986038989773,0.07586557221690748,0.0
8549,0.0068690335050515805,0.026954022209846107,0.0
8550,-0.011488599462215032,-0.04457200796029921,0.0
8551,0.0018530574881443218,0.007485115408010854,0.0
8552,0.03803825909769659,0.1325823316563109,0.0
8553,-0.018898979107051572,-0.07233232297066804,0.0
8554,-0.04569890792575912,-0.21263611065323415,0.0
8555,-0.04591373401653201,-0.19600990449239483,0.0
8556,-0.003336110841171358,-0.0131127690007152,0.0
8557,-0.013017228629537858,-0.050944349204593724,0.0
8558,-0.05234238651025175,-0.2213095478959966,0.0
8559,-0.033976755984172186,-0.14470198397166373,0.0
8560,-0.02743293339400868,-0.1141423879097852,0.0
8561,-0.03438405165783337,-0.14055588329917598,0.0
8562,-2.8624003271304765e-05,-0.00010884269121324742,0.0
8563,0.04362818690990117,0.14618215592798453,0.0
8564,-0.0017810818069060042,-0.007210997875162021,0.0
8565,-0.04279797744112729,-0.18345062692101297,0.0
8566,0.010428125645147945,0.03751676792934228,0.0
8567,0.030987525274121935,0.1119839362026862,0.0
8568,0.03859010239271177,0.13000016107371135,0.0
8569,-0.03677838319054297,-0.16827098975888208,0.0
8570,-0.009527461394987724,-0.03899223875045038,0.0
8571,-0.027044061852456086,-0.12313989836732367,0.0
8572,-0.028909928742429425,-0.12155228508893477,0.0
8573,0.05600810390362143,0.18999533639331387,0.0
8574,-0.005043723833824676,-0.0185381902501503,0.0
8575,-0.04579295170506184,-0.19962681887794861,0.0
8576,0.0040207293342574,0.014690784282137381,0.0
8577,-0.019918894163035217,-0.07761263019106703,0.0
8578,-0.015637350335083344,-0.06340094021996663,0.0
8579,-0.005378127779734454,-0.020705170921056202,0.0
8580,0.003552290796049684,0.013566941119376194,0.0
8581,-0.00250534677665748,-0.00939505041246555,0.0
8582,-0.04161020802044513,-0.1720719141252659,0.0
8583,0.010722525277092498,0.040642793692435335,0.0
8584,-0.07324997111152354,-0.3510737565704236,0.0
8585,-0.037070019786506675,-0.16581190551412975,0.0
8586,-0.030727856431465445,-0.12703345524715592,0.0
8587,0.03409854105923554,0.11898136981543489,0.0
8588,0.029940443145296813,0.10862964333182606,0.0
8589,-0.0031259538873857906,-0.012470910771781208,0.0
8590,0.03198940330790395,0.11335151911675292,0.0
8591,0.0019624940968901994,0.007699549363624638,0.0
8592,0.050092739484920934,0.17152802833440756,0.0
8593,0.012475491040788211,0.04719356172122694,0.0
8594,-0.024544581363406648,-0.10149199056003634,0.0
8595,-0.029837038742923816,-0.12413064682761846,0.0
8596,-0.02278257958897867,-0.08942162488674127,0.0
8597,-0.031726292652857147,-0.12480726030839744,0.0
8598,-0.0019017988082599135,-0.007337065734501018,0.0
8599,-0.03057725576264228,-0.13361522562608236,0.0
8600,-0.023161795670849805,-0.10170536264639399,0.0
8601,-0.012757748922774592,-0.04987519045612223,0.0
8602,-0.010761548598858472,-0.04398424705780412,0.0
8603,-0.01706810437746925,-0.07002669667805703,0.0
8604,0.014391209529208304,0.05438481887475336,0.0
8605,0.014544024940592537,0.05174166031071941,0.0
8606,0.014844726291007415,0.05198832944099063,0.0
8607,-0.01670389351232457,-0.06802454101038329,0.0
8608,0.08473163976451856,0.26261901089176554,0.0
8609,-0.0313014388804396,-0.14008809338739375,0.0
8610,0.002707821704306501,0.010827984595635387,0.0
8611,0.04426160763521575,0.1432606747127526,0.0
8612,-0.013730021480338028,-0.05552630405353888,0.0
8613,0.01032975861304275,0.03618670690598484,0.0
8614,-0.006570887926318547,-0.026674675986602673,0.0
8615,-0.04414337819263242,-0.18779640553136842,0.0
8616,-0.009351899604607194,-0.03705469654655681,0.0
8617,-0.03245653448561561,-0.13117208427776642,0.0
8618,0.03109500773781204,0.11017572396086533,0.0
8619,0.046774125020417556,0.156104470251628,0.0
8620,-0.008911340573259763,-0.03379993517543155,0.0
8621,-0.06772430116025352,-0.3202555936222158,0.0
8622,0.013405998420098708,0.04963165788715664,0.0
8623,-0.018007796118650637,-0.07794385660844165,0.0
8624,-0.008455749635847304,-0.03495254312645496,0.0
8625,0.05355874141748257,0.1743747990382632,0.0
8626,-0.03601004466105359,-0.14772591262716925,0.0
8627,-0.02784162993899897,-0.12859823125878173,0.0
8628,0.07005286528576518,0.2219048338749087,0.0
8629,0.024162491012201026,0.08398273449854805,0.0
8630,-0.03487105992528705,-0.13916321728526523,0.0
8631,-0.006414877968423105,-0.025264176370987275,0.0
8632,-0.027015576248287737,-0.1202408692859296,0.0
8633,0.03332067631039176,0.11409259773525683,0.0
8634,-0.013820203181905327,-0.057313195548489744,0.0
8635,-0.037405399822830976,-0.16795948711083922,0.0
8636,-0.02010145263302207,-0.08252551347561786,0.0
8637,0.034746180568177465,0.12118427254847777,0.0
8638,-0.012436430712506441,-0.04998120556174186,0.0
8639,0.04334342911037606,0.15455796426955803,0.0
8640,-0.020625078371921762,-0.08877410158561001,0.0
8641,-0.029285050789323974,-0.12272700212333901,0.0
8642,-0.045209994622142424,-0.19296810047158777,0.0
8643,-0.005939786381007728,-0.02210336436472345,0.0
8644,0.03382257612919842,0.11413393801965223,0.0
8645,-0.026837177410937912,-0.11098224672789289,0.0
8646,0.001772226416840994,0.006996950523093924,0.0
8647,-0.056127767508480225,-0.2550137089263375,0.0
8648,0.0013365080806835294,0.005239543803603444,0.0
8649,-0.003562910054969559,-0.012865637493753225,0.0
8650,-0.04363754458333807,-0.18499106323366016,0.0
8651,-0.03340898190016897,-0.14609800815073892,0.0
8652,0.012944100541897263,0.0490754096941943,0.0
8653,0.03848441951593404,0.13525351305707428,0.0
8654,0.005529696543608853,0.019880160339220472,0.0
8655,-0.03572087684086575,-0.15431965543368917,0.0
8656,-0.024266959114109532,-0.09329359742371372,0.0
8657,0.01068018308419813,0.04183176047398119,0.0
8658,-0.03306679017147804,-0.13393678925368382,0.0
8659,-0.04571859493744987,-0.1973746803829459,0.0
8660,-0.05075416406139502,-0.2231218541382875,0.0
8661,0.026585254999217045,0.09417293148312675,0.0
8662,-0.01921936105093902,-0.07532325897070749,0.0
8663,-0.025833045855573167,-0.10743707601344109,0.0
8664,-0.03196733411093175,-0.1364818949056528,0.0
8665,-0.0047602153450542195,-0.01787930370194823,0.0
8666,0.037795576847901136,0.13613867318569653,0.0
8667,0.016509757055200636,0.06084537330332267,0.0
8668,0.017196875800798594,0.06001799690477667,0.0
8669,0.042825777171976886,0.14216392009666554,0.0
8670,0.02529068355312239,0.09231536044937194,0.0
8671,-0.036101417905156585,-0.15755457930036806,0.0
8672,-0.0242018666729229,-0.09769850928891323,0.0
8673,-0.005135635622581708,-0.022298091402127723,0.0
8674,0.0389793386337165,0.1400996519008941,0.0
8675,-0.06764547412427627,-0.31216938642564845,0.0
8676,0.02962929660205721,0.09948749172866489,0.0
8677,-0.03509785983670061,-0.1455003585893044,0.0
8678,0.022798538440469307,0.07955337460053591,0.0
8679,0.0073441253601548295,0.028951132477678904,0.0
8680,0.018068943230170165,0.0657332157238313,0.0
8681,0.0023611677047558066,0.008393037270775677,0.0
8682,-0.03612012249914165,-0.15486502521506984,0.0
8683,0.033567788851337654,0.11730908800276386,0.0
8684,-0.009039188453777547,-0.03647996675147887,0.0
8685,-0.011793151993113427,-0.04708827077107268,0.0
8686,0.0684545343494235,0.213588760276302,0.0
8687,-0.00023353673722464885,-0.0009447117060587581,0.0
8688,-0.06198263557325229,-0.2814778450517282,0.0
8689,-0.057092797112924254,-0.26340201696745996,0.0
8690,0.006116880163723193,0.02359166252521416,0.0
8691,0.07890372392611866,0.24439206525788967,0.0
8692,0.025170607019725066,0.09090008748882894,0.0
8693,-0.03184287316622372,-0.13617827763478044,0.0
8694,0.017480179300777887,0.06196149670340321,0.0
8695,-0.02465409788450859,-0.10329679464307408,0.0
8696,-0.05010516959225758,-0.23665807501433483,0.0
8697,-0.03568294823047674,-0.157014157014157,0.0
8698,0.005989313345186986,0.023044660489551283,0.0
8699,0.014621815090189616,0.05204211818284594,0.0
8700,-0.057940097175092214,-0.2578602211134553,0.0
8701,0.008165932060653469,0.029021562252638668,0.0
8702,0.005557618060876346,0.019949668224884868,0.0
8703,0.023383698221811078,0.08296863603209335,0.0
8704,-0.03337799920521392,-0.15424286351471903,0.0
8705,0.02724070795508543,0.09502165580050143,0.0
8706,0.07297746296421284,0.23339506102710336,0.0
8707,-0.003427932834366376,-0.012949112572067142,0.0
8708,-0.02722708200506216,-0.10994226784322568,0.0
8709,-0.04697057408588126,-0.21115268533509238,0.0
8710,0.0053404925722541075,0.01979746475573494,0.0
8711,-0.00806378286800774,-0.03190579791818225,0.0
8712,-0.04096531023379754,-0.1776669521046685,0.0
8713,0.0014070618097645204,0.00538840715784822,0.0
8714,-0.021982346424169685,-0.08876655122388913,0.0
8715,-0.006175796889275775,-0.024638330880319578,0.0
8716,-0.011520609911314372,-0.04413808871877849,0.0
8717,-0.04318150871459697,-0.20085503918929629,0.0
8718,0.024505986814739783,0.09327898641171317,0.0
8719,-0.039978444954530845,-0.1707331890715947,0.0
8720,0.0055374380652615796,0.020233897573288407,0.0
8721,-0.027801243773766998,-0.1206963551350292,0.0
8722,-0.04369087793270776,-0.1969821316519321,0.0
8723,-0.024104946765127533,-0.09466567121609945,0.0
8724,0.041865229077374444,0.13963853136709167,0.0
8725,0.0037184040693765685,0.013495242355237375,0.0
8726,0.045802052873909926,0.15844647666068215,0.0
8727,-0.04025852133938965,-0.16299563744138035,0.0
8728,-0.06586297595871615,-0.31534674865626877,0.0
8729,0.05032688314692757,0.1720352259547588,0.0
8730,-0.01786729378952462,-0.07070842732126026,0.0
8731,0.010122699386503065,0.03548387096774192,0.0
8732,-0.027687726073832686,-0.12284192679268921,0.0
8733,0.015974126413659584,0.0561540304446386,0.0
8734,-0.053862556448016574,-0.24701750591797353,0.0
8735,-0.017923581056405957,-0.07402460754644452,0.0
8736,-0.00728837294016127,-0.028526352693700966,0.0
8737,-0.042406426391483204,-0.17633751405954887,0.0
8738,-0.015249551927774468,-0.06319549536571563,0.0
8739,0.036208115720935685,0.12724227566123578,0.0
8740,-0.012715370878958576,-0.05365381682300015,0.0
8741,-0.045303775888035774,-0.18618356010590176,0.0
8742,0.010998186126186138,0.04038697953574273,0.0
8743,0.008578869935186306,0.03169997061416403,0.0
8744,-0.008359871705675648,-0.03186091886934037,0.0
8745,0.1026825562905295,0.3025929571208334,0.0
8746,-0.006390196363970035,-0.025086889085898588,0.0
8747,0.013958756816307039,0.051689020366806684,0.0
8748,0.0015723124807218436,0.006283777837687646,0.0
8749,-0.050646958207327175,-0.22231215072412205,0.0
8750,-0.019590301744911276,-0.07759029232764628,0.0
8751,-0.0021892056916696934,-0.008447961918531243,0.0
8752,-0.004011042991926311,-0.016662790538599353,0.0
8753,-0.021630029326892064,-0.09197488125767087,0.0
8754,0.04439870272352395,0.1549601781330836,0.0
8755,-0.00961423975773712,-0.03810341047520726,0.0
8756,-0.025277518738713867,-0.10209607745884786,0.0
8757,0.04099154597937041,0.14720920028635437,0.0
8758,-0.006564211047481394,-0.02598718763281073,0.0
8759,-0.0245189487631991,-0.10018080758264783,0.0
8760,-0.01494332763045339,-0.06086009798584654,0.0
8761,-0.03505908688635537,-0.14428649476694988,0.0
8762,0.0002168915597621779,0.0008814975608974156,0.0
8763,-0.0027078093440000006,-0.010410846884237447,0.0
8764,-0.03516054812678163,-0.15614307931570767,0.0
8765,-0.014069115029660378,-0.058460784823735484,0.0
8766,-0.010167948777963315,-0.04230460440466489,0.0
8767,0.004089373528733009,0.015804364978675663,0.0
8768,0.02516773170210257,0.09114725952309993,0.0
8769,-0.017403401552008396,-0.07232080200501267,0.0
8770,-0.0006952276283626602,-0.002699936942617813,0.0
8771,-0.031527972473556765,-0.13461381505563563,0.0
8772,-0.08206335734117709,-0.38515069045459116,0.0
8773,0.04823317082662898,0.15608312960275358,0.0
8774,-0.04550071471768649,-0.19638953403869702,0.0
8775,0.0017841440269807662,0.007300359219335008,0.0
8776,0.057004156453159954,0.19059140455463816,0.0
8777,0.04707719189318288,0.15122054329952347,0.0
8778,0.034018863320156856,0.11329249502048172,0.0
8779,-0.035481400477921005,-0.1452559860720665,0.0
8780,0.010857297220576101,0.038023990158021916,0.0
8781,0.05585116506179505,0.17416245943130076,0.0
8782,0.02680607844604349,0.10206692311540752,0.0
8783,-0.04426859832508101,-0.19372433625359464,0.0
8784,0.028680714068428426,0.09940440563275875,0.0
8785,-0.023866335043521147,-0.10194461917718248,0.0
8786,-0.03203410577887564,-0.13533600749509833,0.0
8787,0.02909217556623367,0.10619615980636299,0.0
8788,-0.012278182430574769,-0.0531319036886618,0.0
8789,-9.63645811847269e-05,-0.0004062119058252909,0.0
8790,0.013191260396453297,0.04661382283409807,0.0
8791,-0.031521675486170575,-0.13553919929504604,0.0
8792,0.01204373040029516,0.04424010460505772,0.0
8793,-0.011776253446142942,-0.047858807785351454,0.0
8794,-0.035409207851321456,-0.1418864850446606,0.0
8795,-0.027915643869488083,-0.118200440027312,0.0
8796,-0.00446805011552609,-0.01726127356334181,0.0
8797,0.06354578827046514,0.20137228438329927,0.0
8798,0.05513921492668486,0.18168644284753188,0.0
8799,-0.025912269998027926,-0.10814218144070087,0.0
8800,-0.020393997324491514,-0.08338770094503972,0.0
8801,0.0016346641550349372,0.006135013292471904,0.0
8802,-0.009057341684646558,-0.03471126190356054,0.0
8803,-0.013593130095631428,-0.056016187866882595,0.0
8804,-0.015930803606105937,-0.062384803853082295,0.0
8805,0.10831531936706901,0.31331888992056117,0.0
8806,-0.014946216370670506,-0.05937160604386164,0.0
8807,0.016773020083364926,0.06435928603416294,0.0
8808,-0.02143135174333355,-0.08686152682478802,0.0
8809,0.004239724562768721,0.016720540530440756,0.0
8810,0.03575177991253159,0.12492137399533448,0.0
8811,-0.0264013681153126,-0.1116980958724764,0.0
8812,0.016338052884837417,0.05754063449302399,0.0
8813,-0.045996780187466196,-0.1948692858186068,0.0
8814,0.053134360998641994,0.1723002899785452,0.0
8815,-0.005266876955893118,-0.02077316392710758,0.0
8816,0.02099860579024343,0.07522756337922204,0.0
8817,0.0489238364897,0.16971289408259074,0.0
8818,0.004725501086799644,0.018958801235261072,0.0
8819,-0.057832891075537435,-0.24720455349949297,0.0
8820,-0.03460519478449711,-0.15311373256359875,0.0
8821,0.024714916097038464,0.08510850806348584,0.0
8822,-0.03233077886505792,-0.12943885810533332,0.0
8823,-0.009920992099209935,-0.03960396039603966,0.0
8824,0.0430553369272032,0.14974358838729124,0.0
8825,0.007462994552357882,0.026477406759669704,0.0
8826,0.03329560158165712,0.11246211383773642,0.0
8827,-0.012385162088096868,-0.05324998887751924,0.0
8828,-0.06824827813013551,-0.3090372798706008,0.0
8829,-0.019856352668855826,-0.07787816241551244,0.0
8830,-0.06544262414723676,-0.3126217746312592,0.0
8831,0.0388465543084017,0.13506583920117754,0.0
8832,-0.03228562259863488,-0.1363902832228045,0.0
8833,-0.026742549278170102,-0.11298234271207246,0.0
8834,0.06460791623056666,0.2017705223880597,0.0
8835,-0.0031965146281108525,-0.013727185387386553,0.0
8836,-0.030837296831458305,-0.12923561713971995,0.0
8837,0.02388003102837083,0.08621587361346687,0.0
8838,0.052029715703905355,0.17661168173024927,0.0
8839,0.004256316382643566,0.01595513365279926,0.0
8840,0.001250664080703262,0.0050201481281375695,0.0
8841,0.03173011836163636,0.10991500832038303,0.0
8842,0.023530928902574078,0.0838273910013001,0.0
8843,0.06258313392156378,0.19696520493119687,0.0
8844,-0.008015793730079462,-0.032441278398151786,0.0
8845,-0.044599151107979046,-0.18951886186872083,0.0
8846,-0.0025868626401852612,-0.009694317655997467,0.0
8847,0.09519604976926077,0.2991330782328675,0.0
8848,0.022462996260865564,0.07703941053387574,0.0
8849,0.118546000333906,0.3330680462690614,0.0
8850,0.060860223057064816,0.20346533518867144,0.0
8851,-0.03080232607715827,-0.13202141319936758,0.0
8852,0.026612561510898414,0.08869021015925442,0.0
8853,-0.0398773638821856,-0.17643803968001862,0.0
8854,-0.07064451803731939,-0.33427614936526734,0.0
8855,0.07016163034211798,0.2176862313840493,0.0
8856,-0.026469941180820966,-0.10302307761536518,0.0
8857,-0.0038480826837239968,-0.015378200688321724,0.0
8858,-0.0031597664481641807,-0.011746854954056793,0.0
8859,-0.07345426765007027,-0.34137461741435016,0.0
8860,-0.027288372360955104,-0.11892426215618285,0.0
8861,-0.04945002786229616,-0.20956812054588397,0.0
8862,0.012883238113652884,0.0483533872857007,0.0
8863,-0.02782392162050973,-0.10952178829135707,0.0
8864,-0.045564604303198586,-0.19251465655779476,0.0
8865,-0.014334686270223052,-0.05715147483270639,0.0
8866,0.07932701246332027,0.24689152686148685,0.0
8867,-0.0003949453412064319,-0.001477470863540351,0.0
8868,-0.005102066348041112,-0.019845925128775303,0.0
8869,0.016668489387648033,0.06450504567846445,0.0
8870,0.04243266296297449,0.14473122059633947,0.0
8871,-0.0019248462120049492,-0.0077266232378123195,0.0
8872,-0.025941481198705735,-0.10953423941025996,0.0
8873,0.031702035067780965,0.10863187016511307,0.0
8874,0.02843660705901291,0.09281273260650638,0.0
8875,-0.06880375928565552,-0.3128337159208831,0.0
8876,0.001543430820425129,0.006359933218990612,0.0
8877,-0.03502829639779703,-0.14863925773597567,0.0
8878,-0.0011216099910271171,-0.004443864021388578,0.0
8879,0.05812014887272565,0.18735551580202742,0.0
8880,0.022723369864738163,0.08097375891624967,0.0
8881,-0.05193123113428777,-0.23828897801432178,0.0
8882,-0.00647046436200685,-0.02617352725319497,0.0
8883,-0.032196337659649826,-0.13625522054226497,0.0
8884,-0.018042862584541797,-0.07306812593327774,0.0
8885,0.02793215001124763,0.10550048551545557,0.0
8886,0.003006888461630497,0.010906118891366447,0.0
8887,-0.02167719412680874,-0.08626436933834822,0.0
8888,-0.02888564724157469,-0.11859438953481893,0.0
8889,-0.0393551337875408,-0.16808641833474136,0.0
8890,-0.012282943299634308,-0.04832657429331687,0.0
8891,-0.028077001550375513,-0.11205506024158876,0.0
8892,-0.033950188036613926,-0.15349819059107359,0.0
8893,-0.03065355822880389,-0.13259719249164595,0.0
8894,-0.025069367020135735,-0.1026801903238123,0.0
8895,-0.03917007582858256,-0.1563146549985442,0.0
8896,0.011396236375456475,0.044147225866496324,0.0
8897,-0.004967408728668021,-0.01880230551304191,0.0
8898,-0.023922323949140595,-0.09664157165943528,0.0
8899,0.06425455676136876,0.21218340447770453,0.0
8900,0.02345101111282344,0.08347141752469336,0.0
8901,0.05229210974134302,0.17084586928799073,0.0
8902,-0.03448662928320759,-0.1410667359727396,0.0
8903,0.0369291166404776,0.12955133351172954,0.0
8904,0.003915697922374228,0.015193629726447465,0.0
8905,0.011526610903438317,0.04123798363390798,0.0
8906,0.02099554365876405,0.07080763622168694,0.0
8907,-0.000590784332719807,-0.002294456985201869,0.0
8908,-0.03154742231067292,-0.1258969057409685,0.0
8909,0.06342095517007779,0.21155895466734367,0.0
8910,0.0030105878275070996,0.01236333310046114,0.0
8911,0.03422570789418372,0.11913319432250517,0.0
8912,0.02388944439743909,0.08875517795192057,0.0
8913,-0.02547921424364233,-0.10708655261820689,0.0
8914,-0.039966117655950484,-0.1785698402684028,0.0
8915,0.010781379452986517,0.03789565529276255,0.0
8916,0.0034614109265124204,0.012904714316637462,0.0
8917,0.005295255670300425,0.01991111973764549,0.0
8918,-0.027917226688306762,-0.12194327642661876,0.0
8919,0.021544731944545925,0.07988197924791889,0.0
8920,0.06982249728712786,0.22762277635639216,0.0
8921,0.019258833363351324,0.06820486400732718,0.0
8922,0.006476952928121338,0.023416131460355614,0.0
8923,0.07882865141305934,0.23907799886978148,0.0
8924,-0.03757483436850048,-0.16159007237548564,0.0
8925,-0.04656367107189993,-0.20975011464498042,0.0
8926,0.023302899224442064,0.08190211855299186,0.0
8927,-0.018150794405197124,-0.07704260758995772,0.0
8928,0.04548673464855224,0.15475838365432976,0.0
8929,0.007776413882577993,0.03037017001892628,0.0
8930,-0.008137408366076876,-0.03279210689595461,0.0
8931,-0.028424462667883788,-0.11705587191750233,0.0
8932,0.010682966746205447,0.03917877383198184,0.0
8933,-0.03102334456379005,-0.12526822680668834,0.0
8934,-0.009248022819879242,-0.03649547907558551,0.0
8935,0.003460733139900918,0.012872524280509834,0.0
8936,0.005670108830799159,0.021768230314537975,0.0
8937,0.0396772176072247,0.13506872716344243,0.0
8938,0.001519196070070561,0.005949873552069961,0.0
8939,-0.03777916810975676,-0.1670742854319523,0.0
8940,0.010196710380084462,0.0373879380603097,0.0
8941,-0.0042724844501338954,-0.016116276378226154,0.0
8942,-0.013466789857304179,-0.058237513873473916,0.0
8943,0.08294806580165512,0.25725330250099926,0.0
8944,0.016049041763690458,0.06281998110642606,0.0
8945,-0.03611632992849431,-0.14968643789957797,0.0
8946,-0.025463338277134567,-0.10874045949118757,0.0
8947,-0.029166272725706266,-0.12037590086911587,0.0
8948,0.038563718964728905,0.13543410432069466,0.0
8949,-0.016127484582111995,-0.061191156740360415,0.0
8950,0.07503305276532521,0.23843496134108963,0.0
8951,-0.006230550813494329,-0.02512096929219922,0.0
8952,0.07021998087122858,0.22342721186300002,0.0
8953,-0.01817738376396283,-0.07373602260958098,0.0
8954,-0.03778241689194897,-0.1631472073984881,0.0
8955,-0.03322831879262675,-0.13369881462186933,0.0
8956,-0.048485994932928766,-0.21162496284635451,0.0
8957,0.04783316112635244,0.15335292952984367,0.0
8958,0.016824946571591892,0.061481467758306055,0.0
8959,0.011763253915720279,0.04578829587772275,0.0
8960,0.03730377139784591,0.1287607067366824,0.0
8961,-0.03148572334908356,-0.12471327343122211,0.0
8962,0.0038282417268016844,0.014957769221214829,0.0
8963,0.016284855733195047,0.05955095877953074,0.0
8964,-0.0012113751975954545,-0.00450463176056516,0.0
8965,0.06012679023560566,0.1941594268024766,0.0
8966,0.0024893157423277468,0.009261354811511077,0.0
8967,0.02183762637105574,0.08014289546885811,0.0
8968,0.013465697065183746,0.049291191433382064,0.0
8969,-0.024291936190019375,-0.10777543721244744,0.0
8970,-0.009006960988576812,-0.03663541410383255,0.0
8971,0.05075568059647162,0.1641234880520101,0.0
8972,-0.009121380449602867,-0.03485857821994375,0.0
8973,0.025901724236770562,0.0893974870993241,0.0
8974,-0.022587994540559042,-0.08956948412503436,0.0
8975,0.016053841645658595,0.05678746970180727,0.0
8976,0.014390904515658332,0.0532990547932873,0.0
8977,-0.021175807855789403,-0.08834526225830566,0.0
8978,0.018007244381790716,0.07072286348757995,0.0
8979,0.008120375987251738,0.02996455483078639,0.0
8980,-0.002870788068535246,-0.011804407129429453,0.0
8981,0.0059759431317160105,0.022712714736787,0.0
8982,0.04287001411215255,0.1504581437469337,0.0
8983,-0.05765058625245445,-0.2550039545374656,0.0
8984,-0.024679379428879628,-0.10755372768691385,0.0
8985,-0.03887631923846313,-0.17474304317494768,0.0
8986,0.025526591422287526,0.09090226177839472,0.0
8987,-0.04889990740669231,-0.22876766333693854,0.0
8988,-0.01150286787838073,-0.0454181231118245,0.0
8989,-0.019472738166566805,-0.07437070938215101,0.0
8990,-0.04789523949456359,-0.20246894409937874,0.0
8991,0.028806457304163702,0.09905059451589412,0.0
8992,-0.05504000725494568,-0.24708857871341605,0.0
8993,-0.03164047355535432,-0.13232540055677922,0.0
8994,-0.07030706392280792,-0.33539927215634596,0.0
8995,-0.0017685381689425683,-0.006888741416123068,0.0
8996,-0.013085857622884667,-0.05343913627335915,0.0
8997,-0.00992429197138156,-0.03937178126351373,0.0
8998,0.0366308991459621,0.12853349982459847,0.0
8999,0.016102891997395175,0.056971515216452655,0.0
9000,0.02391614318402674,0.08248323286015068,0.0
9001,-0.040007980254345016,-0.17520914191386708,0.0
9002,-0.0052975205308869455,-0.02052021003785558,0.0
9003,0.024967413538842076,0.08840393205813182,0.0
9004,0.06337413136803219,0.21506613795866295,0.0
9005,-0.014831136230825909,-0.06300328628604113,0.0
9006,0.023668031049729088,0.08359785504615955,0.0
9007,0.013514584017395637,0.0489619272818778,0.0
9008,-0.013346685690940302,-0.05368161140111919,0.0
9009,-0.052968265520172725,-0.23685937756385722,0.0
9010,-0.004844115156157902,-0.018248673282288862,0.0
9011,0.02201474317062241,0.07995698029244297,0.0
9012,0.008160355841421663,0.03153666529386733,0.0
9013,-0.02666484980465955,-0.11271357727602369,0.0
9014,0.013893083660525551,0.048472075869336245,0.0
9015,0.0033462556837859925,0.011887072808320966,0.0
9016,0.02896423823302685,0.10105571051921751,0.0
9017,0.022230241607825107,0.08050042036773031,0.0
9018,-0.014853215866071356,-0.06272408993124401,0.0
9019,0.03127745127877249,0.11194220993790921,0.0
9020,-0.025642741798402147,-0.10330187669855116,0.0
9021,-0.007405919879562739,-0.027787011388119398,0.0
9022,-0.008066705250272699,-0.029929309820614047,0.0
9023,-0.043849117169528606,-0.19086263016039,0.0
9024,0.0448505561753077,0.14314288508209697,0.0
9025,-0.05329387168716784,-0.24052181723381919,0.0
9026,0.05670229362665746,0.1809719910359786,0.0
9027,-0.01055123544691644,-0.04162014454001827,0.0
9028,-0.025862569198079916,-0.12257854819366963,0.0
9029,-0.014816493250351948,-0.06279632262772622,0.0
9030,-0.030349433789127078,-0.13704790009998769,0.0
9031,-0.017689527236523173,-0.0678270554249885,0.0
9032,0.043987960281563654,0.15206182821471573,0.0
9033,0.01679354805898603,0.06083204782931028,0.0
9034,-0.007044676665689198,-0.027090570106843702,0.0
9035,-0.04745031406534375,-0.2048450275126682,0.0
9036,-0.015402666681517518,-0.060228148888143304,0.0
9037,0.045017616046212405,0.15521143616363653,0.0
9038,0.04306483259580865,0.14772239088097153,0.0
9039,-0.02861884870923989,-0.11460697575056526,0.0
9040,-0.01808803699057518,-0.07352191322875708,0.0
9041,-0.013587934350915959,-0.058904486429391174,0.0
9042,0.04916410508107977,0.15290707535450832,0.0
9043,-0.01090104573900158,-0.04493900488323101,0.0
9044,-0.02067308537764881,-0.08645570760640339,0.0
9045,-0.04871436428000081,-0.22255901919114363,0.0
9046,0.03699455471130264,0.12772487085452905,0.0
9047,0.0356919910455793,0.12762234956100227,0.0
9048,-0.055796681979973645,-0.2706967739622484,0.0
9049,-0.034455023288004344,-0.14148552116137952,0.0
9050,-0.03316009953912938,-0.1422050012002054,0.0
9051,0.04914700428765886,0.16572349303686013,0.0
9052,-0.0013999823822442026,-0.005394191589909924,0.0
9053,0.010538930010306397,0.04095839781520261,0.0
9054,-0.011032803778910527,-0.043931586579232386,0.0
9055,-0.01119637839673751,-0.049261186699270564,0.0
9056,-0.01831772585153904,-0.07859883911072221,0.0
9057,0.02784341056597095,0.09321860210913335,0.0
9058,-0.02149886096575357,-0.08755808088514408,0.0
9059,0.06506765067650674,0.21689216892168917,0.0
9060,0.032636033535469844,0.11055667733414604,0.0
9061,0.007882251140159113,0.02906082491068764,0.0
9062,0.009087224826456353,0.037254268568977886,0.0
9063,-0.028461028058780147,-0.13196623622356837,0.0
9064,-0.000613640875701621,-0.0025376921928645852,0.0
9065,-0.03155403523396655,-0.1357381288410657,0.0
9066,0.04907204806212995,0.16353969736408183,0.0
9067,0.05633056877378176,0.18806103697581347,0.0
9068,-0.0369160557104789,-0.15819196475685915,0.0
9069,0.035066781720460405,0.11977451393549661,0.0
9070,-0.0017314262448885898,-0.006628490105719797,0.0
9071,-0.04005246376380395,-0.1736581275598507,0.0
9072,0.0005979558254339823,0.002429195540825553,0.0
9073,0.003117505995203884,0.011336385437105032,0.0
9074,0.005901361097559232,0.022484252918914528,0.0
9075,-0.009893200533276414,-0.039536205830269865,0.0
9076,-0.051848926269245144,-0.22861547840619603,0.0
9077,0.008058471560890845,0.0300712006687586,0.0
9078,-0.04510850059958005,-0.19431797257009387,0.0
9079,-0.0024538910432421734,-0.0096887844979447,0.0
9080,0.043454030407027694,0.1505119558085239,0.0
9081,0.016494579846235286,0.06469454312332377,0.0
9082,-0.02168656354147358,-0.08525150270684416,0.0
9083,0.04364342057347037,0.14259511904848296,0.0
9084,-0.010441472049263822,-0.03946641794800393,0.0
9085,0.02845908648772144,0.10225665306352441,0.0
9086,-0.04259043766628556,-0.18874457445084142,0.0
9087,-0.027638063634551763,-0.11461075660104779,0.0
9088,-0.0311917428551175,-0.12629562159539992,0.0
9089,-0.031092641029021012,-0.13858661199397618,0.0
9090,-0.015846662588084065,-0.06646196064446135,0.0
9091,-0.03721352915704007,-0.1561272644130494,0.0
9092,-0.008853002667435633,-0.036170839469808445,0.0
9093,0.02398428434307981,0.08320566773147854,0.0
9094,-0.042235832583541216,-0.1892479404208075,0.0
9095,-1.588029434124172e-05,-6.115179404070416e-05,0.0
9096,-0.018922252282229712,-0.07886216117624714,0.0
9097,0.04065802309559785,0.13679295860808433,0.0
9098,-0.03865980258300794,-0.16426823179322705,0.0
9099,-0.017093666811523245,-0.07677033216984794,0.0
9100,-0.023949650702209974,-0.10082321545616284,0.0
9101,-0.04500425423337756,-0.20581067860184232,0.0
9102,0.014073011172841932,0.05104161054482604,0.0
9103,0.005118251001412777,0.018808166317279478,0.0
9104,-0.015991845076123834,-0.059543730513953945,0.0
9105,0.02217592266740065,0.0844518203074259,0.0
9106,0.02290756289248516,0.08538511987645672,0.0
9107,0.024786449056740933,0.08980403518937995,0.0
9108,-0.016223132649226535,-0.06395951005722057,0.0
9109,0.02247571996795461,0.08168594999106084,0.0
9110,-0.020083347035816046,-0.0769294310185496,0.0
9111,0.07544554834510611,0.24675682444277475,0.0
9112,-0.008671714322115609,-0.03460397351955333,0.0
9113,-0.014672978000576403,-0.0617638408940519,0.0
9114,-0.021962676809373305,-0.09036806668464946,0.0
9115,0.03634557403769911,0.13042823158523048,0.0
9116,-0.018042264752791082,-0.0744243421052632,0.0
9117,-0.01446346695319864,-0.060742972253818105,0.0
9118,-0.008045589048395502,-0.032211471714866914,0.0
9119,0.009104543325284847,0.035768609391382225,0.0
9120,-0.04514452435514554,-0.19575647890958045,0.0
9121,-0.020814726685130902,-0.0949218501110125,0.0
9122,0.004529162889007371,0.017885077234712818,0.0
9123,-0.04584931073637441,-0.1939209681145166,0.0
9124,-0.04361082872662567,-0.1878158468689849,0.0
9125,-0.016615949113022277,-0.0678619677798922,0.0
9126,0.0041971605538676515,0.016452668790011667,0.0
9127,0.021580353081020798,0.08053395399780944,0.0
9128,0.010727028210012313,0.04025073539711438,0.0
9129,-0.051252819026977814,-0.23538827328578063,0.0
9130,0.009896733008591063,0.0363506119768674,0.0
9131,-0.0553187083157925,-0.24868754349863914,0.0
9132,0.010007062056760219,0.038031374165827955,0.0
9133,0.05757058627010142,0.17666698992809748,0.0
9134,0.033432089968116474,0.12159456406166924,0.0
9135,0.005019691744428512,0.018092834287568558,0.0
9136,-0.02300774734397565,-0.09658227920244146,0.0
9137,-0.039507437734464385,-0.17357528408149392,0.0
9138,0.006769364446772119,0.026279256083614214,0.0
9139,-0.012805087988982333,-0.04964753697698133,0.0
9140,0.04080905408146368,0.13625363847322372,0.0
9141,-0.03968241697074648,-0.17319566757769,0.0
9142,0.04192960512538979,0.14476653867573344,0.0
9143,-0.03572002806443125,-0.15107958145932826,0.0
9144,-0.03686698431562585,-0.1460806961194981,0.0
9145,0.05619796904855093,0.18839809439973867,0.0
9146,0.040377544404034155,0.14171131732360057,0.0
9147,-0.017376239415213157,-0.06801152941843013,0.0
9148,-0.036483083210751,-0.15064401065102753,0.0
9149,0.009796770096171303,0.0367241437948509,0.0
9150,0.014432141834681833,0.059058802634095735,0.0
9151,-0.04961853402339436,-0.21280018123292177,0.0
9152,0.038092160148151866,0.12934073327338486,0.0
9153,-0.0017978430005021473,-0.007193522531913496,0.0
9154,0.0042860124468731,0.016590041128084595,0.0
9155,-0.008440495674538223,-0.036575481256332296,0.0
9156,0.04493274133553332,0.15169366536244072,0.0
9157,-0.015261224092904369,-0.06006369252637908,0.0
9158,-0.004410746988712189,-0.01727032067455247,0.0
9159,-0.026447322443554994,-0.1099939005025036,0.0
9160,-0.020339298830612973,-0.08592417898625825,0.0
9161,0.010732639468655464,0.041581311769990886,0.0
9162,-0.02525069321959253,-0.10300489884962775,0.0
9163,-0.010710465574508776,-0.044098898976240926,0.0
9164,0.07055793595143667,0.22251273755943654,0.0
9165,0.02818758071938604,0.10411628914367817,0.0
9166,-0.0073409568505928835,-0.029302798069884416,0.0
9167,-0.03959749229557838,-0.181827403811318,0.0
9168,0.019196152989430837,0.07120941946079297,0.0
9169,-0.010771321780496113,-0.041546526867627866,0.0
9170,0.017066571972770783,0.0636311620939329,0.0
9171,0.020126921315046453,0.07170879885635346,0.0
9172,0.041642974130180144,0.135709590820181,0.0
9173,0.00218271120844421,0.0084748159124072,0.0
9174,0.007925168022205442,0.030611647845585687,0.0
9175,-0.004125616872591054,-0.0156946543964303,0.0
9176,-0.0310573959577376,-0.129781093358396,0.0
9177,-0.04372474057695955,-0.2001180383148429,0.0
9178,-0.04660683955687378,-0.20960780481448907,0.0
9179,-0.01828977039009269,-0.07763591342707242,0.0
9180,-0.010640102684301544,-0.041900165701903455,0.0
9181,0.022695547665777194,0.08155514833341576,0.0
9182,0.06271968757346563,0.2015297891135044,0.0
9183,0.008665177421077863,0.03141608213886341,0.0
9184,0.014401696848335893,0.055967157587840544,0.0
9185,-0.0016566810011728328,-0.006270366992997403,0.0
9186,-0.046778742873622825,-0.21390755835200279,0.0
9187,-0.012618764243484765,-0.05644793871585518,0.0
9188,-0.0032859276866040177,-0.012715273463015321,0.0
9189,0.0035156854178015062,0.01426302920409896,0.0
9190,-0.05501488384741701,-0.25598909816518217,0.0
9191,0.012256989634388371,0.04684481602991504,0.0
9192,-0.021018739683464377,-0.08746343434343419,0.0
9193,0.011609871017668416,0.04154775623814671,0.0
9194,0.024384098737480098,0.0883401062832136,0.0
9195,0.0070836198015899465,0.02626027009318704,0.0
9196,-0.013222484070873702,-0.053515852689216645,0.0
9197,-0.02526539613366388,-0.11439983222756053,0.0
9198,-0.039244695844041555,-0.16844352598229073,0.0
9199,0.0033697483921200644,0.01231152168459614,0.0
9200,-0.0035204608233179724,-0.0147832549040091,0.0
9201,0.026349087862005627,0.0876871885265116,0.0
9202,-0.04556898417364724,-0.19683578285738845,0.0
9203,-0.023986376374630913,-0.10609235280024168,0.0
9204,0.02728004390112282,0.09736922975831513,0.0
9205,-0.014543605251000236,-0.05508181528970779,0.0
9206,-0.02363290143643665,-0.1036116152450091,0.0
9207,-0.05537188404172147,-0.2413171204147886,0.0
9208,-0.020962907613966603,-0.08823802961596648,0.0
9209,0.018249195010918262,0.06607812918788535,0.0
9210,-0.07070943333504309,-0.3318900889260007,0.0
9211,0.005802556685101656,0.021198506112852424,0.0
9212,-0.027426955079273785,-0.11090029662488965,0.0
9213,0.009166899417935637,0.034854933945032106,0.0
9214,0.02978876706356276,0.11013121877215827,0.0
9215,0.02607544728733635,0.09607664805870911,0.0
9216,-0.05518560729404104,-0.2490082280340876,0.0
9217,0.017846233392861705,0.06757110436786198,0.0
9218,0.02296957076365158,0.08278978262271823,0.0
9219,-0.021355536079462445,-0.0925316455696202,0.0
9220,-0.043616263493855556,-0.20541662223496968,0.0
9221,-0.04184231584033074,-0.17043935044073186,0.0
9222,-0.05023728331912472,-0.2280464129306062,0.0
9223,-0.008587202110471565,-0.03471037484653769,0.0
9224,0.007225133001016459,0.02728236111917973,0.0
9225,0.01339423516965249,0.04970045595045603,0.0
9226,-0.03246291837093726,-0.14247152921874257,0.0
9227,0.04836974376898115,0.1630202033720264,0.0
9228,-0.06291314862743436,-0.2939730372720064,0.0
9229,0.016961283183098086,0.059572660571585695,0.0
9230,-0.010802436022845585,-0.042937413771478666,0.0
9231,0.03103513923299417,0.10490202036031955,0.0
9232,-0.0474520186715153,-0.20373735178695668,0.0
9233,0.013157531930579225,0.044175542540855095,0.0
9234,0.0783017979635498,0.2442252176482622,0.0
9235,0.0010510098671321355,0.004019272893713075,0.0
9236,-0.02579576309559964,-0.11163283881049979,0.0
9237,-0.037309865370759365,-0.17213647475166788,0.0
9238,0.05204798786513756,0.17900101646740432,0.0
9239,0.0018459089716742483,0.007114484980379393,0.0
9240,0.025739277961467466,0.09633598355065941,0.0
9241,0.016925042794801948,0.0626226583407672,0.0
9242,-0.006717357456603901,-0.02675046836024198,0.0
9243,0.048225384707821145,0.16174882337913155,0.0
9244,-0.006008087596780842,-0.024332397567937633,0.0
9245,-0.006196457527665178,-0.024610458671198487,0.0
9246,0.009695305486613515,0.03699524461997262,0.0
9247,0.004888731246032507,0.017682872537618678,0.0
9248,-0.006661510018233785,-0.028947441147073698,0.0
9249,-0.02934363172581811,-0.12052480823451225,0.0
9250,-0.038805477643953146,-0.17454545454545456,0.0
9251,0.05274183074746633,0.17474834793299526,0.0
9252,0.022447521518728974,0.08678838261601608,0.0
9253,-0.02123468217932653,-0.08549355414241916,0.0
9254,0.06330745635486734,0.20642339977778754,0.0
9255,-0.01705227743567178,-0.0677535901363916,0.0
9256,0.011180240052775237,0.04012018824584382,0.0
9257,0.07483183741898553,0.2399499134630514,0.0
9258,0.0538581176701369,0.17896952145045492,0.0
9259,0.0010414227120677522,0.004066276805908313,0.0
9260,-0.010455234089711496,-0.04135297535129706,0.0
9261,-0.03320656356058485,-0.14396516480380142,0.0
9262,0.01984541819647051,0.07537699198390369,0.0
9263,0.07069012670294939,0.23093098114093757,0.0
9264,0.043997110683298146,0.14153184782245862,0.0
9265,-0.0008641511179457995,-0.0033057672834030188,0.0
9266,0.05839216401385888,0.19185996747410775,0.0
9267,0.029715019105145568,0.10666093575612075,0.0
9268,0.014695340958834069,0.05342436178977011,0.0
9269,0.05483564488582732,0.18083163213598,0.0
9270,-0.010281677804986455,-0.04093317375538137,0.0
9271,-0.011638077945904074,-0.04727707831437918,0.0
9272,0.01114618870614592,0.044124168514412365,0.0
9273,0.08806408638992472,0.26299990210066493,0.0
9274,0.012006072774777998,0.04325872273894792,0.0
9275,0.0076391565060300315,0.0302225257986791,0.0
9276,0.03172965833384994,0.11062233391916512,0.0
9277,0.02969509168279927,0.10373915724838788,0.0
9278,-0.010904726258908343,-0.04389184812435456,0.0
9279,-0.0019038231642834469,-0.0074017797788963925,0.0
9280,-0.003548619981118495,-0.013941007068679803,0.0
9281,0.058593176439897865,0.20229799279464739,0.0
9282,-0.029041624376887676,-0.11255662034536197,0.0
9283,-0.05444678545570203,-0.2663011051391992,0.0
9284,-0.0616834386948735,-0.2635634337320459,0.0
9285,0.03746264758977408,0.12222428921340651,0.0
9286,-0.018290096778698833,-0.07388846093107647,0.0
9287,-0.02454336237038665,-0.10553337872436017,0.0
9288,-0.018598727971036066,-0.081771520507247,0.0
9289,-0.0045646457985689115,-0.017529687319305976,0.0
9290,-0.027650471689626394,-0.11965306812032166,0.0
9291,-0.017625675817863895,-0.0704191692628401,0.0
9292,0.02387482230873539,0.0885860410243313,0.0
9293,-0.01951996961148758,-0.07951149437787548,0.0
9294,-0.031178755703517053,-0.13148460376706508,0.0
9295,-0.010378953591486884,-0.040923076923077076,0.0
9296,0.03258530587150321,0.11373390557939908,0.0
9297,0.05931409295352322,0.19518963922294166,0.0
9298,0.04632775979863357,0.15538503286498215,0.0
9299,0.015318138648724167,0.052936714058683616,0.0
9300,-0.0027036048549197167,-0.011006570886923785,0.0
9301,-0.013365743560651067,-0.05747444904652182,0.0
9302,-0.006145730300032959,-0.024423480083857394,0.0
9303,-0.028897137829891256,-0.11841957318581482,0.0
9304,-0.007284065416390539,-0.0292959610291371,0.0
9305,-0.0051875737814892076,-0.02080053797129813,0.0
9306,-0.01162529666261447,-0.04622956756955567,0.0
9307,-0.0023274368806088797,-0.008695385760960447,0.0
9308,0.011873543064274017,0.043664424549980894,0.0
9309,0.005103750729271217,0.020239637074491425,0.0
9310,0.020378703602501547,0.07281930630828234,0.0
9311,0.07580902181191126,0.23824604141291109,0.0
9312,-0.04218889356414407,-0.18072667280540217,0.0
9313,-0.0037722568827811553,-0.014421526895289073,0.0
9314,0.007891602632069561,0.029335788613132456,0.0
9315,-0.013295360518859656,-0.05587460484720763,0.0
9316,-0.03844258363434511,-0.1769762227025718,0.0
9317,-0.04738213420813078,-0.21529450785289228,0.0
9318,0.006189848858971336,0.02341132116899421,0.0
9319,0.03001862691552537,0.1069696017183345,0.0
9320,-0.05163579119248346,-0.22656652020741808,0.0
9321,0.028978521849113592,0.09773909274546551,0.0
9322,-0.028491746027183795,-0.12180940915157112,0.0
9323,0.008281825075366678,0.031313898422661815,0.0
9324,-0.016449815346378682,-0.06465558940314772,0.0
9325,0.0052923203571484945,0.02059812400773065,0.0
9326,-0.0013461837478453975,-0.005340731406403593,0.0
9327,0.014531016317328505,0.054742423223115455,0.0
9328,0.020074992447443096,0.06993180153317584,0.0
9329,0.005505946670905787,0.02280836672626168,0.0
9330,-0.0336497887349998,-0.13424577326133527,0.0
9331,0.012897071505357294,0.04707289993640255,0.0
9332,-0.005276202470586355,-0.02269386173463414,0.0
9333,0.005730282243852192,0.02136715412961834,0.0
9334,-0.014034948015073156,-0.05588048586139983,0.0
9335,0.04684564325815338,0.15773157672635793,0.0
9336,-0.00792718828223421,-0.029182408214666253,0.0
9337,-0.004363606374067686,-0.01716077075799228,0.0
9338,0.018722474958275448,0.06817925993232667,0.0
9339,0.013566126314010274,0.04780106287606761,0.0
9340,0.01343470256355056,0.04856933815422523,0.0
9341,-0.004425342153419776,-0.01755473005711608,0.0
9342,0.014280167954410672,0.0546139605685672,0.0
9343,0.005043894386687453,0.018910386647079048,0.0
9344,-0.044576716114291676,-0.20174911571073154,0.0
9345,-0.02451487791115553,-0.10947828372429193,0.0
9346,-0.025873841204095444,-0.10694313957467061,0.0
9347,-0.00383050305190491,-0.014802472713223342,0.0
9348,0.022230666920007608,0.08175148480260862,0.0
9349,0.007542492274860091,0.028535060159414826,0.0
9350,0.042581440341749544,0.14112579343233328,0.0
9351,-0.03996303622966668,-0.18174171250865656,0.0
9352,-0.044478709592035565,-0.2021398498423759,0.0
9353,0.009241080338452834,0.03496908809891811,0.0
9354,-0.027512972646841105,-0.1088832570404719,0.0
9355,-0.004732424100261368,-0.01950298293100587,0.0
9356,-0.016038926680476823,-0.06596779699590348,0.0
9357,-0.06614624560557059,-0.32433894378865913,0.0
9358,-0.026015577740153867,-0.10588465819362142,0.0
9359,-0.010156208962090685,-0.03895705521472383,0.0
9360,-7.659657791825314e-05,-0.0003028667591205414,0.0
9361,0.011349724603940736,0.04334964258449586,0.0
9362,0.007626428775620392,0.030774120969584713,0.0
9363,0.009584870808328871,0.036238689631489976,0.0
9364,0.006981516435457136,0.025906493815212015,0.0
9365,0.017188220101273854,0.06362001376158,0.0
9366,0.0032265105968092844,0.012525321828138068,0.0
9367,0.01794037796443132,0.0658146457471574,0.0
9368,-0.03584903095110231,-0.14681031722832377,0.0
9369,-0.035049291576217945,-0.15369496793884532,0.0
9370,-0.02073517635864147,-0.08781190892585478,0.0
9371,0.0363049099598689,0.12567373914531382,0.0
9372,0.03366306361396376,0.11312714942792726,0.0
9373,0.03780900310202917,0.13164627306100987,0.0
9374,0.04114560473569889,0.13617135785869705,0.0
9375,0.08163174221914593,0.25835010678200054,0.0
9376,0.0057275861886137425,0.020815188767710983,0.0
9377,0.07011625960783305,0.23038199585430857,0.0
9378,0.024893194114542105,0.08751594757596849,0.0
9379,0.04703143516075217,0.1586692102002218,0.0
9380,-0.017074168937140866,-0.0681585032831762,0.0
9381,-0.03005675714090969,-0.122848466163742,0.0
9382,-0.037435300817353995,-0.1575743805693976,0.0
9383,0.039022147876898616,0.12984539081765542,0.0
9384,-0.004819878878691397,-0.018881999730955987,0.0
9385,-0.03402802770466665,-0.15296753865639762,0.0
9386,0.009721559620552989,0.036768562402339805,0.0
9387,0.008468031995613967,0.02953901799321085,0.0
9388,-0.02839387319576525,-0.11026681314788267,0.0
9389,-0.008576396425625632,-0.03312571151215634,0.0
9390,-0.0013441270941800254,-0.005249299085024614,0.0
9391,0.00738402692287371,0.02795619202106015,0.0
9392,0.05663714614385007,0.17863751036650385,0.0
9393,0.003233578798169101,0.012560022658759457,0.0
9394,-0.020468566224945,-0.08317346730687232,0.0
9395,-0.014519135870161182,-0.06026811115915962,0.0
9396,-0.004439485055680759,-0.01802974543021369,0.0
9397,-0.04870353014682913,-0.2036311389759666,0.0
9398,0.048536293463998736,0.1614434158483362,0.0
9399,0.011356750266442228,0.03938096135557665,0.0
9400,0.02753215317077712,0.0974755380344109,0.0
9401,-0.020525873490055774,-0.08623339862629456,0.0
9402,0.040668817909280564,0.13646459897209737,0.0
9403,-0.05506833655496601,-0.24375318754227593,0.0
9404,-0.02169260095725506,-0.0873984164019685,0.0
9405,-0.006583907514701892,-0.02529286089173918,0.0
9406,-0.02595920539237298,-0.11755510084188414,0.0
9407,0.0324608296509763,0.12010877105748927,0.0
9408,0.09072789200766451,0.26865863304027204,0.0
9409,0.05891289203412858,0.18781781699238606,0.0
9410,0.0191698797542805,0.07344446519313852,0.0
9411,-0.03507828381649622,-0.16185324853791824,0.0
9412,-0.03480129795810405,-0.15165991991302966,0.0
9413,-0.02216745373395196,-0.08825547000620125,0.0
9414,0.005084191759745005,0.019913581089458454,0.0
9415,-0.030481993363075666,-0.13464819460127062,0.0
9416,-0.006443448610871982,-0.025736245209158837,0.0
9417,-0.004278449417478708,-0.01735237291624264,0.0
9418,-0.016033866663302976,-0.06367790089825438,0.0
9419,0.0386200016350734,0.1270229871222546,0.0
9420,-0.012194896449704118,-0.04668035107587759,0.0
9421,-0.01217161130676131,-0.048516608790206715,0.0
9422,0.046053623041713065,0.14550406492509738,0.0
9423,0.02074319972682201,0.08024216984394196,0.0
9424,0.01585329579858713,0.05919968264987354,0.0
9425,0.00391890589808136,0.01499726327312539,0.0
9426,-0.03886114434676052,-0.1730343585124179,0.0
9427,0.00814604059508045,0.029329382767555284,0.0
9428,0.026327923162393796,0.09277859184702988,0.0
9429,0.009841987704776345,0.03645220776559785,0.0
9430,-0.006632384827642002,-0.02605958747135223,0.0
9431,0.02256372556209027,0.08615718258865668,0.0
9432,-0.026001544406877408,-0.10967521106092139,0.0
9433,-0.00859842938905897,-0.032553920580528146,0.0
9434,0.06765034135730669,0.21509166359765805,0.0
9435,0.011315353690639629,0.04198656077865849,0.0
9436,0.03616024810246815,0.12251536870348435,0.0
9437,-0.04298150274792878,-0.21005186280159335,0.0
9438,0.017943169613347132,0.06679752687877864,0.0
9439,-0.04632469592808039,-0.20515222482435602,0.0
9440,-0.027621798045667334,-0.10608643113810538,0.0
9441,0.0003835832323577648,0.0014836709930819204,0.0
9442,0.01476815398075243,0.05447269910933273,0.0
9443,0.0006196570387981271,0.0023828049017701174,0.0
9444,0.004448621553884702,0.016682330827067632,0.0
9445,-0.03150380481206594,-0.14147771662321476,0.0
9446,-0.04652531475052457,-0.19681129432833291,0.0
9447,-0.03460144581382757,-0.15300943529080405,0.0
9448,0.004603483108976791,0.01843083629065249,0.0
9449,-0.00522272171965793,-0.020872234301061516,0.0
9450,-0.043559780396230846,-0.1868471077120312,0.0
9451,-0.03153027103459283,-0.1352762592219097,0.0
9452,-0.013543249249193423,-0.05177651983044377,0.0
9453,-0.005762152815617205,-0.02145836354545668,0.0
9454,0.03950085862387934,0.14255035134156016,0.0
9455,-0.02574720129708788,-0.10856628456253176,0.0
9456,-0.046526821872444,-0.20710400710400714,0.0
9457,-0.015420215730514275,-0.06590743018736703,0.0
9458,0.007914167712074593,0.02958737011624217,0.0
9459,0.02337938295921793,0.0844183894062169,0.0
9460,0.05058583954080209,0.1639042703662463,0.0
9461,0.009334167343489352,0.03546553444565424,0.0
9462,-0.03710573214774024,-0.16129442144525968,0.0
9463,0.003803531721967124,0.013509372712272236,0.0
9464,0.005681078072637236,0.022002086701291997,0.0
9465,-0.02934173138510085,-0.13343595427210964,0.0
9466,-0.010879419764279225,-0.04368932038834946,0.0
9467,-0.04298043728423473,-0.19478487614080825,0.0
9468,-0.03323479463897888,-0.15423439549617277,0.0
9469,0.03564749462554917,0.12220395062084906,0.0
9470,-0.04489267293298879,-0.19407868969200642,0.0
9471,-0.03825934637239686,-0.16694091084656673,0.0
9472,0.00716541248074154,0.026756210626411425,0.0
9473,0.026206668270698064,0.0904897614660819,0.0
9474,0.043832967964038405,0.14615430351534994,0.0
9475,0.06702708330564308,0.21202311004600294,0.0
9476,-0.030706434152969697,-0.12852618849671227,0.0
9477,0.03462538834580048,0.1194260446910889,0.0
9478,-0.0014356111808841998,-0.005584067689346727,0.0
9479,-0.04151846785225716,-0.18124813377127488,0.0
9480,0.024327727606470395,0.0854341764549116,0.0
9481,-0.03108437761069338,-0.13582437158230565,0.0
9482,0.05837821452258796,0.18799175033761956,0.0
9483,0.008482525339177538,0.032003561703405424,0.0
9484,0.0216562358530632,0.07517907494739379,0.0
9485,-0.027942125305208454,-0.11688275688275682,0.0
9486,-0.03627859178592027,-0.15161671054165196,0.0
9487,0.007091759616386972,0.027904532403609607,0.0
9488,-0.0023776336709641077,-0.008793767727930243,0.0
9489,-0.018270653895512357,-0.07015766309821317,0.0
9490,-0.022540942223413712,-0.09966233604192325,0.0
9491,0.04035442430857905,0.13644052395397932,0.0
9492,-0.014650445021122671,-0.060472421632533795,0.0
9493,-0.0227122716054364,-0.10268877381348278,0.0
9494,-0.01840037320012411,-0.08245741435358843,0.0
9495,-0.016052641957801678,-0.07169202106741454,0.0
9496,-0.031304856792898766,-0.14212322926684315,0.0
9497,-0.03077745937137885,-0.1329774198793926,0.0
9498,-0.003083968999223724,-0.01234696941056117,0.0
9499,0.06377942006160828,0.20635273130596804,0.0
9500,0.010413125234701587,0.04069259791250364,0.0
9501,0.052940028434125486,0.17360659681200985,0.0
9502,0.03230194532198777,0.1123172007202237,0.0
9503,0.017501027254063106,0.06396003840173445,0.0
9504,-0.024125085637817678,-0.09911529938613906,0.0
9505,0.046918297854608465,0.16047271270530955,0.0
9506,0.00861920761941426,0.03260916903521154,0.0
9507,0.10503546351389195,0.3069128346472651,0.0
9508,0.0004075532497015977,0.0015920490528805765,0.0
9509,0.031600606646504215,0.11520398347762113,0.0
9510,0.046272256178195886,0.15854907394106776,0.0
9511,0.035066700398819484,0.12048653046695225,0.0
9512,-0.05109235314430419,-0.22585142469470829,0.0
9513,0.02378697904689764,0.08267707280378014,0.0
9514,0.05922358513157547,0.20682798096937263,0.0
9515,0.027684557782863495,0.10175531260390247,0.0
9516,0.028620847864243515,0.09914547610828997,0.0
9517,-0.04255221902280726,-0.18772053634438957,0.0
9518,-0.009384365576432352,-0.03875095785440601,0.0
9519,0.0030225160138551144,0.011057010070530617,0.0
9520,-0.04359029950753884,-0.1965316285081619,0.0
9521,-0.036992572033306026,-0.16561812066287468,0.0
9522,-0.01678486113662292,-0.06912255237871144,0.0
9523,-0.01315126468642272,-0.05480757637521313,0.0
9524,-0.000663012081593195,-0.0024761320772990003,0.0
9525,-0.04193404671010145,-0.1952554049939099,0.0
9526,-0.037907460528711134,-0.17088602552171642,0.0
9527,0.026257361012617053,0.09425645676411001,0.0
9528,-0.02521839026546213,-0.10524185716434259,0.0
9529,-0.009172249187770792,-0.03697314325628053,0.0
9530,-0.014246281941698774,-0.0614087898856111,0.0
9531,0.007330477275474645,0.0288014018397347,0.0
9532,0.011486605354863622,0.04093590654274189,0.0
9533,0.008409362883538385,0.03244620925293202,0.0
9534,-0.026214603783134754,-0.10875261352061338,0.0
9535,0.028007820082533608,0.09831439757126685,0.0
9536,-0.03405559940220765,-0.14281781819951392,0.0
9537,-0.04176288431762881,-0.17507696302065934,0.0
9538,-0.018172902309554817,-0.07217114425560671,0.0
9539,-0.02735604390771776,-0.1123055022894321,0.0
9540,0.01156751219745239,0.04228525361811191,0.0
9541,0.05501330241778729,0.18027178510331715,0.0
9542,-0.037806490780966984,-0.16191543603745837,0.0
9543,-0.012312534732130453,-0.04888843109267779,0.0
9544,0.0271163775284107,0.10408566766249808,0.0
9545,-0.003452268383082102,-0.013465019605135627,0.0
9546,0.05337355323902593,0.17247969970890142,0.0
9547,0.023612804072011606,0.0847548946159225,0.0
9548,0.013110897344369377,0.048363986596140475,0.0
9549,0.013215024454717589,0.05023509296123633,0.0
9550,-0.00034338246501047776,-0.001361381895477861,0.0
9551,0.03898118343208545,0.1331104832144055,0.0
9552,-0.010183272218556527,-0.04281545376679876,0.0
9553,-0.007653603325971592,-0.03069651393551181,0.0
9554,0.046543974517078424,0.1546699661653337,0.0
9555,-0.001423632296115529,-0.0055270430319779365,0.0
9556,0.040332682032681255,0.13914335947440254,0.0
9557,0.03811245395838142,0.13809961168529788,0.0
9558,-0.033143110468940584,-0.13959910622763333,0.0
9559,-0.009960388685212707,-0.03850497982976628,0.0
9560,0.0498353598713919,0.17623495654960283,0.0
9561,0.042743711584690536,0.14901435892501755,0.0
9562,0.018356985243944524,0.0668486675033909,0.0
9563,0.04521683654888209,0.15455850043160646,0.0
9564,-0.025647734776591102,-0.10379173341163098,0.0
9565,-0.034409487848614306,-0.1457641773070451,0.0
9566,0.03949866189479945,0.13542994210392165,0.0
9567,0.04958809375846518,0.16959128065395093,0.0
9568,-0.0637210486633775,-0.2867037144493793,0.0
9569,0.005167348696153262,0.019328613148182926,0.0
9570,-0.053037903328458286,-0.2400119905486264,0.0
9571,-0.002816385401605226,-0.011094452773613109,0.0
9572,-0.03627461787184008,-0.15789052816760618,0.0
9573,0.0420101996037181,0.1446077496433393,0.0
9574,-0.012175860111820647,-0.04846414608670345,0.0
9575,0.05678832325484984,0.18633668567997602,0.0
9576,0.02674765417553293,0.09261583789885675,0.0
9577,-0.024132063126276027,-0.10376179283766544,0.0
9578,-0.036575847495728786,-0.15330921151816668,0.0
9579,0.02240882603877853,0.07626378244473186,0.0
9580,-0.04178512274338167,-0.1933427640750395,0.0
9581,-0.035729430453364186,-0.15151925136704442,0.0
9582,0.005264771661496304,0.01907194940281741,0.0
9583,0.05649683448899606,0.19712482468443193,0.0
9584,0.008928673527730135,0.03248580225083732,0.0
9585,-0.012897541767039333,-0.04834776829990722,0.0
9586,0.028241560228586426,0.10516434870507867,0.0
9587,0.008925686673158018,0.033264850109662486,0.0
9588,-0.016587363583115577,-0.06576539223446529,0.0
9589,0.023628396472981206,0.08180243117327116,0.0
9590,-0.010955423892091198,-0.04205757830219375,0.0
9591,0.03699857183705196,0.12817075753529716,0.0
9592,0.006266596080803988,0.022723983210305332,0.0
9593,-0.013930225033586707,-0.05510876435496119,0.0
9594,0.021674835574546525,0.07885031546222074,0.0
9595,-0.03618020980310502,-0.149571084729503,0.0
9596,-0.008140432119873503,-0.03617851286827136,0.0
9597,-0.01268128734869911,-0.05043429418037674,0.0
9598,-0.020254164525663476,-0.08149491464399189,0.0
9599,-0.04406408300015277,-0.18411191232295238,0.0
9600,-0.053662815987133405,-0.23632147116881552,0.0
9601,0.0635911154845927,0.20647240308903694,0.0
9602,-0.02684271619268716,-0.12028608582574767,0.0
9603,-0.010421397256777154,-0.04449936628643845,0.0
9604,-0.06452234219408573,-0.2970062611115405,0.0
9605,-0.004127014051469702,-0.016019394518659066,0.0
9606,0.03459584618246472,0.12165897566625027,0.0
9607,-9.784768544224276e-05,-0.00033972881703705826,0.0
9608,-0.017294973544973585,-0.07184065934065952,0.0
9609,0.006021165713676391,0.02232848952154995,0.0
9610,0.08326551678395058,0.2570189830140688,0.0
9611,-0.050758835944491015,-0.22864760044720264,0.0
9612,0.005621894301517633,0.02273639310219033,0.0
9613,-0.02930514854560945,-0.11640561902010334,0.0
9614,0.015829457230549737,0.055182303156712555,0.0
9615,0.03307441039600817,0.1126755143154529,0.0
9616,-0.02605233369851756,-0.10898399373758699,0.0
9617,0.013167665657116051,0.05200674671297937,0.0
9618,-0.057155282899857746,-0.25694328966475,0.0
9619,-0.00871394230769229,-0.03485576923076916,0.0
9620,-0.05101392857522882,-0.22623011039014793,0.0
9621,-0.01583431285882203,-0.0665469094472115,0.0
9622,0.00919405060880274,0.03313063116984691,0.0
9623,0.010791569196506479,0.038389117173559674,0.0
9624,0.014264690038247652,0.05379078992658794,0.0
9625,0.035537169445392425,0.11927897321852633,0.0
9626,-0.0028662340303421963,-0.01122498763029656,0.0
9627,-0.01380403165368932,-0.05434429303662953,0.0
9628,-0.07415548729496038,-0.3506640303317853,0.0
9629,0.0911579282708204,0.27408499697519656,0.0
9630,0.11392803512069946,0.31949836540247345,0.0
9631,0.04399090879676029,0.1530408048734861,0.0
9632,-0.006629002257582284,-0.025361476918570283,0.0
9633,-0.004232195712303044,-0.016618388984398335,0.0
9634,-0.03956337134729457,-0.1746315951319134,0.0
9635,0.05820922265277656,0.19521910363803419,0.0
9636,0.0015780123458637163,0.006545899405793705,0.0
9637,-0.01798003295531647,-0.07605576055760559,0.0
9638,-0.03520765170356699,-0.1519672737292194,0.0
9639,0.05298885314951779,0.1740751760388774,0.0
9640,-0.050621282833218206,-0.2145231193236991,0.0
9641,-0.0037396851428718736,-0.0147568326881869,0.0
9642,0.007931561852177083,0.028545094106706127,0.0
9643,0.010478730467885444,0.04109452304487459,0.0
9644,-0.022139195071908813,-0.09680582736308399,0.0
9645,0.0060228768093936735,0.0216994894237783,0.0
9646,-0.01117680277270064,-0.045396646137279936,0.0
9647,-0.016942092697052685,-0.07222123620295551,0.0
9648,0.0016680021065029749,0.006480942892620951,0.0
9649,0.003715965846901703,0.013658572557354745,0.0
9650,-0.011700584212985726,-0.05113935340022295,0.0
9651,0.0515218838598443,0.166235791444918,0.0
9652,-0.06239716929308883,-0.27999541956898744,0.0
9653,0.006274722041618386,0.022623101100052376,0.0
9654,0.008545617105413461,0.03090443791336886,0.0
9655,0.04975631043402523,0.1566330590391466,0.0
9656,-0.009276240810282832,-0.035917347635662594,0.0
9657,0.003164848035172807,0.011476075065593432,0.0
9658,-0.04565885313538204,-0.21085640408809359,0.0
9659,-0.02349829936036832,-0.09818932232725333,0.0
9660,0.05463092905534156,0.18448575419311605,0.0
9661,0.059986668701680096,0.19375212170010528,0.0
9662,0.013988364512221962,0.04870246996479871,0.0
9663,0.03556116207723242,0.12229479930209856,0.0
9664,-0.035638092289370205,-0.15083415080198218,0.0
9665,0.05974201242859836,0.19591955764711272,0.0
9666,-0.003910269274700673,-0.01565543549271224,0.0
9667,-0.04302124566732593,-0.18216483974594772,0.0
9668,-0.03499813558793044,-0.1517016356849531,0.0
9669,-0.02280010468050228,-0.09851752548725376,0.0
9670,-0.04264402673673451,-0.1938013789471518,0.0
9671,-0.0036057991996943373,-0.013970432419630209,0.0
9672,-0.03861599627213952,-0.16268819971689624,0.0
9673,-0.0040232558939138074,-0.016955512228827168,0.0
9674,0.020515783613519994,0.07648646841106792,0.0
9675,-0.019478632887952374,-0.08749462211386781,0.0
9676,-0.014676206820033205,-0.059176001577565515,0.0
9677,0.015384615384615385,0.0574712643678161,0.0
9678,-0.022345022885826515,-0.0922898856783154,0.0
9679,-0.0002086290704176874,-0.000790030949666066,0.0
9680,-0.05663954937232052,-0.26707957722639436,0.0
9681,0.049795390007817714,0.17162385487737175,0.0
9682,0.006722066105031621,0.026000297402775843,0.0
9683,0.010310993089363896,0.04027615351152251,0.0
9684,0.020601738750098575,0.07556275320086492,0.0
9685,0.05847546333353859,0.19079220518315146,0.0
9686,-0.02219627213426989,-0.09307050741448811,0.0
9687,-0.014124700818753833,-0.05441148637624393,0.0
9688,0.003734227049345451,0.015505361077418303,0.0
9689,0.00663584681056012,0.0252573114268911,0.0
9690,0.026411800334912916,0.0906367682300583,0.0
9691,-0.017100153515955285,-0.07143552503054515,0.0
9692,-0.05127776103074419,-0.23088208381626316,0.0
9693,0.003323436461087792,0.012300449104295716,0.0
9694,-0.03011585942275133,-0.13515875566028193,0.0
9695,-0.04683143463003517,-0.20811938332332036,0.0
9696,0.047367527259712494,0.15526566528416091,0.0
9697,0.019008292569024476,0.06911525864683368,0.0
9698,0.010916560926159558,0.04328140606916845,0.0
9699,-0.01871189509205473,-0.06849490216504038,0.0
9700,-0.02299285961202427,-0.09777600839917183,0.0
9701,0.022324716392126714,0.08223061645438871,0.0
9702,0.027169865383753128,0.09899307464875173,0.0
9703,0.04023659260540047,0.13659264331833315,0.0
9704,0.07536189971685753,0.24197620410130874,0.0
9705,-0.022259113232344224,-0.09300040460089025,0.0
9706,0.008290332902625264,0.0306300040840468,0.0
9707,0.004932842529933479,0.018119542187803896,0.0
9708,-0.003662088874289482,-0.01426486862999988,0.0
9709,-0.03380564343919837,-0.15108522183210962,0.0
9710,0.04752125708301008,0.15726355158403843,0.0
9711,-0.023736576368155293,-0.09853671198209005,0.0
9712,0.040606190785265006,0.14073978167458343,0.0
9713,0.07032294778773657,0.21057340035784283,0.0
9714,0.0061474520710803615,0.022421289592581124,0.0
9715,-0.03639219464728599,-0.16393630617021024,0.0
9716,0.02283225703995556,0.082998339780379,0.0
9717,0.01778334505291379,0.06627397778440547,0.0
9718,-0.05130810411232034,-0.21560862112708312,0.0
9719,0.017068224679610833,0.06480139539377672,0.0
9720,-0.02305525488663049,-0.10522572460095837,0.0
9721,0.0030294020332591876,0.011493201371934629,0.0
9722,-0.052426185254687674,-0.21928940556224574,0.0
9723,0.03723235757340507,0.13115398216180107,0.0
9724,0.0418713999845004,0.13254347300845384,0.0
9725,-0.011426747292100858,-0.0451667174288242,0.0
9726,-0.011312220314177501,-0.043357076494270765,0.0
9727,0.001263639936189942,0.004840088746415603,0.0
9728,0.006378283779413685,0.023900151113391926,0.0
9729,0.07631042932779752,0.23709439026105572,0.0
9730,-0.024500551690683076,-0.10293237912748325,0.0
9731,-0.0011699727994864961,-0.004283959162428792,0.0
9732,0.056238980605866296,0.18654881371701992,0.0
9733,0.00313334571468471,0.012933975158970682,0.0
9734,0.0328434290317528,0.12238305678312356,0.0
9735,-0.02161755488539646,-0.08710903617531505,0.0
9736,0.059261880190672744,0.20246737809177784,0.0
9737,0.08391468247403944,0.2548757915527284,0.0
9738,-0.006758265497436133,-0.026480740632405828,0.0
9739,0.0038850176456979857,0.014142150326172137,0.0
9740,-0.05326217432011229,-0.2313473583965614,0.0
9741,0.013273967309748669,0.0497698864593511,0.0
9742,0.00030422878004254805,0.0011013215859029246,0.0
9743,-0.002481355245097294,-0.009847788776892507,0.0
9744,0.04554500153590116,0.15935925855199315,0.0
9745,-0.03785297280060179,-0.1752396589414314,0.0
9746,0.030390565368365596,0.10752594102790371,0.0
9747,-0.022271650745681965,-0.09351890924979189,0.0
9748,-0.001268115942028969,-0.004704301075268756,0.0
9749,-0.014010728970767605,-0.060511394881371146,0.0
9750,-0.005009038114878961,-0.01991952759071773,0.0
9751,-0.03217092870415908,-0.13788109666151346,0.0
9752,0.0056103463544588394,0.021735141817921126,0.0
9753,-0.011389024737470277,-0.042343486883448675,0.0
9754,-0.01719839052581837,-0.07244613290669365,0.0
9755,0.008917589175891777,0.03477218225419671,0.0
9756,-0.02930930780412011,-0.11948100597660448,0.0
9757,-0.0004954797073042916,-0.0018675350566097384,0.0
9758,-0.05018085310758186,-0.2249419708799326,0.0
9759,0.018910983405245718,0.06983645867280874,0.0
9760,-0.002947902030470795,-0.011309347651460537,0.0
9761,-0.028354230668355518,-0.12070801055957063,0.0
9762,0.08207651623216022,0.24484494017522584,0.0
9763,0.012606366879284736,0.04750204533359441,0.0
9764,-0.03956836171659736,-0.16639995636319674,0.0
9765,0.06774848151149337,0.2116972352973001,0.0
9766,0.030948511349771363,0.11107266835807446,0.0
9767,-0.011549278210426284,-0.045678350936272274,0.0
9768,-8.906171416134256e-05,-0.00034425376867282416,0.0
9769,0.07246469631387589,0.22677957671722004,0.0
9770,-0.01545683541674614,-0.06564834818615534,0.0
9771,0.01813861964469682,0.0638305722861257,0.0
9772,-0.03254246567980357,-0.13191253259263797,0.0
9773,0.009019768406430928,0.033364192947713076,0.0
9774,0.07457875718246942,0.22641012233786503,0.0
9775,-0.03721658266909725,-0.16086855759698213,0.0
9776,-0.017441866324036992,-0.06689728476181277,0.0
9777,0.023543136274579796,0.08623811795605749,0.0
9778,-0.03815432844593933,-0.16414108303519584,0.0
9779,0.0017668411260598482,0.006872402724812099,0.0
9780,0.0018184582163046636,0.006665666329976121,0.0
9781,-0.041932041594574504,-0.1834458123757401,0.0
9782,0.0018810519994242603,0.007649611464325325,0.0
9783,-0.04151572930685038,-0.18551662284500942,0.0
9784,0.007523404430620939,0.02832950909737264,0.0
9785,-0.005141986308620672,-0.02024012084172529,0.0
9786,0.013645138645138666,0.05112608910077272,0.0
9787,0.011873720412128252,0.043015967201017725,0.0
9788,-0.023804039706770863,-0.10607577955605474,0.0
9789,0.04772673060888266,0.15314460192450252,0.0
9790,-0.034140800059240556,-0.13911963695637397,0.0
9791,-0.005334597741575325,-0.022307726409587548,0.0
9792,-0.015351638462398481,-0.06598854798250367,0.0
9793,-0.009930268641238915,-0.03878553279739285,0.0
9794,-0.054203976978353385,-0.24891036796638594,0.0
9795,0.046876395423276596,0.15933972190302662,0.0
9796,-0.053314913335655134,-0.24195149486141387,0.0
9797,-0.05645361046883754,-0.24456338210431697,0.0
9798,0.02299407422086172,0.08827849559311579,0.0
9799,-0.015666017222763895,-0.06246392232955685,0.0
9800,0.0010367014549951814,0.003959450135343042,0.0
9801,-0.011002120890774125,-0.04059782608695653,0.0
9802,-0.028162044932937474,-0.12186232973440841,0.0
9803,-0.034605827581667525,-0.14853095303616706,0.0
9804,-0.011667684548975626,-0.0467533900345021,0.0
9805,-0.04663616744252411,-0.21227496904873042,0.0
9806,0.0486298096747842,0.1593181683457143,0.0
9807,0.022351265987331503,0.07806010318302896,0.0
9808,-0.006108263130735037,-0.024179422219933848,0.0
9809,0.004246753565554651,0.016443824852670916,0.0
9810,0.02828949287739635,0.10030196863530196,0.0
9811,0.030504101552056184,0.10593723771115392,0.0
9812,-0.025234324216647674,-0.11458105221732409,0.0
9813,0.0774270413197003,0.23576348849692472,0.0
9814,0.018165104007146826,0.06825552985110343,0.0
9815,-0.014310999324623264,-0.056139228942079136,0.0
9816,-4.518316319535032e-05,-0.00018950284907730464,0.0
9817,-0.041458502317957224,-0.19209106073986848,0.0
9818,0.014984958186500918,0.05216446609259812,0.0
9819,-0.033499702836642026,-0.14201230376371798,0.0
9820,-0.003735495330140004,-0.013915886122042557,0.0
9821,0.013573479726835591,0.05139427254537402,0.0
9822,0.030985307605157608,0.11636388194772737,0.0
9823,-0.04132909520993497,-0.18686497326203216,0.0
9824,-0.04416627676121346,-0.19711139381597476,0.0
9825,0.003935113606108986,0.01519846539766862,0.0
9826,0.018009394868956197,0.06665433644434332,0.0
9827,-0.04306888215296406,-0.1886616328757089,0.0
9828,0.011536949651466732,0.04204897313377943,0.0
9829,-0.008314946358816133,-0.033181157100902206,0.0
9830,-0.03465370154284972,-0.14175762397242106,0.0
9831,0.00741405481959706,0.02873272948887321,0.0
9832,-0.0009152387445366394,-0.0034353529044348395,0.0
9833,0.0006270026447167676,0.0023246016419771315,0.0
9834,0.008127375473052811,0.02961333245860668,0.0
9835,-0.014640546428789813,-0.05959929644211013,0.0
9836,0.023057842949507135,0.08009566498249847,0.0
9837,0.005246759492905317,0.019283012288099564,0.0
9838,0.018056159617266532,0.06585426305353613,0.0
9839,-0.036132255337374464,-0.1556150542371014,0.0
9840,0.053428042001235354,0.18153200419727183,0.0
9841,-0.02868644443081869,-0.12289131132708749,0.0
9842,0.020373561167678633,0.0691983997838029,0.0
9843,-0.019704998176739402,-0.07983523851465847,0.0
9844,-0.012214586336492028,-0.048366388473957495,0.0
9845,0.019687948080378326,0.06942928285210173,0.0
9846,-0.004228882067580875,-0.015278691241972567,0.0
9847,-0.013252273357986927,-0.05571866605161046,0.0
9848,0.04142405582095274,0.1511381016704606,0.0
9849,-0.02697963915404042,-0.10967737688081622,0.0
9850,0.017820141593660577,0.06678503065442339,0.0
9851,-0.017027748554910516,-0.07076707591684092,0.0
9852,0.00030075318233954706,0.0012019269777973956,0.0
9853,-0.0291077771256206,-0.11829745179537053,0.0
9854,-0.024685186337653292,-0.10977499211712487,0.0
9855,-0.01377764601245185,-0.05506161137440769,0.0
9856,0.056342081031307556,0.19090022749431265,0.0
9857,-0.04280340203526922,-0.19551962431657233,0.0
9858,0.00032923181556360204,0.001259424445152546,0.0
9859,-0.018746022058096168,-0.07353350319217485,0.0
9860,-0.012444292981009408,-0.047679661003030394,0.0
9861,-0.0486791308900667,-0.2128639073681506,0.0
9862,0.0021913715401479517,0.008773247807133063,0.0
9863,-0.024881527412499382,-0.11268523766474457,0.0
9864,0.00030283493272365014,0.0012120659537548492,0.0
9865,-0.00033159867346516103,-0.0012633045725218594,0.0
9866,0.08222840563165909,0.25771880315505297,0.0
9867,0.038131498594592944,0.13475318609908357,0.0
9868,0.0025508349887268245,0.009587719443661494,0.0
9869,-0.019642889002734865,-0.08856577287836613,0.0
9870,-0.02635226896359044,-0.12010351987246982,0.0
9871,-0.008169473574005992,-0.0338349870122446,0.0
9872,0.012414279154338737,0.04465092361055095,0.0
9873,-0.047579128329775816,-0.20853454386916612,0.0
9874,0.02241318468036302,0.07702759038884253,0.0
9875,0.020900348694031096,0.07794380597975355,0.0
9876,0.04350577631473565,0.1548322239289981,0.0
9877,0.00957323678680333,0.03407037351584493,0.0
9878,-0.032763721255540945,-0.13570701534606947,0.0
9879,-0.002155192602124434,-0.008818590019320751,0.0
9880,-0.02263351335133512,-0.08741309385863263,0.0
9881,0.02462257988707106,0.0863355290531835,0.0
9882,-0.04334970636353519,-0.19326046697977595,0.0
9883,0.0037181821262333714,0.013978482170776092,0.0
9884,0.025777666778437958,0.09813189490168782,0.0
9885,-0.03744444166479041,-0.16310155571779872,0.0
9886,0.10395906094742732,0.30372930554423055,0.0
9887,0.047481579969210486,0.16442786973696352,0.0
9888,-0.027528984209417046,-0.11771617802525533,0.0
9889,-0.04999915649308459,-0.21395420687921682,0.0
9890,0.021393338996349487,0.08348738415582192,0.0
9891,-0.039053303789717025,-0.16156617098225007,0.0
9892,0.011765208475734812,0.04183884297520668,0.0
9893,-0.05175993346024646,-0.23515964442924225,0.0
9894,-0.014899815525413335,-0.06236054632215904,0.0
9895,0.056843662950708224,0.19617110916180583,0.0
9896,-0.043542218299499835,-0.17577197149643697,0.0
9897,0.03324702085175835,0.11291571189694691,0.0
9898,-0.03596359128718374,-0.15313385969073667,0.0
9899,-0.003145730352811321,-0.013005713776789593,0.0
9900,0.009403485009334855,0.03380752390733663,0.0
9901,0.006626531563997118,0.025755952871385025,0.0
9902,-0.009388871572747481,-0.03791573076380518,0.0
9903,-0.02556882907214475,-0.10302918839881423,0.0
9904,-0.029298904856641994,-0.12154274282508061,0.0
9905,0.019109582883854753,0.07141297409883438,0.0
9906,-0.006762075134168155,-0.02606896551724137,0.0
9907,-0.02864115908269807,-0.12149621905719464,0.0
9908,-0.005826008102184088,-0.022172122263169156,0.0
9909,0.05146244528666333,0.15885350468171222,0.0
9910,0.007433510237975172,0.03034577620839241,0.0
9911,-0.03783346170376642,-0.16005382683600813,0.0
9912,0.005712285287527985,0.021130967797634386,0.0
9913,0.02061086324072714,0.07015454914783066,0.0
9914,-0.030253641659359537,-0.13907882823589324,0.0
9915,0.00966049111430145,0.035219207671675155,0.0
9916,0.011252516117739753,0.04130923694779127,0.0
9917,0.058724636365404925,0.18712257011349367,0.0
9918,-0.01567880538672639,-0.061736450421467984,0.0
9919,-0.015546363478265324,-0.06298222820336571,0.0
9920,0.0454242389818591,0.15888818911952418,0.0
9921,-0.01071827169579509,-0.04365462742766542,0.0
9922,-0.04013150609080843,-0.1670902855825481,0.0
9923,0.02688846284510138,0.09054391564867473,0.0
9924,-0.04137293722601776,-0.18715042753022393,0.0
9925,0.02798321256671682,0.10361854764172304,0.0
9926,-0.04894882723635699,-0.21639539453910717,0.0
9927,0.018869404290163483,0.0687146890743564,0.0
9928,-0.005052005943536414,-0.021383647798742182,0.0
9929,-0.04555599364545801,-0.2134336055875602,0.0
9930,0.017031738773976596,0.0651111193992658,0.0
9931,-0.0023218402375439484,-0.00887622919415212,0.0
9932,0.014505558274747088,0.054358372225917904,0.0
9933,0.006143870797987339,0.023583174162721158,0.0
9934,0.01645067818605231,0.06434431928799891,0.0
9935,0.0016142655246190463,0.006560311553925374,0.0
9936,0.021030822511228398,0.07390895631199461,0.0
9937,-0.02102800765022403,-0.08413694530190349,0.0
9938,-0.01923431383962884,-0.07734892913867389,0.0
9939,-0.004889533483207087,-0.019523041587255093,0.0
9940,-0.022570925319823687,-0.09109172963203307,0.0
9941,-0.03694676998428795,-0.15845545977011494,0.0
9942,0.005943680521641764,0.023673491518071944,0.0
9943,0.010899859741128087,0.043144194225921084,0.0
9944,-0.012187505515706715,-0.05224940483466344,0.0
9945,0.011601197420179898,0.04256359053490752,0.0
9946,0.049301949460697464,0.16843536676951218,0.0
9947,-0.007389269618740146,-0.026456575567842783,0.0
9948,-0.02062349738086522,-0.08068042380113,0.0
9949,-0.03145396268054021,-0.13683680439795115,0.0
9950,0.0471368704437134,0.1651899497764587,0.0
9951,-0.012520148495734351,-0.04942317661735042,0.0
9952,0.030580243351741754,0.1062416841607286,0.0
9953,-0.046601574172856125,-0.2033249560487534,0.0
9954,0.049238587994974437,0.16154338817833064,0.0
9955,-0.02506743953008539,-0.11658402922755746,0.0
9956,0.06973259813402494,0.22152391403251817,0.0
9957,-0.008195321363890617,-0.03132158328015471,0.0
9958,-0.02334327029847888,-0.09013972280797757,0.0
9959,-0.03759345063687977,-0.16630908411669518,0.0
9960,-0.01689564886798564,-0.07003452500278438,0.0
9961,0.015214614729913145,0.05314650076554846,0.0
9962,-0.015012939376180423,-0.060489197463235105,0.0
9963,0.032842558068784,0.11004433065452907,0.0
9964,-0.026002869966025882,-0.11344325133792653,0.0
9965,-0.002960980454945694,-0.011112614901711667,0.0
9966,-0.06850071545598496,-0.31640806663002574,0.0
9967,-0.03985381134702404,-0.16937869822485216,0.0
9968,-0.04170139902887385,-0.18297105303207592,0.0
9969,0.01617654342464392,0.058324438435446914,0.0
9970,-0.023594067210805703,-0.09079574222233043,0.0
9971,-0.04374685984394064,-0.19801819363222867,0.0
9972,-0.0355788650613727,-0.1447517933901893,0.0
9973,-0.03889673831870366,-0.17254194177271112,0.0
9974,-0.05953012575041819,-0.2761755701259454,0.0
9975,0.03429293264825917,0.11600544954976466,0.0
9976,0.01605342415910116,0.0581442812384447,0.0
9977,0.004968896826076374,0.01770031469377873,0.0
9978,-0.008545830901757645,-0.03336803169341462,0.0
9979,0.01831614331614334,0.06419522350631078,0.0
9980,0.013581826907694772,0.051898037777370266,0.0
9981,-0.02422712825813958,-0.10016546187858179,0.0
9982,-0.007341961453303181,-0.02713122179432566,0.0
9983,0.006836452646807767,0.026187501667215056,0.0
9984,-0.006246913050744929,-0.02334444246571855,0.0
9985,0.03978363340323676,0.14283337706898516,0.0
9986,0.0028346727878264533,0.010605531634276006,0.0
9987,0.005624236601468491,0.020969454874338773,0.0
9988,-0.014778001096290877,-0.062215384615384596,0.0
9989,-0.01782425174076918,-0.07773613455529177,0.0
9990,-0.013723546586577678,-0.05642809048321714,0.0
9991,-0.04075701832768125,-0.17304034332174348,0.0
9992,-0.026200582054053123,-0.11257148344067738,0.0
9993,-0.011960031493184448,-0.052633326814436554,0.0
9994,-0.011978747776071746,-0.048752665773942355,0.0
9995,0.04483083694112738,0.15117051130199843,0.0
9996,-0.013148631263736138,-0.05262549945132556,0.0
9997,-0.0012501965330450893,-0.004733492982015739,0.0
9998,-0.003016900747139728,-0.01288014455576536,0.0
9999,-0.06017823879903439,-0.2788096628229456,0.0
