episode_index,evaluation_seed,episode_length,episode_return,native_cost_total,gold_stl_cost_total,goal_events,goal_success,minimum_distance,trigger_count,recovery_count,late_recovery_count,deadline_violation_count,terminal_unresolved_count,completed_window_count,trace_robustness,online_oracle_agreement,rtamt_max_robustness_difference,condition,training_seed
0,10000,1000.0,25.21663104243555,52.0,1.0,12.0,True,0.056429922580718994,10.0,9.0,0.0,0.0,1.0,9.0,0.06735939979553218,True,0.0,task_only,1101
1,10001,1000.0,27.3961252112058,37.0,1.0,13.0,True,0.008654773235321045,7.0,6.0,1.0,1.0,0.0,7.0,-0.01038979291915898,True,0.0,task_only,1101
2,10002,1000.0,24.415883790512453,14.0,0.0,13.0,True,0.10172832012176514,5.0,5.0,0.0,0.0,0.0,5.0,0.0615261316299438,True,0.0,task_only,1101
3,10003,1000.0,25.609829907960375,97.0,2.0,12.0,True,0.017042577266693115,7.0,5.0,2.0,2.0,0.0,7.0,-0.09335212707519536,True,0.0,task_only,1101
4,10004,1000.0,25.678681842160586,116.0,1.0,11.0,True,0.005511939525604248,10.0,9.0,0.0,0.0,1.0,9.0,0.04014588594436641,True,0.0,task_only,1101
5,10005,1000.0,26.8447353740994,0.0,1.0,13.0,True,0.2324092984199524,7.0,6.0,1.0,1.0,0.0,7.0,-0.017087447643280074,True,0.0,task_only,1101
6,10006,1000.0,25.838273776346796,0.0,1.0,14.0,True,0.2375349998474121,7.0,6.0,0.0,0.0,1.0,6.0,0.1684836864471435,True,0.0,task_only,1101
7,10007,1000.0,24.863032405397007,37.0,1.0,11.0,True,0.026029586791992188,12.0,11.0,0.0,0.0,1.0,10.0,0.011634182929992631,True,0.0,task_only,1101
8,10008,1000.0,24.028574391576285,78.0,2.0,11.0,True,0.0366436243057251,8.0,6.0,2.0,2.0,0.0,7.0,-0.10230945348739628,True,0.0,task_only,1101
9,10009,1000.0,24.554941347153544,57.0,1.0,12.0,True,0.07728856801986694,8.0,7.0,1.0,1.0,0.0,7.0,-0.0006671428680420366,True,0.0,task_only,1101
10,10010,1000.0,25.097376166111644,32.0,1.0,13.0,True,0.028505980968475342,8.0,7.0,0.0,0.0,1.0,7.0,0.13956625461578365,True,0.0,task_only,1101
11,10011,1000.0,24.622690400613465,20.0,1.0,14.0,True,0.13662725687026978,6.0,5.0,1.0,1.0,0.0,6.0,-0.10498290061950688,True,0.0,task_only,1101
12,10012,1000.0,24.43481225137657,16.0,1.0,12.0,True,0.0270538330078125,3.0,2.0,1.0,1.0,0.0,3.0,-0.07407777309417729,True,0.0,task_only,1101
13,10013,1000.0,25.598727792010777,102.0,2.0,11.0,True,0.02450716495513916,7.0,5.0,2.0,2.0,0.0,6.0,-0.12372760772705083,True,0.0,task_only,1101
14,10014,1000.0,23.7570646511399,103.0,1.0,11.0,True,0.01351940631866455,8.0,7.0,1.0,1.0,0.0,8.0,-0.100743579864502,True,0.0,task_only,1101
15,10015,1000.0,24.6787117424974,11.0,0.0,12.0,True,0.12755298614501953,4.0,4.0,0.0,0.0,0.0,4.0,0.04929043054580684,True,0.0,task_only,1101
16,10016,1000.0,24.739395139978114,49.0,2.0,11.0,True,0.041041553020477295,10.0,8.0,2.0,2.0,0.0,9.0,-0.10421650409698491,True,0.0,task_only,1101
17,10017,1000.0,24.200199052898824,124.0,1.0,10.0,True,0.0102081298828125,8.0,7.0,1.0,1.0,0.0,8.0,-0.09943126440048222,True,0.0,task_only,1101
18,10018,1000.0,25.91457603600429,73.0,3.0,12.0,True,0.058824777603149414,6.0,3.0,3.0,3.0,0.0,6.0,-0.057908701896667525,True,0.0,task_only,1101
19,10019,1000.0,24.34641262687728,36.0,1.0,13.0,True,0.13799303770065308,8.0,7.0,1.0,1.0,0.0,8.0,-0.10921775102615361,True,0.0,task_only,1101
20,10020,1000.0,25.19441225326591,39.0,3.0,13.0,True,0.018353641033172607,8.0,5.0,3.0,3.0,0.0,7.0,-0.12117414474487309,True,0.0,task_only,1101
21,10021,1000.0,20.698158929939382,92.0,3.0,7.0,True,0.0069054365158081055,8.0,5.0,3.0,3.0,0.0,8.0,-0.07528977394104008,True,0.0,task_only,1101
22,10022,1000.0,24.743287483028325,76.0,2.0,12.0,True,0.04213356971740723,6.0,4.0,2.0,2.0,0.0,5.0,-0.09445987939834599,True,0.0,task_only,1101
23,10023,1000.0,24.992315077261992,0.0,0.0,13.0,True,0.21370857954025269,4.0,4.0,0.0,0.0,0.0,3.0,0.08651573657989498,True,0.0,task_only,1101
24,10024,1000.0,23.071027537658665,38.0,2.0,11.0,True,0.00422358512878418,5.0,3.0,1.0,1.0,1.0,4.0,-0.0034351825714111772,True,0.0,task_only,1101
25,10025,1000.0,27.40357098572349,100.0,1.0,13.0,True,0.02959674596786499,10.0,9.0,0.0,0.0,1.0,9.0,0.04248101711273189,True,0.0,task_only,1101
26,10026,1000.0,23.922142995339527,102.0,4.0,10.0,True,0.046849071979522705,12.0,8.0,3.0,3.0,1.0,11.0,-0.10602860450744633,True,0.0,task_only,1101
27,10027,1000.0,24.624953618617155,92.0,4.0,11.0,True,0.06563311815261841,7.0,3.0,3.0,4.0,0.0,7.0,-0.1144997358322144,True,0.0,task_only,1101
28,10028,1000.0,24.431024177198196,89.0,3.0,11.0,True,0.00775301456451416,7.0,4.0,2.0,2.0,1.0,6.0,-0.11159526109695439,True,0.0,task_only,1101
29,10029,1000.0,25.000895395949556,66.0,0.0,12.0,True,0.003001570701599121,6.0,6.0,0.0,0.0,0.0,6.0,0.1033759236335754,True,0.0,task_only,1101
30,10030,1000.0,22.019654892850667,62.0,1.0,9.0,True,0.007035434246063232,7.0,6.0,0.0,0.0,1.0,6.0,0.12077791690826412,True,0.0,task_only,1101
31,10031,1000.0,23.24025920360873,71.0,2.0,9.0,True,0.02479076385498047,10.0,8.0,1.0,1.0,1.0,9.0,-0.025360631942749068,True,0.0,task_only,1101
32,10032,1000.0,24.486333326150543,21.0,2.0,12.0,True,0.03528714179992676,10.0,8.0,1.0,1.0,1.0,9.0,-0.11356292963027959,True,0.0,task_only,1101
33,10033,1000.0,24.625241633389123,48.0,3.0,12.0,True,0.01772904396057129,6.0,3.0,3.0,3.0,0.0,6.0,-0.1180545568466187,True,0.0,task_only,1101
34,10034,1000.0,23.89408593485814,15.0,1.0,12.0,True,0.073824942111969,3.0,2.0,1.0,1.0,0.0,2.0,-0.06737350225448613,True,0.0,task_only,1101
35,10035,1000.0,24.56458731684188,69.0,4.0,12.0,True,0.040374755859375,7.0,3.0,3.0,3.0,1.0,6.0,-0.07383297681808476,True,0.0,task_only,1101
36,10036,1000.0,27.927391233615708,71.0,2.0,13.0,True,0.026622533798217773,10.0,8.0,1.0,1.0,1.0,9.0,-0.10642199516296391,True,0.0,task_only,1101
37,10037,1000.0,21.646250921749015,12.0,1.0,10.0,True,0.1041644811630249,6.0,5.0,0.0,0.0,1.0,5.0,0.08871300220489498,True,0.0,task_only,1101
38,10038,1000.0,23.468223167405085,48.0,1.0,10.0,True,0.018972694873809814,6.0,5.0,1.0,1.0,0.0,6.0,-0.10340057611465459,True,0.0,task_only,1101
39,10039,1000.0,23.932705295659048,0.0,2.0,11.0,True,0.20888561010360718,7.0,5.0,1.0,1.0,1.0,6.0,-0.05724619626998906,True,0.0,task_only,1101
40,10040,1000.0,25.27394372100389,103.0,2.0,11.0,True,0.016002953052520752,7.0,5.0,2.0,2.0,0.0,7.0,-0.061147558689117476,True,0.0,task_only,1101
41,10041,1000.0,24.76615166235206,88.0,1.0,10.0,True,0.008804619312286377,9.0,8.0,1.0,1.0,0.0,9.0,-0.06998418569564824,True,0.0,task_only,1101
42,10042,1000.0,23.87908070202684,0.0,0.0,13.0,True,0.20364528894424438,2.0,2.0,0.0,0.0,0.0,1.0,0.6246348142623901,True,0.0,task_only,1101
43,10043,1000.0,27.42464950916542,76.0,3.0,14.0,True,0.09236007928848267,5.0,2.0,2.0,2.0,1.0,4.0,-0.10097478628158574,True,0.0,task_only,1101
44,10044,1000.0,23.644052259822274,57.0,2.0,10.0,True,0.014128625392913818,8.0,6.0,2.0,2.0,0.0,8.0,-0.08352200984954838,True,0.0,task_only,1101
45,10045,1000.0,25.490332741468592,63.0,2.0,12.0,True,0.05393028259277344,7.0,5.0,2.0,2.0,0.0,7.0,-0.03972600698471074,True,0.0,task_only,1101
46,10046,1000.0,25.384273054107325,70.0,1.0,11.0,True,0.04071003198623657,4.0,3.0,1.0,1.0,0.0,4.0,-0.03582696914672856,True,0.0,task_only,1101
47,10047,1000.0,26.779998426965903,71.0,1.0,13.0,True,0.06471115350723267,8.0,7.0,1.0,1.0,0.0,7.0,-0.08488814830780034,True,0.0,task_only,1101
48,10048,1000.0,23.51896540880807,30.0,1.0,12.0,True,0.038681209087371826,5.0,4.0,0.0,0.0,1.0,4.0,0.025935006141662553,True,0.0,task_only,1101
49,10049,1000.0,24.574441006778216,80.0,2.0,12.0,True,0.04270899295806885,6.0,4.0,2.0,2.0,0.0,5.0,-0.043221461772918746,True,0.0,task_only,1101
50,10050,1000.0,24.56050132584278,66.0,1.0,10.0,True,0.08933901786804199,8.0,7.0,0.0,1.0,0.0,8.0,-0.03676824569702153,True,0.0,task_only,1101
51,10051,1000.0,23.07198406760108,46.0,2.0,11.0,True,0.012047052383422852,6.0,4.0,2.0,2.0,0.0,6.0,-0.06614451408386235,True,0.0,task_only,1101
52,10052,1000.0,24.464436568356177,28.0,1.0,12.0,True,0.032741010189056396,8.0,7.0,0.0,0.0,1.0,7.0,0.0165463805198669,True,0.0,task_only,1101
53,10053,1000.0,24.335915576324624,71.0,3.0,11.0,True,0.10989010334014893,5.0,2.0,2.0,2.0,1.0,4.0,-0.10032944679260258,True,0.0,task_only,1101
54,10054,1000.0,22.95686535261575,39.0,2.0,10.0,True,0.003536045551300049,7.0,5.0,1.0,1.0,1.0,6.0,-0.07355867624282841,True,0.0,task_only,1101
55,10055,1000.0,22.37521730964272,9.0,0.0,9.0,True,0.15698611736297607,7.0,7.0,0.0,0.0,0.0,7.0,0.10943610668182369,True,0.0,task_only,1101
56,10056,1000.0,26.27532291836542,109.0,1.0,11.0,True,0.007327079772949219,7.0,6.0,1.0,1.0,0.0,6.0,-0.002450811862945601,True,0.0,task_only,1101
57,10057,1000.0,24.487790578597924,55.0,0.0,13.0,True,0.025236010551452637,7.0,7.0,0.0,0.0,0.0,7.0,0.0067153692245482954,True,0.0,task_only,1101
58,10058,1000.0,23.27808223736065,33.0,1.0,11.0,True,0.08926856517791748,5.0,4.0,0.0,0.0,1.0,4.0,0.10047824382781978,True,0.0,task_only,1101
59,10059,1000.0,24.888465773141434,60.0,1.0,12.0,True,0.01071542501449585,9.0,8.0,0.0,0.0,1.0,8.0,0.008104038238525346,True,0.0,task_only,1101
60,10060,1000.0,26.5659829887245,97.0,2.0,14.0,True,0.019836008548736572,7.0,5.0,2.0,2.0,0.0,7.0,-0.11698024272918706,True,0.0,task_only,1101
61,10061,1000.0,25.625633163049315,105.0,2.0,11.0,True,0.013990402221679688,8.0,6.0,2.0,2.0,0.0,7.0,-0.1158306479454041,True,0.0,task_only,1101
62,10062,1000.0,25.102220992110233,57.0,1.0,13.0,True,0.01393800973892212,7.0,6.0,1.0,1.0,0.0,7.0,-0.0635821104049683,True,0.0,task_only,1101
63,10063,1000.0,24.860387245476886,52.0,1.0,13.0,True,0.06454896926879883,8.0,7.0,0.0,1.0,0.0,8.0,-0.029318499565124556,True,0.0,task_only,1101
64,10064,1000.0,19.629081771078745,79.0,0.0,7.0,True,0.024410605430603027,7.0,7.0,0.0,0.0,0.0,7.0,0.15857578516006465,True,0.0,task_only,1101
65,10065,1000.0,24.763267890117277,27.0,0.0,11.0,True,0.06512761116027832,6.0,6.0,0.0,0.0,0.0,6.0,0.116411280632019,True,0.0,task_only,1101
66,10066,1000.0,23.4829864910605,98.0,4.0,10.0,True,0.021966218948364258,7.0,3.0,3.0,3.0,1.0,6.0,-0.028085756301879927,True,0.0,task_only,1101
67,10067,1000.0,25.91514807655767,47.0,2.0,11.0,True,0.07653450965881348,6.0,4.0,2.0,2.0,0.0,6.0,-0.07204376459121709,True,0.0,task_only,1101
68,10068,1000.0,21.36846610248176,99.0,0.0,10.0,True,0.02856910228729248,8.0,8.0,0.0,0.0,0.0,8.0,0.019472134113311723,True,0.0,task_only,1101
69,10069,1000.0,24.84025766343393,28.0,2.0,11.0,True,0.14297765493392944,7.0,5.0,1.0,1.0,1.0,6.0,-0.003931212425231978,True,0.0,task_only,1101
70,10070,1000.0,24.732452724285395,75.0,3.0,11.0,True,0.016077876091003418,9.0,6.0,3.0,3.0,0.0,8.0,-0.10337840318679814,True,0.0,task_only,1101
71,10071,1000.0,26.45789047787639,0.0,0.0,14.0,True,0.24394690990447998,2.0,2.0,0.0,0.0,0.0,2.0,0.10488868951797481,True,0.0,task_only,1101
72,10072,1000.0,22.628411162259,77.0,2.0,10.0,True,0.03055626153945923,9.0,7.0,2.0,2.0,0.0,9.0,-0.10751240253448491,True,0.0,task_only,1101
73,10073,1000.0,26.174316863471176,71.0,1.0,13.0,True,0.03907424211502075,4.0,3.0,1.0,1.0,0.0,4.0,-0.020264077186584517,True,0.0,task_only,1101
74,10074,1000.0,24.797323421742476,48.0,3.0,12.0,True,0.013819098472595215,11.0,8.0,2.0,2.0,1.0,10.0,-0.03394817113876347,True,0.0,task_only,1101
75,10075,1000.0,28.379503614040914,27.0,0.0,15.0,True,0.0393218994140625,7.0,7.0,0.0,0.0,0.0,7.0,0.05093694925308223,True,0.0,task_only,1101
76,10076,1000.0,24.522772102811814,99.0,1.0,10.0,True,0.011262595653533936,8.0,7.0,1.0,1.0,0.0,7.0,-0.006428885459899947,True,0.0,task_only,1101
77,10077,1000.0,27.05981919005444,38.0,0.0,14.0,True,0.1064751148223877,10.0,10.0,0.0,0.0,0.0,9.0,0.023788702487945512,True,0.0,task_only,1101
78,10078,1000.0,22.326796792719506,56.0,2.0,10.0,True,0.03774726390838623,5.0,3.0,2.0,2.0,0.0,4.0,-0.0893186211585999,True,0.0,task_only,1101
79,10079,1000.0,24.35985646124027,36.0,0.0,12.0,True,0.012153267860412598,4.0,4.0,0.0,0.0,0.0,4.0,0.11614323854446407,True,0.0,task_only,1101
80,10080,1000.0,25.10233804466543,62.0,1.0,11.0,True,0.006927788257598877,8.0,7.0,1.0,1.0,0.0,7.0,-0.11402105093002324,True,0.0,task_only,1101
81,10081,1000.0,26.412901012581642,44.0,3.0,14.0,True,0.07244002819061279,6.0,3.0,3.0,3.0,0.0,5.0,-0.11280440092086796,True,0.0,task_only,1101
82,10082,1000.0,26.195966324205074,77.0,0.0,12.0,True,0.026026368141174316,8.0,8.0,0.0,0.0,0.0,8.0,0.11486436128616329,True,0.0,task_only,1101
83,10083,1000.0,23.872507328795564,26.0,1.0,11.0,True,0.10493570566177368,12.0,11.0,0.0,0.0,1.0,11.0,0.05359716415405269,True,0.0,task_only,1101
84,10084,1000.0,23.346465050361076,98.0,2.0,9.0,True,0.06913894414901733,8.0,6.0,2.0,2.0,0.0,8.0,-0.10618631839752202,True,0.0,task_only,1101
85,10085,1000.0,20.17506802912976,105.0,3.0,8.0,True,0.06067979335784912,9.0,6.0,2.0,2.0,1.0,8.0,-0.10325144529342656,True,0.0,task_only,1101
86,10086,1000.0,19.27447568432126,12.0,1.0,9.0,True,0.11219984292984009,4.0,3.0,1.0,1.0,0.0,4.0,-0.003713595867157027,True,0.0,task_only,1101
87,10087,1000.0,24.952260203983315,87.0,2.0,12.0,True,0.042319536209106445,8.0,6.0,1.0,1.0,1.0,7.0,-0.11014436483383183,True,0.0,task_only,1101
88,10088,1000.0,22.495886253349454,90.0,3.0,9.0,True,0.022108376026153564,7.0,4.0,2.0,2.0,1.0,6.0,-0.10916178226470952,True,0.0,task_only,1101
89,10089,1000.0,23.754851721438172,43.0,3.0,11.0,True,0.0633804202079773,8.0,5.0,3.0,3.0,0.0,8.0,-0.10531567335128789,True,0.0,task_only,1101
90,10090,1000.0,25.66526340629025,17.0,3.0,13.0,True,0.15812355279922485,6.0,3.0,3.0,3.0,0.0,6.0,-0.10491513013839726,True,0.0,task_only,1101
91,10091,1000.0,24.757962260964632,0.0,0.0,13.0,True,0.216605544090271,5.0,5.0,0.0,0.0,0.0,4.0,0.1449791312217712,True,0.0,task_only,1101
92,10092,1000.0,24.84365392662039,68.0,2.0,11.0,True,0.028045177459716797,9.0,7.0,1.0,1.0,1.0,8.0,-0.028787958621978804,True,0.0,task_only,1101
93,10093,1000.0,23.70623148620507,29.0,0.0,11.0,True,0.05171012878417969,5.0,5.0,0.0,0.0,0.0,5.0,0.05110896825790401,True,0.0,task_only,1101
94,10094,1000.0,27.673942489011097,11.0,0.0,15.0,True,0.11502689123153687,3.0,3.0,0.0,0.0,0.0,3.0,0.06552745103836055,True,0.0,task_only,1101
95,10095,1000.0,25.53127514873995,60.0,2.0,12.0,True,0.06617385149002075,7.0,5.0,1.0,1.0,1.0,6.0,-0.003082203865051314,True,0.0,task_only,1101
96,10096,1000.0,23.385635176524374,62.0,1.0,12.0,True,0.006838023662567139,7.0,6.0,1.0,1.0,0.0,6.0,-0.0824097871780396,True,0.0,task_only,1101
97,10097,1000.0,23.015691928772867,27.0,0.0,11.0,True,0.062188804149627686,7.0,7.0,0.0,0.0,0.0,7.0,0.16682053804397579,True,0.0,task_only,1101
98,10098,1000.0,24.530587829078286,69.0,1.0,12.0,True,0.00862044095993042,7.0,6.0,1.0,1.0,0.0,7.0,-0.032837200164794966,True,0.0,task_only,1101
99,10099,1000.0,25.793605071638012,79.0,3.0,12.0,True,0.04953378438949585,9.0,6.0,3.0,3.0,0.0,8.0,-0.11676441431045537,True,0.0,task_only,1101
0,10000,1000.0,18.3142503218578,20.0,1.0,8.0,True,0.11014652252197266,8.0,7.0,0.0,0.0,1.0,7.0,0.07022900581359859,True,0.0,task_only,2202
1,10001,1000.0,17.589651704131484,58.0,2.0,8.0,True,0.09030032157897949,4.0,2.0,2.0,2.0,0.0,4.0,-0.03933315277099614,True,0.0,task_only,2202
2,10002,1000.0,18.68811957331127,100.0,4.0,9.0,True,0.02829355001449585,4.0,0.0,3.0,3.0,1.0,3.0,-0.11466174125671391,True,0.0,task_only,2202
3,10003,1000.0,21.145793276318727,125.0,3.0,10.0,True,0.027448832988739014,4.0,1.0,2.0,2.0,1.0,3.0,-0.08793656826019292,True,0.0,task_only,2202
4,10004,1000.0,19.90501241167476,82.0,3.0,9.0,True,0.09859460592269897,8.0,5.0,3.0,3.0,0.0,8.0,-0.10772376060485844,True,0.0,task_only,2202
5,10005,1000.0,19.932545064464648,85.0,1.0,9.0,True,0.03512978553771973,8.0,7.0,0.0,1.0,0.0,8.0,-0.051252889633178755,True,0.0,task_only,2202
6,10006,1000.0,19.495103071196354,33.0,2.0,10.0,True,0.021182477474212646,5.0,3.0,1.0,1.0,1.0,4.0,-0.04691790342330937,True,0.0,task_only,2202
7,10007,1000.0,16.363830793614397,43.0,1.0,8.0,True,0.12738722562789917,9.0,8.0,0.0,0.0,1.0,8.0,0.020094227790832475,True,0.0,task_only,2202
8,10008,1000.0,16.827029074429447,117.0,3.0,6.0,True,0.008731484413146973,6.0,3.0,3.0,3.0,0.0,5.0,-0.10856972932815556,True,0.0,task_only,2202
9,10009,1000.0,24.195245765899017,107.0,1.0,12.0,True,0.05355978012084961,9.0,8.0,0.0,0.0,1.0,8.0,0.049851727485656694,True,0.0,task_only,2202
10,10010,1000.0,17.58189256241303,58.0,2.0,9.0,True,0.020265698432922363,6.0,4.0,1.0,1.0,1.0,5.0,-0.10107688903808598,True,0.0,task_only,2202
11,10011,1000.0,18.730716581548222,58.0,1.0,9.0,True,0.06643563508987427,6.0,5.0,1.0,1.0,0.0,6.0,-0.044779825210571333,True,0.0,task_only,2202
12,10012,1000.0,18.854097723404266,59.0,2.0,9.0,True,0.020183801651000977,7.0,5.0,1.0,1.0,1.0,6.0,-0.10151444673538212,True,0.0,task_only,2202
13,10013,1000.0,21.91746019695347,113.0,3.0,10.0,True,0.01826155185699463,7.0,4.0,2.0,2.0,1.0,6.0,-0.10402016639709477,True,0.0,task_only,2202
14,10014,1000.0,19.605206814998382,91.0,1.0,7.0,True,0.049066007137298584,8.0,7.0,0.0,0.0,1.0,7.0,0.033334326744079545,True,0.0,task_only,2202
15,10015,1000.0,20.105642997225004,37.0,2.0,10.0,True,0.12603914737701416,5.0,3.0,2.0,2.0,0.0,5.0,-0.09274183511734013,True,0.0,task_only,2202
16,10016,1000.0,17.97226023305484,82.0,2.0,8.0,True,0.014331221580505371,8.0,6.0,2.0,2.0,0.0,8.0,-0.058467853069305464,True,0.0,task_only,2202
17,10017,1000.0,19.41469820772727,67.0,4.0,8.0,True,0.11519569158554077,5.0,1.0,3.0,4.0,0.0,5.0,-0.11059569120407109,True,0.0,task_only,2202
18,10018,1000.0,17.57435574342162,31.0,1.0,8.0,True,0.07972079515457153,6.0,5.0,1.0,1.0,0.0,6.0,-0.02373503446578984,True,0.0,task_only,2202
19,10019,1000.0,21.911546963014644,117.0,2.0,12.0,True,0.018679440021514893,7.0,5.0,1.0,1.0,1.0,6.0,-0.11149315834045415,True,0.0,task_only,2202
20,10020,1000.0,18.506333616831853,117.0,3.0,9.0,True,0.025455951690673828,6.0,3.0,2.0,2.0,1.0,5.0,-0.11165516376495366,True,0.0,task_only,2202
21,10021,1000.0,14.05043795043457,59.0,5.0,5.0,True,0.013435721397399902,7.0,2.0,4.0,4.0,1.0,6.0,-0.08829222917556767,True,0.0,task_only,2202
22,10022,1000.0,18.265437575789974,176.0,4.0,8.0,True,0.03974372148513794,7.0,3.0,3.0,3.0,1.0,6.0,-0.10083262920379643,True,0.0,task_only,2202
23,10023,1000.0,21.1928516979915,39.0,0.0,11.0,True,0.05817890167236328,4.0,4.0,0.0,0.0,0.0,4.0,0.046043348312377885,True,0.0,task_only,2202
24,10024,1000.0,20.97356036963174,54.0,2.0,10.0,True,0.08196312189102173,3.0,1.0,2.0,2.0,0.0,3.0,-0.10488419532775883,True,0.0,task_only,2202
25,10025,1000.0,18.93507531027717,55.0,2.0,9.0,True,0.004807591438293457,7.0,5.0,1.0,1.0,1.0,6.0,-0.059719192981720015,True,0.0,task_only,2202
26,10026,1000.0,20.485448388481018,170.0,4.0,10.0,True,0.02084594964981079,8.0,4.0,3.0,4.0,0.0,8.0,-0.11051111221313481,True,0.0,task_only,2202
27,10027,1000.0,19.025083322243518,58.0,3.0,8.0,True,0.035261571407318115,7.0,4.0,2.0,2.0,1.0,6.0,-0.03569858074188237,True,0.0,task_only,2202
28,10028,1000.0,19.262993229190215,161.0,3.0,8.0,True,0.019876956939697266,6.0,3.0,2.0,3.0,0.0,6.0,-0.10095279216766362,True,0.0,task_only,2202
29,10029,1000.0,19.234149608087137,28.0,1.0,9.0,True,0.13008981943130493,8.0,7.0,0.0,0.0,1.0,7.0,0.03931082487106319,True,0.0,task_only,2202
30,10030,1000.0,19.058280936378196,81.0,3.0,9.0,True,0.036665260791778564,5.0,2.0,3.0,3.0,0.0,5.0,-0.11689226627349858,True,0.0,task_only,2202
31,10031,1000.0,18.71948369070242,121.0,5.0,9.0,True,0.010213851928710938,6.0,1.0,4.0,4.0,1.0,5.0,-0.10498719215393071,True,0.0,task_only,2202
32,10032,1000.0,17.017041857496224,88.0,2.0,8.0,True,0.044782161712646484,10.0,8.0,1.0,1.0,1.0,9.0,-0.10645614862442021,True,0.0,task_only,2202
33,10033,1000.0,21.150210204119503,10.0,3.0,12.0,True,0.16794097423553467,6.0,3.0,3.0,3.0,0.0,6.0,-0.08475099802017216,True,0.0,task_only,2202
34,10034,1000.0,19.946263527041083,90.0,3.0,10.0,True,0.011014044284820557,7.0,4.0,2.0,2.0,1.0,6.0,-0.044070291519165083,True,0.0,task_only,2202
35,10035,1000.0,18.660004097757337,114.0,3.0,8.0,True,0.014202296733856201,6.0,3.0,3.0,3.0,0.0,6.0,-0.10609154701232915,True,0.0,task_only,2202
36,10036,1000.0,19.955272061080905,19.0,0.0,9.0,True,0.021573185920715332,7.0,7.0,0.0,0.0,0.0,6.0,0.03576405048370357,True,0.0,task_only,2202
37,10037,1000.0,19.44808658207694,48.0,1.0,9.0,True,0.09173440933227539,8.0,7.0,1.0,1.0,0.0,8.0,-0.10163782835006718,True,0.0,task_only,2202
38,10038,1000.0,19.96984996581523,40.0,1.0,10.0,True,0.07884156703948975,3.0,2.0,1.0,1.0,0.0,3.0,-0.12257461547851567,True,0.0,task_only,2202
39,10039,1000.0,16.328614944422043,96.0,2.0,6.0,True,0.021607697010040283,6.0,4.0,1.0,1.0,1.0,5.0,-0.10281639099121098,True,0.0,task_only,2202
40,10040,1000.0,17.733625870920207,80.0,3.0,9.0,True,0.040272653102874756,5.0,2.0,2.0,2.0,1.0,4.0,-0.11004923582077031,True,0.0,task_only,2202
41,10041,1000.0,19.497230852102803,68.0,1.0,8.0,True,0.025628864765167236,4.0,3.0,1.0,1.0,0.0,4.0,-0.1073537945747376,True,0.0,task_only,2202
42,10042,1000.0,19.358302541132844,0.0,0.0,10.0,True,0.3617187738418579,2.0,2.0,0.0,0.0,0.0,2.0,0.3905394792556762,True,0.0,task_only,2202
43,10043,1000.0,18.67284576293605,57.0,2.0,10.0,True,0.018645107746124268,3.0,1.0,1.0,1.0,1.0,2.0,-0.10625391006469731,True,0.0,task_only,2202
44,10044,1000.0,20.45369042522998,83.0,3.0,10.0,True,0.029557764530181885,4.0,1.0,3.0,3.0,0.0,4.0,-0.11364107131958012,True,0.0,task_only,2202
45,10045,1000.0,14.743975782928828,55.0,2.0,6.0,True,0.010427713394165039,5.0,3.0,2.0,2.0,0.0,5.0,-0.09736346006393437,True,0.0,task_only,2202
46,10046,1000.0,15.991622137380546,131.0,2.0,6.0,True,0.05456507205963135,5.0,3.0,1.0,2.0,0.0,5.0,-0.10632847547531132,True,0.0,task_only,2202
47,10047,1000.0,18.24821549151602,60.0,2.0,8.0,True,0.03612023591995239,7.0,5.0,1.0,1.0,1.0,6.0,-0.11658273935317998,True,0.0,task_only,2202
48,10048,1000.0,18.655016028112186,69.0,0.0,9.0,True,0.05626577138900757,5.0,5.0,0.0,0.0,0.0,5.0,0.14311016798019405,True,0.0,task_only,2202
49,10049,1000.0,16.821931701408175,148.0,3.0,7.0,True,0.05442774295806885,4.0,1.0,2.0,3.0,0.0,4.0,-0.08544157743453984,True,0.0,task_only,2202
50,10050,1000.0,18.304248638509307,98.0,2.0,8.0,True,0.003155529499053955,4.0,2.0,2.0,2.0,0.0,4.0,-0.07034431695938115,True,0.0,task_only,2202
51,10051,1000.0,16.61085187187382,176.0,3.0,8.0,True,0.017078876495361328,5.0,2.0,2.0,3.0,0.0,5.0,-0.10474060773849492,True,0.0,task_only,2202
52,10052,1000.0,16.720004370288734,90.0,2.0,9.0,True,0.011707842350006104,8.0,6.0,1.0,1.0,1.0,7.0,-0.05399732589721684,True,0.0,task_only,2202
53,10053,1000.0,18.912108142736543,33.0,2.0,10.0,True,0.04963749647140503,3.0,1.0,2.0,2.0,0.0,3.0,-0.11470465660095219,True,0.0,task_only,2202
54,10054,1000.0,18.091622026044206,78.0,3.0,9.0,True,0.03835040330886841,5.0,2.0,3.0,3.0,0.0,5.0,-0.10250525474548344,True,0.0,task_only,2202
55,10055,1000.0,18.639556600974174,66.0,2.0,8.0,True,0.02629011869430542,6.0,4.0,2.0,2.0,0.0,5.0,-0.1061001300811768,True,0.0,task_only,2202
56,10056,1000.0,17.74300586350728,162.0,1.0,7.0,True,0.0055196285247802734,6.0,5.0,0.0,1.0,0.0,6.0,-0.07771306037902836,True,0.0,task_only,2202
57,10057,1000.0,20.201973332356147,88.0,1.0,11.0,True,0.015634596347808838,10.0,9.0,1.0,1.0,0.0,9.0,-0.10883526802062993,True,0.0,task_only,2202
58,10058,1000.0,19.08808203718945,53.0,3.0,10.0,True,0.008754551410675049,5.0,2.0,2.0,2.0,1.0,4.0,-0.10378270149230961,True,0.0,task_only,2202
59,10059,1000.0,15.940902247884878,37.0,3.0,7.0,True,0.13796943426132202,7.0,4.0,3.0,3.0,0.0,6.0,-0.10854237079620366,True,0.0,task_only,2202
60,10060,1000.0,19.48104973296722,127.0,2.0,9.0,True,0.05032914876937866,6.0,4.0,2.0,2.0,0.0,6.0,-0.10223560333251958,True,0.0,task_only,2202
61,10061,1000.0,16.968530048747198,130.0,2.0,7.0,True,0.001495063304901123,7.0,5.0,1.0,1.0,1.0,6.0,-0.10802112817764287,True,0.0,task_only,2202
62,10062,1000.0,18.59354043933041,143.0,2.0,10.0,True,0.029291510581970215,4.0,2.0,2.0,2.0,0.0,4.0,-0.10312198400497441,True,0.0,task_only,2202
63,10063,1000.0,18.25985113405477,132.0,3.0,9.0,True,0.0031775236129760742,5.0,2.0,2.0,2.0,1.0,4.0,-0.10490189790725712,True,0.0,task_only,2202
64,10064,1000.0,16.948177789042347,22.0,1.0,7.0,True,0.11112409830093384,7.0,6.0,0.0,0.0,1.0,6.0,0.1058095812797546,True,0.0,task_only,2202
65,10065,1000.0,20.64407660323195,81.0,4.0,9.0,True,0.04540085792541504,6.0,2.0,3.0,3.0,1.0,5.0,-0.10076915025711064,True,0.0,task_only,2202
66,10066,1000.0,17.03254820204893,27.0,0.0,7.0,True,0.02571845054626465,7.0,7.0,0.0,0.0,0.0,7.0,0.07753409147262569,True,0.0,task_only,2202
67,10067,1000.0,20.848076858189415,106.0,2.0,8.0,True,0.044788241386413574,8.0,6.0,1.0,1.0,1.0,7.0,-0.09491639137268071,True,0.0,task_only,2202
68,10068,1000.0,20.628334844605433,49.0,2.0,11.0,True,0.07431381940841675,7.0,5.0,2.0,2.0,0.0,7.0,-0.10325806140899663,True,0.0,task_only,2202
69,10069,1000.0,18.929948893668097,106.0,3.0,9.0,True,0.043173909187316895,5.0,2.0,3.0,3.0,0.0,5.0,-0.11238973140716557,True,0.0,task_only,2202
70,10070,1000.0,15.374153756985379,36.0,2.0,7.0,True,0.10521697998046875,6.0,4.0,1.0,1.0,1.0,5.0,-0.036348927021026656,True,0.0,task_only,2202
71,10071,1000.0,17.960748027988302,52.0,2.0,8.0,True,0.07853955030441284,4.0,2.0,2.0,2.0,0.0,4.0,-0.11570941209793095,True,0.0,task_only,2202
72,10072,1000.0,20.270761345607752,94.0,2.0,9.0,True,0.003554821014404297,7.0,5.0,2.0,2.0,0.0,6.0,-0.11075483560562138,True,0.0,task_only,2202
73,10073,1000.0,19.587354546524693,18.0,3.0,10.0,True,0.17526108026504517,5.0,2.0,3.0,3.0,0.0,5.0,-0.08902858495712285,True,0.0,task_only,2202
74,10074,1000.0,19.76265768587473,106.0,4.0,9.0,True,0.01910001039505005,6.0,2.0,3.0,3.0,1.0,5.0,-0.08510344028472905,True,0.0,task_only,2202
75,10075,1000.0,19.543335842132365,98.0,2.0,10.0,True,0.03201591968536377,9.0,7.0,1.0,1.0,1.0,8.0,-0.08066438436508183,True,0.0,task_only,2202
76,10076,1000.0,15.3801212388762,88.0,2.0,6.0,True,0.020376920700073242,6.0,4.0,2.0,2.0,0.0,6.0,-0.10360925197601323,True,0.0,task_only,2202
77,10077,1000.0,19.272001018376614,102.0,3.0,8.0,True,0.009321033954620361,9.0,6.0,2.0,3.0,0.0,9.0,-0.10080562829971318,True,0.0,task_only,2202
78,10078,1000.0,20.32193021106741,55.0,2.0,10.0,True,0.010055780410766602,6.0,4.0,1.0,1.0,1.0,5.0,-0.06854258775711064,True,0.0,task_only,2202
79,10079,1000.0,19.34139131229881,39.0,1.0,10.0,True,0.13445931673049927,7.0,6.0,1.0,1.0,0.0,7.0,-0.08572428226470952,True,0.0,task_only,2202
80,10080,1000.0,17.466234279141645,80.0,3.0,8.0,True,0.01825869083404541,6.0,3.0,3.0,3.0,0.0,6.0,-0.11524914503097539,True,0.0,task_only,2202
81,10081,1000.0,19.21604400527758,44.0,3.0,10.0,True,0.11861550807952881,6.0,3.0,2.0,2.0,1.0,5.0,-0.11792652606964116,True,0.0,task_only,2202
82,10082,1000.0,21.64296607075812,43.0,2.0,11.0,True,0.03575420379638672,7.0,5.0,2.0,2.0,0.0,7.0,-0.10390751361846928,True,0.0,task_only,2202
83,10083,1000.0,20.436918711840917,75.0,1.0,10.0,True,0.007074594497680664,8.0,7.0,0.0,0.0,1.0,7.0,0.0004145026206969771,True,0.0,task_only,2202
84,10084,1000.0,14.336726795649156,219.0,5.0,6.0,True,0.015364408493041992,7.0,2.0,4.0,4.0,1.0,6.0,-0.11736344099044804,True,0.0,task_only,2202
85,10085,1000.0,18.55369538382547,70.0,1.0,9.0,True,0.025290369987487793,5.0,4.0,0.0,1.0,0.0,5.0,-0.11410473585128789,True,0.0,task_only,2202
86,10086,1000.0,16.58275800647243,48.0,3.0,8.0,True,0.09757840633392334,3.0,0.0,2.0,2.0,1.0,2.0,-0.10786985158920293,True,0.0,task_only,2202
87,10087,1000.0,14.062767438525043,27.0,2.0,7.0,True,0.08030962944030762,5.0,3.0,1.0,1.0,1.0,3.0,-0.10432540178298955,True,0.0,task_only,2202
88,10088,1000.0,16.5381722257207,98.0,4.0,7.0,True,0.032917320728302,8.0,4.0,3.0,3.0,1.0,7.0,-0.10379986763000493,True,0.0,task_only,2202
89,10089,1000.0,18.352097886341653,43.0,3.0,9.0,True,0.10023200511932373,7.0,4.0,3.0,3.0,0.0,7.0,-0.11414121389389043,True,0.0,task_only,2202
90,10090,1000.0,17.43842246621989,26.0,3.0,9.0,True,0.0895843505859375,6.0,3.0,2.0,2.0,1.0,5.0,-0.08390038013458256,True,0.0,task_only,2202
91,10091,1000.0,20.058255976742657,53.0,3.0,10.0,True,0.04464536905288696,5.0,2.0,2.0,2.0,1.0,4.0,-0.019043493270874068,True,0.0,task_only,2202
92,10092,1000.0,17.05782551115408,50.0,4.0,9.0,True,0.0319361686706543,5.0,1.0,3.0,3.0,1.0,4.0,-0.11020176410675053,True,0.0,task_only,2202
93,10093,1000.0,19.148374272804176,66.0,0.0,9.0,True,0.00652921199798584,8.0,8.0,0.0,0.0,0.0,7.0,0.05167223215103145,True,0.0,task_only,2202
94,10094,1000.0,20.859973385759076,81.0,3.0,11.0,True,0.06249278783798218,4.0,1.0,2.0,3.0,0.0,4.0,-0.1129091858863831,True,0.0,task_only,2202
95,10095,1000.0,18.250645383513074,131.0,3.0,8.0,True,0.01585310697555542,6.0,3.0,2.0,2.0,1.0,5.0,-0.11165909767150883,True,0.0,task_only,2202
96,10096,1000.0,19.086632858634403,50.0,2.0,9.0,True,0.06343495845794678,3.0,1.0,2.0,2.0,0.0,3.0,-0.09862463474273686,True,0.0,task_only,2202
97,10097,1000.0,20.626402261447765,67.0,1.0,10.0,True,0.01816803216934204,6.0,5.0,1.0,1.0,0.0,6.0,-0.10454695224761967,True,0.0,task_only,2202
98,10098,1000.0,20.595222513316116,22.0,3.0,10.0,True,0.15274375677108765,6.0,3.0,2.0,2.0,1.0,5.0,-0.08018641471862797,True,0.0,task_only,2202
99,10099,1000.0,16.24265788005141,76.0,4.0,7.0,True,0.06400412321090698,7.0,3.0,4.0,4.0,0.0,7.0,-0.10501794815063481,True,0.0,task_only,2202
0,10000,1000.0,25.329161722927438,43.0,0.0,11.0,True,0.03723585605621338,11.0,11.0,0.0,0.0,0.0,10.0,0.025545370578765825,True,0.0,task_only,3303
1,10001,1000.0,25.58061702413397,134.0,5.0,12.0,True,0.054146647453308105,7.0,2.0,4.0,4.0,1.0,6.0,-0.11029260158538823,True,0.0,task_only,3303
2,10002,1000.0,27.758824875453683,7.0,1.0,14.0,True,0.1831963062286377,1.0,0.0,1.0,1.0,0.0,1.0,-0.038777935504913374,True,0.0,task_only,3303
3,10003,1000.0,11.691715620808253,469.0,1.0,5.0,True,0.017114996910095215,2.0,1.0,0.0,1.0,0.0,2.0,-0.08332692384719853,True,0.0,task_only,3303
4,10004,1000.0,21.862217124963536,150.0,2.0,8.0,True,0.004659533500671387,7.0,5.0,1.0,1.0,1.0,6.0,-0.12196432352066044,True,0.0,task_only,3303
5,10005,1000.0,27.41881501383193,18.0,2.0,15.0,True,0.10892128944396973,5.0,3.0,2.0,2.0,0.0,5.0,-0.07103310823440556,True,0.0,task_only,3303
6,10006,1000.0,27.420021358181884,32.0,1.0,15.0,True,0.045268714427948,4.0,3.0,1.0,1.0,0.0,4.0,-0.054140555858612105,True,0.0,task_only,3303
7,10007,1000.0,27.110328908940573,50.0,1.0,13.0,True,0.028155505657196045,9.0,8.0,1.0,1.0,0.0,9.0,-0.0025722265243530718,True,0.0,task_only,3303
8,10008,1000.0,15.647227848277907,29.0,2.0,7.0,True,0.042401254177093506,6.0,4.0,1.0,1.0,1.0,5.0,-0.00032596588134770066,True,0.0,task_only,3303
9,10009,1000.0,27.579870765464875,106.0,0.0,12.0,True,0.027624070644378662,9.0,9.0,0.0,0.0,0.0,9.0,0.024975848197936967,True,0.0,task_only,3303
10,10010,1000.0,25.397969353674853,82.0,2.0,11.0,True,0.01779627799987793,7.0,5.0,2.0,2.0,0.0,7.0,-0.10676621198654179,True,0.0,task_only,3303
11,10011,1000.0,27.277401689752878,16.0,1.0,14.0,True,0.013041794300079346,7.0,6.0,1.0,1.0,0.0,7.0,-0.0037352323532104936,True,0.0,task_only,3303
12,10012,1000.0,24.76897716596568,12.0,2.0,13.0,True,0.1148461103439331,3.0,1.0,2.0,2.0,0.0,3.0,-0.08063309192657475,True,0.0,task_only,3303
13,10013,1000.0,19.844406968979456,97.0,2.0,10.0,True,0.012745320796966553,8.0,6.0,2.0,2.0,0.0,8.0,-0.0707293033599854,True,0.0,task_only,3303
14,10014,1000.0,26.24656954454258,67.0,2.0,12.0,True,0.03499424457550049,7.0,5.0,2.0,2.0,0.0,6.0,-0.10218911170959477,True,0.0,task_only,3303
15,10015,1000.0,29.05172147745725,27.0,0.0,15.0,True,0.024387001991271973,6.0,6.0,0.0,0.0,0.0,5.0,0.014836919307708696,True,0.0,task_only,3303
16,10016,1000.0,25.200344953565036,25.0,2.0,11.0,True,0.07392275333404541,4.0,2.0,1.0,2.0,0.0,4.0,-0.10588573217391972,True,0.0,task_only,3303
17,10017,1000.0,25.69341690423653,20.0,2.0,11.0,True,0.09714692831039429,11.0,9.0,1.0,1.0,1.0,10.0,-0.06558375358581547,True,0.0,task_only,3303
18,10018,1000.0,26.76575013024558,67.0,2.0,12.0,True,0.015123188495635986,8.0,6.0,1.0,2.0,0.0,8.0,-0.04617761373519902,True,0.0,task_only,3303
19,10019,1000.0,26.286025605044415,72.0,3.0,13.0,True,0.047908902168273926,6.0,3.0,3.0,3.0,0.0,5.0,-0.1070832490921021,True,0.0,task_only,3303
20,10020,1000.0,25.66813456341879,70.0,3.0,13.0,True,0.04673212766647339,8.0,5.0,2.0,2.0,1.0,7.0,-0.11268513202667241,True,0.0,task_only,3303
21,10021,1000.0,24.899007062692363,84.0,3.0,10.0,True,0.04701340198516846,5.0,2.0,2.0,2.0,1.0,4.0,-0.06389199495315556,True,0.0,task_only,3303
22,10022,1000.0,28.987236571367248,25.0,0.0,13.0,True,0.10673975944519043,10.0,10.0,0.0,0.0,0.0,9.0,0.06372250318527217,True,0.0,task_only,3303
23,10023,1000.0,27.10664688194811,29.0,0.0,14.0,True,0.015422344207763672,4.0,4.0,0.0,0.0,0.0,4.0,0.2371768474578857,True,0.0,task_only,3303
24,10024,1000.0,27.19903988653823,14.0,2.0,14.0,True,0.0321616530418396,4.0,2.0,1.0,2.0,0.0,4.0,-0.06783573627471928,True,0.0,task_only,3303
25,10025,1000.0,25.171283541669254,38.0,3.0,11.0,True,0.016770243644714355,9.0,6.0,3.0,3.0,0.0,9.0,-0.047993469238281294,True,0.0,task_only,3303
26,10026,1000.0,25.16485529190686,68.0,3.0,12.0,True,0.026242196559906006,11.0,8.0,2.0,2.0,1.0,10.0,-0.0862932682037354,True,0.0,task_only,3303
27,10027,1000.0,25.850214377943303,121.0,3.0,12.0,True,0.013439297676086426,9.0,6.0,3.0,3.0,0.0,8.0,-0.10320280790328984,True,0.0,task_only,3303
28,10028,1000.0,24.983262106710754,75.0,3.0,11.0,True,0.04643136262893677,9.0,6.0,2.0,2.0,1.0,8.0,-0.037371385097503707,True,0.0,task_only,3303
29,10029,1000.0,27.575621351636073,56.0,2.0,15.0,True,0.025110483169555664,8.0,6.0,1.0,1.0,1.0,7.0,-0.015676784515380904,True,0.0,task_only,3303
30,10030,1000.0,27.6805480485491,68.0,1.0,13.0,True,0.08118546009063721,5.0,4.0,1.0,1.0,0.0,5.0,-0.10697685480117802,True,0.0,task_only,3303
31,10031,1000.0,24.723531070291756,108.0,3.0,11.0,True,0.020109593868255615,9.0,6.0,3.0,3.0,0.0,9.0,-0.02570341825485234,True,0.0,task_only,3303
32,10032,1000.0,26.961207493615802,57.0,2.0,13.0,True,0.03265303373336792,7.0,5.0,2.0,2.0,0.0,7.0,-0.009348917007446333,True,0.0,task_only,3303
33,10033,1000.0,25.889326958262245,17.0,0.0,12.0,True,0.15760284662246704,8.0,8.0,0.0,0.0,0.0,8.0,0.029043865203857377,True,0.0,task_only,3303
34,10034,1000.0,26.51156411934153,59.0,1.0,14.0,True,0.005835413932800293,6.0,5.0,1.0,1.0,0.0,6.0,-0.11904196739196782,True,0.0,task_only,3303
35,10035,1000.0,26.37334392388584,23.0,2.0,12.0,True,0.16419070959091187,6.0,4.0,1.0,2.0,0.0,6.0,-0.05741052627563481,True,0.0,task_only,3303
36,10036,1000.0,25.32884771047793,28.0,1.0,11.0,True,0.10186082124710083,10.0,9.0,1.0,1.0,0.0,9.0,-0.023004221916198775,True,0.0,task_only,3303
37,10037,1000.0,25.1522937748814,0.0,0.0,13.0,True,0.25345784425735474,1.0,1.0,0.0,0.0,0.0,1.0,0.38518936634063716,True,0.0,task_only,3303
38,10038,1000.0,27.77216992636113,30.0,1.0,13.0,True,0.08286112546920776,8.0,7.0,1.0,1.0,0.0,8.0,-0.034676659107208296,True,0.0,task_only,3303
39,10039,1000.0,26.302780038783112,64.0,1.0,12.0,True,0.01590585708618164,7.0,6.0,1.0,1.0,0.0,6.0,-0.10043262243270878,True,0.0,task_only,3303
40,10040,1000.0,18.235111127323762,136.0,2.0,7.0,True,0.04195046424865723,2.0,0.0,2.0,2.0,0.0,2.0,-0.11497412919998173,True,0.0,task_only,3303
41,10041,1000.0,27.395099115225094,49.0,1.0,12.0,True,0.04123967885971069,9.0,8.0,1.0,1.0,0.0,8.0,-0.009251105785369917,True,0.0,task_only,3303
42,10042,1000.0,25.968870811695524,0.0,0.0,13.0,True,0.44902968406677246,1.0,1.0,0.0,0.0,0.0,1.0,0.6793884754180908,True,0.0,task_only,3303
43,10043,1000.0,26.287631062553828,27.0,1.0,14.0,True,0.00857609510421753,2.0,1.0,1.0,1.0,0.0,2.0,-0.08643381595611577,True,0.0,task_only,3303
44,10044,1000.0,24.917880023705948,69.0,5.0,11.0,True,0.06446081399917603,7.0,2.0,4.0,4.0,1.0,6.0,-0.012221026420593306,True,0.0,task_only,3303
45,10045,1000.0,27.08138975717793,72.0,1.0,13.0,True,0.016000986099243164,7.0,6.0,1.0,1.0,0.0,7.0,-0.10939459800720219,True,0.0,task_only,3303
46,10046,1000.0,26.021878769792238,90.0,3.0,11.0,True,0.039771080017089844,8.0,5.0,2.0,2.0,1.0,7.0,-0.07771270275115971,True,0.0,task_only,3303
47,10047,1000.0,27.01792043010937,68.0,1.0,14.0,True,0.067898690700531,6.0,5.0,1.0,1.0,0.0,6.0,-0.042533028125762984,True,0.0,task_only,3303
48,10048,1000.0,26.209088298346614,30.0,1.0,13.0,True,0.033035337924957275,7.0,6.0,1.0,1.0,0.0,7.0,-0.034848678112030074,True,0.0,task_only,3303
49,10049,1000.0,26.658863842159917,102.0,3.0,13.0,True,0.0795292854309082,7.0,4.0,2.0,2.0,1.0,6.0,-0.05634407997131352,True,0.0,task_only,3303
50,10050,1000.0,28.227633691310075,83.0,0.0,13.0,True,0.022787153720855713,10.0,10.0,0.0,0.0,0.0,9.0,0.045815002918243364,True,0.0,task_only,3303
51,10051,1000.0,23.76775329618249,0.0,0.0,12.0,True,0.21795415878295898,2.0,2.0,0.0,0.0,0.0,2.0,0.3944830417633056,True,0.0,task_only,3303
52,10052,1000.0,27.897392483704607,41.0,1.0,14.0,True,0.08241140842437744,8.0,7.0,0.0,1.0,0.0,8.0,-0.0022639513015747514,True,0.0,task_only,3303
53,10053,1000.0,24.18299712877365,67.0,3.0,12.0,True,0.06514352560043335,7.0,4.0,2.0,2.0,1.0,6.0,-0.007841873168945357,True,0.0,task_only,3303
54,10054,1000.0,26.295829140173737,55.0,2.0,11.0,True,0.07915771007537842,6.0,4.0,2.0,2.0,0.0,6.0,-0.029311883449554488,True,0.0,task_only,3303
55,10055,1000.0,25.156290882778194,70.0,3.0,12.0,True,0.0074806809425354,6.0,3.0,2.0,3.0,0.0,6.0,-0.10412226915359502,True,0.0,task_only,3303
56,10056,1000.0,26.972324457256036,104.0,2.0,13.0,True,0.011134743690490723,6.0,4.0,2.0,2.0,0.0,6.0,-0.06482594013214116,True,0.0,task_only,3303
57,10057,1000.0,24.477263024033164,33.0,1.0,13.0,True,0.05930596590042114,7.0,6.0,1.0,1.0,0.0,7.0,-0.03764032125473027,True,0.0,task_only,3303
58,10058,1000.0,27.851888751489696,11.0,2.0,14.0,True,0.12451010942459106,5.0,3.0,1.0,1.0,1.0,4.0,-0.048513281345367476,True,0.0,task_only,3303
59,10059,1000.0,24.196914575053597,100.0,2.0,10.0,True,0.018298208713531494,12.0,10.0,1.0,1.0,1.0,11.0,-0.053192842006683394,True,0.0,task_only,3303
60,10060,1000.0,25.16373629843929,87.0,2.0,12.0,True,0.009088397026062012,9.0,7.0,1.0,1.0,1.0,8.0,-0.1016523122787476,True,0.0,task_only,3303
61,10061,1000.0,19.87111811115028,71.0,3.0,10.0,True,0.014519691467285156,7.0,4.0,3.0,3.0,0.0,7.0,-0.11705337762832646,True,0.0,task_only,3303
62,10062,1000.0,27.14607935699314,30.0,3.0,14.0,True,0.07273167371749878,6.0,3.0,2.0,2.0,1.0,5.0,-0.042451667785644576,True,0.0,task_only,3303
63,10063,1000.0,13.925746810258715,309.0,2.0,8.0,True,0.0031426548957824707,3.0,1.0,1.0,2.0,0.0,3.0,-0.11455552577972417,True,0.0,task_only,3303
64,10064,1000.0,25.528381979675032,23.0,1.0,11.0,True,0.037139296531677246,8.0,7.0,1.0,1.0,0.0,8.0,-0.08756248950958256,True,0.0,task_only,3303
65,10065,1000.0,26.439185570686277,46.0,0.0,11.0,True,0.020067930221557617,8.0,8.0,0.0,0.0,0.0,7.0,0.08265514373779292,True,0.0,task_only,3303
66,10066,1000.0,25.481458025148413,97.0,3.0,11.0,True,0.008728086948394775,8.0,5.0,2.0,2.0,1.0,7.0,-0.04788814783096318,True,0.0,task_only,3303
67,10067,1000.0,27.606344727799296,27.0,1.0,13.0,True,0.04568159580230713,2.0,1.0,1.0,1.0,0.0,2.0,-0.1190664649009705,True,0.0,task_only,3303
68,10068,1000.0,26.876328672489763,149.0,2.0,12.0,True,0.026112735271453857,11.0,9.0,1.0,1.0,1.0,10.0,-0.11448954343795781,True,0.0,task_only,3303
69,10069,1000.0,24.582668801060663,62.0,2.0,11.0,True,0.062066495418548584,6.0,4.0,1.0,2.0,0.0,6.0,-0.02781234979629521,True,0.0,task_only,3303
70,10070,1000.0,25.004871364499195,89.0,3.0,12.0,True,0.008170008659362793,9.0,6.0,2.0,2.0,1.0,7.0,-0.10374282598495488,True,0.0,task_only,3303
71,10071,1000.0,23.478758342710762,7.0,0.0,10.0,True,0.176081120967865,3.0,3.0,0.0,0.0,0.0,3.0,0.00015593767166133254,True,0.0,task_only,3303
72,10072,1000.0,25.96806406437372,12.0,1.0,13.0,True,0.15019887685775757,7.0,6.0,1.0,1.0,0.0,7.0,-0.06787972450256352,True,0.0,task_only,3303
73,10073,1000.0,24.680503288262116,9.0,1.0,12.0,True,0.16279077529907227,4.0,3.0,0.0,0.0,1.0,3.0,0.23101724386215206,True,0.0,task_only,3303
74,10074,1000.0,26.166179226847817,105.0,4.0,10.0,True,0.009177446365356445,6.0,2.0,3.0,3.0,1.0,5.0,-0.09851055145263676,True,0.0,task_only,3303
75,10075,1000.0,20.989379498974813,42.0,2.0,10.0,True,0.07531231641769409,7.0,5.0,1.0,1.0,1.0,6.0,-0.020662474632263228,True,0.0,task_only,3303
76,10076,1000.0,25.6917434195675,106.0,4.0,11.0,True,0.03225141763687134,11.0,7.0,3.0,3.0,1.0,10.0,-0.07292978763580327,True,0.0,task_only,3303
77,10077,1000.0,25.28128776628364,60.0,3.0,12.0,True,0.08430737257003784,12.0,9.0,2.0,2.0,1.0,10.0,-0.10742335319519047,True,0.0,task_only,3303
78,10078,1000.0,26.801917520282586,21.0,2.0,13.0,True,0.12503939867019653,7.0,5.0,2.0,2.0,0.0,7.0,-0.05798416137695317,True,0.0,task_only,3303
79,10079,1000.0,25.172806972059334,55.0,2.0,13.0,True,0.017414867877960205,8.0,6.0,1.0,1.0,1.0,7.0,-0.025371181964874312,True,0.0,task_only,3303
80,10080,1000.0,24.351957883664,69.0,3.0,10.0,True,0.024073898792266846,9.0,6.0,2.0,2.0,1.0,8.0,-0.10693286657333378,True,0.0,task_only,3303
81,10081,1000.0,25.89759001729817,111.0,4.0,14.0,True,0.03170746564865112,5.0,1.0,3.0,3.0,1.0,4.0,-0.11191730499267583,True,0.0,task_only,3303
82,10082,1000.0,26.306101443991793,7.0,1.0,15.0,True,0.18545490503311157,5.0,4.0,1.0,1.0,0.0,5.0,-0.11705445051193242,True,0.0,task_only,3303
83,10083,1000.0,25.380674101914337,23.0,3.0,13.0,True,0.04751121997833252,7.0,4.0,3.0,3.0,0.0,6.0,-0.036162602901458785,True,0.0,task_only,3303
84,10084,1000.0,26.226329312201415,63.0,1.0,11.0,True,0.033336102962493896,10.0,9.0,0.0,0.0,1.0,9.0,0.0034883141517638716,True,0.0,task_only,3303
85,10085,1000.0,26.311357225619304,46.0,2.0,12.0,True,0.01601386070251465,8.0,6.0,2.0,2.0,0.0,7.0,-0.12013469934463505,True,0.0,task_only,3303
86,10086,1000.0,17.249766405297123,31.0,1.0,7.0,True,0.06175518035888672,4.0,3.0,1.0,1.0,0.0,3.0,-0.10590915679931645,True,0.0,task_only,3303
87,10087,1000.0,25.832584854100787,35.0,1.0,13.0,True,0.037033259868621826,6.0,5.0,1.0,1.0,0.0,6.0,-0.08119599819183354,True,0.0,task_only,3303
88,10088,1000.0,25.598909097740034,28.0,2.0,11.0,True,0.06771790981292725,9.0,7.0,1.0,1.0,1.0,7.0,-0.1048402070999146,True,0.0,task_only,3303
89,10089,1000.0,26.999335740165407,66.0,3.0,12.0,True,0.024810969829559326,9.0,6.0,2.0,2.0,1.0,8.0,-0.1091104626655579,True,0.0,task_only,3303
90,10090,1000.0,25.148623042452527,57.0,2.0,12.0,True,0.01755005121231079,8.0,6.0,2.0,2.0,0.0,7.0,-0.05880759954452519,True,0.0,task_only,3303
91,10091,1000.0,27.348048333665247,0.0,0.0,15.0,True,0.28903090953826904,1.0,1.0,0.0,0.0,0.0,1.0,0.10803742408752437,True,0.0,task_only,3303
92,10092,1000.0,25.807995406068585,79.0,3.0,12.0,True,0.03474658727645874,7.0,4.0,3.0,3.0,0.0,7.0,-0.08458023071289067,True,0.0,task_only,3303
93,10093,1000.0,23.572249245899002,64.0,2.0,11.0,True,0.07051956653594971,7.0,5.0,1.0,1.0,1.0,6.0,-0.05090509653091435,True,0.0,task_only,3303
94,10094,1000.0,25.70664373922773,32.0,2.0,14.0,True,0.058493614196777344,4.0,2.0,2.0,2.0,0.0,4.0,-0.06397782564163212,True,0.0,task_only,3303
95,10095,1000.0,23.021476215661096,51.0,2.0,11.0,True,0.005254268646240234,8.0,6.0,1.0,2.0,0.0,8.0,-0.043696570396423384,True,0.0,task_only,3303
96,10096,1000.0,26.97809673867232,48.0,1.0,14.0,True,0.018520474433898926,5.0,4.0,1.0,1.0,0.0,5.0,-0.08331995010375981,True,0.0,task_only,3303
97,10097,1000.0,28.711635146750268,15.0,0.0,16.0,True,0.059467613697052,2.0,2.0,0.0,0.0,0.0,2.0,0.057713997364044145,True,0.0,task_only,3303
98,10098,1000.0,25.56874118019914,42.0,1.0,11.0,True,0.07545322179794312,8.0,7.0,1.0,1.0,0.0,8.0,-0.020559835433960005,True,0.0,task_only,3303
99,10099,1000.0,23.730863278725337,83.0,2.0,11.0,True,0.011518657207489014,10.0,8.0,1.0,2.0,0.0,10.0,-0.11542778015136723,True,0.0,task_only,3303
0,10000,1000.0,26.038953359166044,37.0,2.0,13.0,True,0.0013777613639831543,10.0,8.0,1.0,2.0,0.0,10.0,-0.029736566543579146,True,0.0,task_only,4404
1,10001,1000.0,25.576439383039542,84.0,3.0,13.0,True,0.02330571413040161,5.0,2.0,3.0,3.0,0.0,5.0,-0.08478318452835087,True,0.0,task_only,4404
2,10002,1000.0,25.434819772181072,11.0,1.0,13.0,True,0.1260899305343628,4.0,3.0,0.0,0.0,1.0,3.0,0.1614641666412353,True,0.0,task_only,4404
3,10003,1000.0,27.190584380967266,77.0,1.0,11.0,True,0.00647968053817749,9.0,8.0,1.0,1.0,0.0,9.0,-0.05090277194976811,True,0.0,task_only,4404
4,10004,1000.0,27.199942021748484,23.0,1.0,13.0,True,0.14536696672439575,7.0,6.0,0.0,0.0,1.0,6.0,0.010057401657104448,True,0.0,task_only,4404
5,10005,1000.0,26.154647686522367,55.0,0.0,12.0,True,0.007033824920654297,6.0,6.0,0.0,0.0,0.0,5.0,0.048028540611267045,True,0.0,task_only,4404
6,10006,1000.0,25.631676886491732,17.0,0.0,15.0,True,0.15995335578918457,7.0,7.0,0.0,0.0,0.0,6.0,0.0959984183311462,True,0.0,task_only,4404
7,10007,1000.0,26.926838268209394,32.0,2.0,12.0,True,0.04801100492477417,9.0,7.0,1.0,1.0,1.0,8.0,-0.11289988756179814,True,0.0,task_only,4404
8,10008,1000.0,27.866013944694714,124.0,3.0,12.0,True,0.003935337066650391,11.0,8.0,3.0,3.0,0.0,11.0,-0.10905538797378544,True,0.0,task_only,4404
9,10009,1000.0,28.260796412054333,47.0,0.0,13.0,True,0.00676274299621582,7.0,7.0,0.0,0.0,0.0,7.0,0.05853117704391475,True,0.0,task_only,4404
10,10010,1000.0,24.967470024713293,142.0,4.0,11.0,True,0.027979016304016113,6.0,2.0,3.0,3.0,1.0,5.0,-0.11431198120117192,True,0.0,task_only,4404
11,10011,1000.0,27.18634730550002,57.0,0.0,13.0,True,0.010419309139251709,6.0,6.0,0.0,0.0,0.0,6.0,0.04866815805435176,True,0.0,task_only,4404
12,10012,1000.0,25.80683059295552,5.0,1.0,13.0,True,0.19440650939941406,5.0,4.0,0.0,0.0,1.0,3.0,0.351726484298706,True,0.0,task_only,4404
13,10013,1000.0,24.108366769645272,29.0,2.0,11.0,True,0.12074929475784302,4.0,2.0,1.0,1.0,1.0,3.0,-0.0030643224716186968,True,0.0,task_only,4404
14,10014,1000.0,24.208248167245983,142.0,3.0,11.0,True,0.04636716842651367,7.0,4.0,3.0,3.0,0.0,7.0,-0.11577986478805546,True,0.0,task_only,4404
15,10015,1000.0,26.856267072718083,9.0,1.0,13.0,True,0.19067251682281494,5.0,4.0,1.0,1.0,0.0,4.0,-0.047841119766235396,True,0.0,task_only,4404
16,10016,1000.0,26.808572394897055,31.0,0.0,12.0,True,0.008788526058197021,7.0,7.0,0.0,0.0,0.0,7.0,0.01447750329971309,True,0.0,task_only,4404
17,10017,1000.0,26.74470303756607,86.0,3.0,12.0,True,0.00670856237411499,9.0,6.0,2.0,2.0,1.0,8.0,-0.10198222398757939,True,0.0,task_only,4404
18,10018,1000.0,25.69965744260935,119.0,1.0,13.0,True,0.021686553955078125,9.0,8.0,1.0,1.0,0.0,8.0,-0.04541425704956059,True,0.0,task_only,4404
19,10019,1000.0,26.741927510975074,25.0,0.0,13.0,True,0.02790731191635132,7.0,7.0,0.0,0.0,0.0,7.0,0.03971959352493282,True,0.0,task_only,4404
20,10020,1000.0,26.30398226469606,72.0,1.0,14.0,True,0.03802460432052612,6.0,5.0,1.0,1.0,0.0,6.0,-0.11245625019073491,True,0.0,task_only,4404
21,10021,1000.0,25.02518803183375,82.0,1.0,12.0,True,0.009698152542114258,8.0,7.0,1.0,1.0,0.0,7.0,-0.08443431854248051,True,0.0,task_only,4404
22,10022,1000.0,28.443050064578074,29.0,2.0,14.0,True,0.10669863224029541,9.0,7.0,2.0,2.0,0.0,9.0,-0.06788169145584111,True,0.0,task_only,4404
23,10023,1000.0,24.725237131064205,42.0,0.0,12.0,True,0.0664263367652893,6.0,6.0,0.0,0.0,0.0,6.0,0.09570140838623042,True,0.0,task_only,4404
24,10024,1000.0,26.686155678774412,52.0,2.0,14.0,True,0.08026045560836792,5.0,3.0,2.0,2.0,0.0,5.0,-0.1165754079818726,True,0.0,task_only,4404
25,10025,1000.0,24.163213818440454,45.0,1.0,12.0,True,0.03902578353881836,9.0,8.0,1.0,1.0,0.0,8.0,-0.019134330749511763,True,0.0,task_only,4404
26,10026,1000.0,25.583600491787365,57.0,2.0,11.0,True,0.036143481731414795,12.0,10.0,1.0,1.0,1.0,11.0,-0.007018435001373335,True,0.0,task_only,4404
27,10027,1000.0,25.00991574673867,103.0,2.0,12.0,True,0.008624911308288574,10.0,8.0,1.0,2.0,0.0,10.0,-0.10469697713851933,True,0.0,task_only,4404
28,10028,1000.0,21.73698796520148,124.0,4.0,10.0,True,0.014790594577789307,6.0,2.0,4.0,4.0,0.0,6.0,-0.10077147483825688,True,0.0,task_only,4404
29,10029,1000.0,25.99320947734458,22.0,1.0,11.0,True,0.04686158895492554,6.0,5.0,1.0,1.0,0.0,6.0,-0.007504093647003218,True,0.0,task_only,4404
30,10030,1000.0,24.27932994114235,39.0,1.0,11.0,True,0.008575379848480225,4.0,3.0,1.0,1.0,0.0,4.0,-0.10030030012130742,True,0.0,task_only,4404
31,10031,1000.0,26.469277254494955,106.0,3.0,12.0,True,0.016490936279296875,10.0,7.0,2.0,2.0,1.0,9.0,-0.051876950263977095,True,0.0,task_only,4404
32,10032,1000.0,24.800462592578697,50.0,2.0,12.0,True,0.021214663982391357,8.0,6.0,2.0,2.0,0.0,8.0,-0.11227779388427739,True,0.0,task_only,4404
33,10033,1000.0,24.521317606486264,26.0,2.0,12.0,True,0.01006239652633667,6.0,4.0,1.0,1.0,1.0,5.0,-0.00804679393768315,True,0.0,task_only,4404
34,10034,1000.0,26.805118543921708,13.0,0.0,12.0,True,0.16207784414291382,8.0,8.0,0.0,0.0,0.0,8.0,0.09020109176635738,True,0.0,task_only,4404
35,10035,1000.0,24.35740203850719,83.0,3.0,11.0,True,0.024942755699157715,8.0,5.0,3.0,3.0,0.0,8.0,-0.024175274372100874,True,0.0,task_only,4404
36,10036,1000.0,25.187207869432314,83.0,1.0,10.0,True,0.020811617374420166,9.0,8.0,1.0,1.0,0.0,9.0,-0.10906897783279423,True,0.0,task_only,4404
37,10037,1000.0,24.797238669873423,4.0,1.0,13.0,True,0.19472569227218628,4.0,3.0,1.0,1.0,0.0,4.0,-0.08460955619812016,True,0.0,task_only,4404
38,10038,1000.0,20.92678194007658,27.0,1.0,9.0,True,0.14539557695388794,5.0,4.0,1.0,1.0,0.0,5.0,-0.10217051506042485,True,0.0,task_only,4404
39,10039,1000.0,26.131063293745683,82.0,2.0,12.0,True,0.01261281967163086,6.0,4.0,1.0,2.0,0.0,6.0,-0.06372480392456059,True,0.0,task_only,4404
40,10040,1000.0,27.503310965723358,53.0,2.0,14.0,True,0.02049422264099121,6.0,4.0,2.0,2.0,0.0,6.0,-0.07398586273193364,True,0.0,task_only,4404
41,10041,1000.0,25.418123340781676,113.0,3.0,11.0,True,0.007394313812255859,9.0,6.0,2.0,2.0,1.0,8.0,-0.1068366646766663,True,0.0,task_only,4404
42,10042,1000.0,23.416955129119742,14.0,0.0,12.0,True,0.12738919258117676,2.0,2.0,0.0,0.0,0.0,2.0,0.3507376432418823,True,0.0,task_only,4404
43,10043,1000.0,25.581450458554173,14.0,1.0,13.0,True,0.012014508247375488,5.0,4.0,1.0,1.0,0.0,5.0,-0.039982604980468794,True,0.0,task_only,4404
44,10044,1000.0,19.66087044403048,20.0,3.0,8.0,True,0.11894488334655762,7.0,4.0,2.0,2.0,1.0,6.0,-0.056085515022277876,True,0.0,task_only,4404
45,10045,1000.0,27.064238134435072,41.0,3.0,14.0,True,0.03496599197387695,10.0,7.0,3.0,3.0,0.0,10.0,-0.1089484572410584,True,0.0,task_only,4404
46,10046,1000.0,25.685693581937358,42.0,2.0,11.0,True,0.034558117389678955,10.0,8.0,1.0,1.0,1.0,9.0,-0.04934583902359013,True,0.0,task_only,4404
47,10047,1000.0,24.770870234047834,33.0,1.0,10.0,True,0.11487078666687012,7.0,6.0,1.0,1.0,0.0,7.0,-0.10723595619201665,True,0.0,task_only,4404
48,10048,1000.0,24.198426384878985,84.0,4.0,11.0,True,0.05369210243225098,8.0,4.0,3.0,3.0,1.0,7.0,-0.10772733688354497,True,0.0,task_only,4404
49,10049,1000.0,23.35055220094,96.0,0.0,10.0,True,0.06787687540054321,9.0,9.0,0.0,0.0,0.0,9.0,0.0016195297241210493,True,0.0,task_only,4404
50,10050,1000.0,25.02254276527492,87.0,2.0,13.0,True,0.036090731620788574,7.0,5.0,2.0,2.0,0.0,6.0,-0.1148441314697266,True,0.0,task_only,4404
51,10051,1000.0,29.51438019773923,19.0,2.0,16.0,True,0.03198659420013428,3.0,1.0,1.0,1.0,1.0,2.0,-0.10795586109161381,True,0.0,task_only,4404
52,10052,1000.0,27.49840484019478,39.0,2.0,14.0,True,0.009721040725708008,8.0,6.0,1.0,1.0,1.0,7.0,-0.030953574180603072,True,0.0,task_only,4404
53,10053,1000.0,24.72117595527743,72.0,2.0,13.0,True,0.03544771671295166,4.0,2.0,2.0,2.0,0.0,4.0,-0.08070050477981572,True,0.0,task_only,4404
54,10054,1000.0,26.008393605529818,94.0,3.0,12.0,True,0.009265780448913574,9.0,6.0,2.0,2.0,1.0,7.0,-0.09277259111404423,True,0.0,task_only,4404
55,10055,1000.0,26.840886994153152,25.0,1.0,14.0,True,0.06964051723480225,4.0,3.0,1.0,1.0,0.0,4.0,-0.10115360021591191,True,0.0,task_only,4404
56,10056,1000.0,23.125579117255256,18.0,0.0,8.0,True,0.10824751853942871,6.0,6.0,0.0,0.0,0.0,5.0,0.16244889497756954,True,0.0,task_only,4404
57,10057,1000.0,24.30582678047722,62.0,3.0,13.0,True,0.011146903038024902,7.0,4.0,2.0,2.0,1.0,6.0,-0.07816939353942876,True,0.0,task_only,4404
58,10058,1000.0,26.518207191693364,41.0,3.0,13.0,True,0.02573293447494507,5.0,2.0,2.0,2.0,1.0,4.0,-0.0694981694221497,True,0.0,task_only,4404
59,10059,1000.0,27.74394777222369,73.0,3.0,13.0,True,0.026562631130218506,8.0,5.0,2.0,2.0,1.0,7.0,-0.10682522058486943,True,0.0,task_only,4404
60,10060,1000.0,27.317613586506923,24.0,2.0,13.0,True,0.010845780372619629,6.0,4.0,2.0,2.0,0.0,6.0,-0.11011486053466801,True,0.0,task_only,4404
61,10061,1000.0,27.795651519080366,104.0,2.0,13.0,True,0.0025309324264526367,8.0,6.0,2.0,2.0,0.0,7.0,-0.023066270351409957,True,0.0,task_only,4404
62,10062,1000.0,25.458803225941665,52.0,1.0,12.0,True,0.0824705958366394,9.0,8.0,1.0,1.0,0.0,9.0,-0.0009655833244324175,True,0.0,task_only,4404
63,10063,1000.0,27.866304271683475,12.0,0.0,15.0,True,0.10913729667663574,6.0,6.0,0.0,0.0,0.0,6.0,0.13047875165939327,True,0.0,task_only,4404
64,10064,1000.0,22.313828484067926,31.0,1.0,11.0,True,0.08953428268432617,6.0,5.0,1.0,1.0,0.0,6.0,-0.013916540145874068,True,0.0,task_only,4404
65,10065,1000.0,20.350286358365338,66.0,1.0,10.0,True,0.022375524044036865,8.0,7.0,0.0,0.0,1.0,7.0,0.07802529335021968,True,0.0,task_only,4404
66,10066,1000.0,24.57448665627453,75.0,0.0,10.0,True,0.007550954818725586,8.0,8.0,0.0,0.0,0.0,7.0,0.026192677021026567,True,0.0,task_only,4404
67,10067,1000.0,24.08541422946655,42.0,1.0,11.0,True,0.052626192569732666,5.0,4.0,1.0,1.0,0.0,5.0,-0.026867496967315718,True,0.0,task_only,4404
68,10068,1000.0,26.139872563093377,73.0,2.0,12.0,True,0.06699281930923462,7.0,5.0,2.0,2.0,0.0,6.0,-0.11252992153167729,True,0.0,task_only,4404
69,10069,1000.0,25.17017165420839,77.0,3.0,11.0,True,0.024342477321624756,7.0,4.0,3.0,3.0,0.0,7.0,-0.10875462293624882,True,0.0,task_only,4404
70,10070,1000.0,24.99155244333383,79.0,2.0,12.0,True,0.04493057727813721,11.0,9.0,2.0,2.0,0.0,10.0,-0.06866686344146733,True,0.0,task_only,4404
71,10071,1000.0,27.124812148264027,20.0,2.0,13.0,True,0.14454352855682373,4.0,2.0,2.0,2.0,0.0,4.0,-0.06458740234375004,True,0.0,task_only,4404
72,10072,1000.0,24.224627616818907,114.0,2.0,11.0,True,0.06626111268997192,5.0,3.0,2.0,2.0,0.0,5.0,-0.1082707524299622,True,0.0,task_only,4404
73,10073,1000.0,23.556747323920717,28.0,1.0,10.0,True,0.006141006946563721,4.0,3.0,1.0,1.0,0.0,4.0,-0.03533970117568974,True,0.0,task_only,4404
74,10074,1000.0,26.09015460374576,76.0,3.0,10.0,True,0.013551592826843262,8.0,5.0,2.0,2.0,1.0,7.0,-0.0734848260879517,True,0.0,task_only,4404
75,10075,1000.0,21.870526257054735,37.0,1.0,11.0,True,0.027373552322387695,8.0,7.0,1.0,1.0,0.0,7.0,-0.017701315879821822,True,0.0,task_only,4404
76,10076,1000.0,25.34866878640969,67.0,2.0,12.0,True,0.014675617218017578,8.0,6.0,1.0,2.0,0.0,8.0,-0.04898481369018559,True,0.0,task_only,4404
77,10077,1000.0,25.898552328711048,32.0,2.0,13.0,True,0.03818732500076294,12.0,10.0,1.0,1.0,1.0,10.0,-0.010874021053314253,True,0.0,task_only,4404
78,10078,1000.0,26.98290019963315,9.0,0.0,13.0,True,0.1637755036354065,7.0,7.0,0.0,0.0,0.0,7.0,0.025284123420715288,True,0.0,task_only,4404
79,10079,1000.0,28.370484398335975,34.0,0.0,15.0,True,0.009554564952850342,6.0,6.0,0.0,0.0,0.0,6.0,0.0016345500946044478,True,0.0,task_only,4404
80,10080,1000.0,26.237198709259246,55.0,2.0,12.0,True,0.018285155296325684,7.0,5.0,1.0,1.0,1.0,6.0,-0.07768427133560185,True,0.0,task_only,4404
81,10081,1000.0,25.549203790425963,24.0,1.0,12.0,True,0.05079817771911621,5.0,4.0,1.0,1.0,0.0,4.0,-0.06599556207656865,True,0.0,task_only,4404
82,10082,1000.0,23.593803788913647,15.0,0.0,13.0,True,0.10106080770492554,2.0,2.0,0.0,0.0,0.0,2.0,0.1272130727767944,True,0.0,task_only,4404
83,10083,1000.0,25.730579053187284,43.0,1.0,12.0,True,0.10782694816589355,10.0,9.0,0.0,0.0,1.0,9.0,0.10617275238037105,True,0.0,task_only,4404
84,10084,1000.0,23.134253362171876,38.0,2.0,10.0,True,0.0059525370597839355,10.0,8.0,2.0,2.0,0.0,10.0,-0.0805138230323792,True,0.0,task_only,4404
85,10085,1000.0,25.01078959655206,42.0,1.0,11.0,True,0.017022371292114258,10.0,9.0,1.0,1.0,0.0,10.0,-0.07922296524047856,True,0.0,task_only,4404
86,10086,1000.0,25.18489824903861,25.0,2.0,12.0,True,0.07795822620391846,3.0,1.0,1.0,1.0,1.0,2.0,-0.016555476188659712,True,0.0,task_only,4404
87,10087,1000.0,25.51015355515665,31.0,1.0,13.0,True,0.05332303047180176,5.0,4.0,1.0,1.0,0.0,5.0,-0.01617996692657475,True,0.0,task_only,4404
88,10088,1000.0,23.73443025315555,70.0,3.0,10.0,True,0.022280216217041016,7.0,4.0,2.0,2.0,1.0,6.0,-0.06681524515151982,True,0.0,task_only,4404
89,10089,1000.0,24.710965510792448,61.0,2.0,11.0,True,0.039115190505981445,11.0,9.0,1.0,1.0,1.0,10.0,-0.006863760948181197,True,0.0,task_only,4404
90,10090,1000.0,23.89841744840669,15.0,3.0,11.0,True,0.14285874366760254,6.0,3.0,2.0,2.0,1.0,5.0,-0.06811218261718754,True,0.0,task_only,4404
91,10091,1000.0,25.199262326968437,0.0,1.0,13.0,True,0.2379339337348938,3.0,2.0,0.0,0.0,1.0,2.0,0.11799324750900264,True,0.0,task_only,4404
92,10092,1000.0,25.729943548831216,78.0,4.0,11.0,True,0.04653507471084595,4.0,0.0,3.0,3.0,1.0,3.0,-0.10191838741302495,True,0.0,task_only,4404
93,10093,1000.0,26.732058497821527,80.0,1.0,13.0,True,0.013126552104949951,6.0,5.0,1.0,1.0,0.0,6.0,-0.06649320125579838,True,0.0,task_only,4404
94,10094,1000.0,27.28487765652244,17.0,2.0,15.0,True,0.05976623296737671,6.0,4.0,1.0,1.0,1.0,5.0,-0.06716464757919316,True,0.0,task_only,4404
95,10095,1000.0,20.743432558382665,79.0,3.0,9.0,True,0.009091615676879883,6.0,3.0,3.0,3.0,0.0,6.0,-0.10547392368316655,True,0.0,task_only,4404
96,10096,1000.0,24.96131044721551,73.0,1.0,12.0,True,0.014644145965576172,9.0,8.0,1.0,1.0,0.0,8.0,-0.08723329305648808,True,0.0,task_only,4404
97,10097,1000.0,22.336443424113895,52.0,1.0,12.0,True,0.038465917110443115,8.0,7.0,1.0,1.0,0.0,8.0,-0.10482321977615361,True,0.0,task_only,4404
98,10098,1000.0,27.10755430976701,46.0,1.0,12.0,True,0.04746061563491821,9.0,8.0,0.0,0.0,1.0,8.0,0.005941998958587602,True,0.0,task_only,4404
99,10099,1000.0,24.77315737707977,71.0,1.0,11.0,True,0.010675549507141113,11.0,10.0,1.0,1.0,0.0,11.0,-0.04400037527084355,True,0.0,task_only,4404
0,10000,1000.0,26.65966986702051,69.0,0.0,12.0,True,0.08062684535980225,10.0,10.0,0.0,0.0,0.0,10.0,0.03300906419754024,True,0.0,task_only,5505
1,10001,1000.0,25.915595596148705,90.0,2.0,13.0,True,0.00478363037109375,6.0,4.0,2.0,2.0,0.0,6.0,-0.10688726902008061,True,0.0,task_only,5505
2,10002,1000.0,26.0495573474509,33.0,3.0,13.0,True,0.02706277370452881,5.0,2.0,3.0,3.0,0.0,5.0,-0.07711170911788945,True,0.0,task_only,5505
3,10003,1000.0,25.73989970681214,70.0,2.0,11.0,True,0.043968915939331055,6.0,4.0,2.0,2.0,0.0,6.0,-0.0300307154655457,True,0.0,task_only,5505
4,10004,1000.0,24.68698535128351,62.0,0.0,10.0,True,0.026413321495056152,10.0,10.0,0.0,0.0,0.0,9.0,0.006791543960571245,True,0.0,task_only,5505
5,10005,1000.0,26.666794840366492,47.0,1.0,13.0,True,0.036897361278533936,10.0,9.0,1.0,1.0,0.0,10.0,-0.049229431152343794,True,0.0,task_only,5505
6,10006,1000.0,25.131112986702647,32.0,1.0,13.0,True,0.1402485966682434,7.0,6.0,0.0,0.0,1.0,6.0,0.0751893043518066,True,0.0,task_only,5505
7,10007,1000.0,26.064133764906728,96.0,2.0,13.0,True,0.04155850410461426,10.0,8.0,1.0,2.0,0.0,10.0,-0.1016625046730042,True,0.0,task_only,5505
8,10008,1000.0,27.18217943861964,72.0,1.0,12.0,True,0.044655025005340576,8.0,7.0,1.0,1.0,0.0,7.0,-0.02411894798278813,True,0.0,task_only,5505
9,10009,1000.0,28.659237069935443,62.0,0.0,13.0,True,0.07307320833206177,6.0,6.0,0.0,0.0,0.0,5.0,0.01934249401092525,True,0.0,task_only,5505
10,10010,1000.0,25.262848635509727,112.0,2.0,11.0,True,0.02933710813522339,8.0,6.0,2.0,2.0,0.0,7.0,-0.12714438438415532,True,0.0,task_only,5505
11,10011,1000.0,26.08776551664596,0.0,0.0,14.0,True,0.25530052185058594,5.0,5.0,0.0,0.0,0.0,5.0,0.0542094230651855,True,0.0,task_only,5505
12,10012,1000.0,25.507162342641095,45.0,0.0,13.0,True,0.02671229839324951,5.0,5.0,0.0,0.0,0.0,5.0,0.08337969779968257,True,0.0,task_only,5505
13,10013,1000.0,25.9390963005535,24.0,2.0,12.0,True,0.06811541318893433,8.0,6.0,1.0,1.0,1.0,6.0,-0.06892060041427617,True,0.0,task_only,5505
14,10014,1000.0,26.36050621294271,128.0,3.0,12.0,True,0.005996525287628174,8.0,5.0,2.0,2.0,1.0,7.0,-0.07213853597640996,True,0.0,task_only,5505
15,10015,1000.0,26.0271539599853,13.0,0.0,13.0,True,0.12617558240890503,2.0,2.0,0.0,0.0,0.0,1.0,0.42483652830123897,True,0.0,task_only,5505
16,10016,1000.0,24.392370702417793,67.0,1.0,10.0,True,0.05191844701766968,10.0,9.0,0.0,0.0,1.0,9.0,0.07823575735092159,True,0.0,task_only,5505
17,10017,1000.0,28.697071939957823,65.0,1.0,12.0,True,0.09747165441513062,10.0,9.0,1.0,1.0,0.0,9.0,-0.05039136409759526,True,0.0,task_only,5505
18,10018,1000.0,25.233335347135835,52.0,1.0,12.0,True,0.07041192054748535,7.0,6.0,1.0,1.0,0.0,6.0,-0.08082996606826787,True,0.0,task_only,5505
19,10019,1000.0,25.947131699753527,44.0,4.0,13.0,True,0.014777004718780518,8.0,4.0,3.0,3.0,1.0,7.0,-0.07052009105682377,True,0.0,task_only,5505
20,10020,1000.0,25.121313311276026,34.0,0.0,13.0,True,0.039413273334503174,6.0,6.0,0.0,0.0,0.0,6.0,0.014400613307952836,True,0.0,task_only,5505
21,10021,1000.0,-1.0717877634342585,17.0,0.0,1.0,True,0.1596052050590515,2.0,2.0,0.0,0.0,0.0,2.0,0.036885213851928667,True,0.0,task_only,5505
22,10022,1000.0,27.521644618533173,42.0,3.0,12.0,True,0.02702432870864868,9.0,6.0,2.0,2.0,1.0,8.0,-0.04260562658309941,True,0.0,task_only,5505
23,10023,1000.0,27.197428024035617,0.0,1.0,14.0,True,0.34439563751220703,4.0,3.0,1.0,1.0,0.0,4.0,-0.023731100559234664,True,0.0,task_only,5505
24,10024,1000.0,27.36001682835922,32.0,1.0,14.0,True,0.06241410970687866,2.0,1.0,1.0,1.0,0.0,2.0,-0.034726190567016646,True,0.0,task_only,5505
25,10025,1000.0,26.49774394781707,29.0,2.0,12.0,True,0.09679001569747925,9.0,7.0,2.0,2.0,0.0,9.0,-0.09891699552536015,True,0.0,task_only,5505
26,10026,1000.0,25.137957253824425,72.0,5.0,11.0,True,0.05201965570449829,11.0,6.0,4.0,4.0,1.0,10.0,-0.10987864732742314,True,0.0,task_only,5505
27,10027,1000.0,26.293933517925325,99.0,4.0,12.0,True,0.01218348741531372,7.0,3.0,3.0,3.0,1.0,6.0,-0.1048949241638184,True,0.0,task_only,5505
28,10028,1000.0,27.72894344657834,57.0,3.0,13.0,True,0.005649089813232422,6.0,3.0,3.0,3.0,0.0,6.0,-0.06588737964630131,True,0.0,task_only,5505
29,10029,1000.0,26.890572366904053,27.0,0.0,13.0,True,0.08295661211013794,6.0,6.0,0.0,0.0,0.0,6.0,0.043888640403747514,True,0.0,task_only,5505
30,10030,1000.0,21.579213537334,12.0,1.0,9.0,True,0.17722785472869873,6.0,5.0,0.0,1.0,0.0,6.0,-0.10284768342971806,True,0.0,task_only,5505
31,10031,1000.0,26.435526085650054,47.0,3.0,12.0,True,0.10851234197616577,8.0,5.0,2.0,2.0,1.0,7.0,-0.10256819725036626,True,0.0,task_only,5505
32,10032,1000.0,25.989268840996374,75.0,2.0,13.0,True,0.013595938682556152,12.0,10.0,1.0,1.0,1.0,11.0,-0.025425720214843794,True,0.0,task_only,5505
33,10033,1000.0,26.952494369321357,12.0,0.0,14.0,True,0.13189083337783813,5.0,5.0,0.0,0.0,0.0,5.0,0.01699573993682857,True,0.0,task_only,5505
34,10034,1000.0,26.434865164668736,19.0,1.0,13.0,True,0.06764620542526245,7.0,6.0,1.0,1.0,0.0,7.0,-0.03955738544464116,True,0.0,task_only,5505
35,10035,1000.0,25.188981335080825,25.0,2.0,11.0,True,0.12128394842147827,6.0,4.0,2.0,2.0,0.0,5.0,-0.02645443677902226,True,0.0,task_only,5505
36,10036,1000.0,27.003507390756567,54.0,1.0,13.0,True,0.005640864372253418,8.0,7.0,1.0,1.0,0.0,7.0,-0.02260224819183354,True,0.0,task_only,5505
37,10037,1000.0,27.901609846035626,45.0,2.0,15.0,True,0.0212252140045166,6.0,4.0,1.0,2.0,0.0,6.0,-0.11714332103729252,True,0.0,task_only,5505
38,10038,1000.0,28.630104017780468,50.0,0.0,14.0,True,0.010150372982025146,7.0,7.0,0.0,0.0,0.0,6.0,0.008637082576751665,True,0.0,task_only,5505
39,10039,1000.0,24.605180974862378,82.0,0.0,11.0,True,0.030489027500152588,7.0,7.0,0.0,0.0,0.0,7.0,0.0164473176002502,True,0.0,task_only,5505
40,10040,1000.0,26.008691492947037,102.0,3.0,12.0,True,0.029207825660705566,8.0,5.0,2.0,2.0,1.0,7.0,-0.10779474973678593,True,0.0,task_only,5505
41,10041,1000.0,24.96570324030654,78.0,2.0,10.0,True,0.007206737995147705,10.0,8.0,1.0,2.0,0.0,10.0,-0.11440210342407231,True,0.0,task_only,5505
42,10042,1000.0,27.346775899388376,0.0,0.0,16.0,True,0.3603311777114868,1.0,1.0,0.0,0.0,0.0,1.0,0.5674695491790771,True,0.0,task_only,5505
43,10043,1000.0,26.270225120875693,32.0,2.0,13.0,True,0.03211498260498047,5.0,3.0,1.0,2.0,0.0,5.0,-0.10195879936218266,True,0.0,task_only,5505
44,10044,1000.0,25.628965415198763,103.0,2.0,11.0,True,0.039625704288482666,8.0,6.0,2.0,2.0,0.0,7.0,-0.0536396980285645,True,0.0,task_only,5505
45,10045,1000.0,26.1145344675424,76.0,1.0,11.0,True,0.020004093647003174,11.0,10.0,0.0,0.0,1.0,10.0,0.0059986829757689986,True,0.0,task_only,5505
46,10046,1000.0,25.78041744582879,50.0,1.0,10.0,True,0.048296570777893066,7.0,6.0,1.0,1.0,0.0,7.0,-0.11469893455505376,True,0.0,task_only,5505
47,10047,1000.0,26.931702639036303,42.0,1.0,13.0,True,0.0348132848739624,5.0,4.0,1.0,1.0,0.0,5.0,-0.08087538480758671,True,0.0,task_only,5505
48,10048,1000.0,25.475782187411824,102.0,3.0,14.0,True,0.024615168571472168,7.0,4.0,3.0,3.0,0.0,6.0,-0.10519944429397587,True,0.0,task_only,5505
49,10049,1000.0,26.640934873163133,64.0,1.0,12.0,True,0.025399446487426758,8.0,7.0,0.0,0.0,1.0,7.0,0.06132264137268062,True,0.0,task_only,5505
50,10050,1000.0,25.252817709508236,99.0,2.0,12.0,True,0.00762176513671875,8.0,6.0,1.0,1.0,1.0,7.0,-0.0029454112052917925,True,0.0,task_only,5505
51,10051,1000.0,28.245811134891483,0.0,0.0,14.0,True,0.39059704542160034,1.0,1.0,0.0,0.0,0.0,1.0,0.9160544395446777,True,0.0,task_only,5505
52,10052,1000.0,27.498007284382766,63.0,1.0,14.0,True,0.038583219051361084,9.0,8.0,1.0,1.0,0.0,9.0,-0.10342239141464238,True,0.0,task_only,5505
53,10053,1000.0,27.620529934054503,12.0,1.0,14.0,True,0.11014902591705322,4.0,3.0,1.0,1.0,0.0,4.0,-0.018612909317016646,True,0.0,task_only,5505
54,10054,1000.0,27.347725494169026,111.0,3.0,12.0,True,0.027701854705810547,8.0,5.0,2.0,2.0,1.0,7.0,-0.1080186247825623,True,0.0,task_only,5505
55,10055,1000.0,26.355779880737828,26.0,0.0,11.0,True,0.07414644956588745,9.0,9.0,0.0,0.0,0.0,9.0,0.011167836189269975,True,0.0,task_only,5505
56,10056,1000.0,26.41985343300098,37.0,0.0,12.0,True,0.015973269939422607,5.0,5.0,0.0,0.0,0.0,5.0,0.134239387512207,True,0.0,task_only,5505
57,10057,1000.0,25.897602726852256,43.0,2.0,14.0,True,0.06060522794723511,7.0,5.0,1.0,1.0,1.0,6.0,-0.10054241418838505,True,0.0,task_only,5505
58,10058,1000.0,25.748637077907915,30.0,1.0,13.0,True,0.04997187852859497,7.0,6.0,1.0,1.0,0.0,7.0,-0.1021066784858704,True,0.0,task_only,5505
59,10059,1000.0,24.7100091704815,53.0,5.0,11.0,True,0.008923709392547607,5.0,0.0,4.0,4.0,1.0,4.0,-0.07691447734832768,True,0.0,task_only,5505
60,10060,1000.0,25.235784818473803,40.0,1.0,12.0,True,0.10760700702667236,6.0,5.0,1.0,1.0,0.0,5.0,-0.11340163946151738,True,0.0,task_only,5505
61,10061,1000.0,26.18037533955794,70.0,2.0,11.0,True,0.013932287693023682,9.0,7.0,1.0,1.0,1.0,8.0,-0.004278826713562056,True,0.0,task_only,5505
62,10062,1000.0,29.262264101694882,34.0,2.0,15.0,True,0.1458292007446289,5.0,3.0,2.0,2.0,0.0,5.0,-0.09993641376495366,True,0.0,task_only,5505
63,10063,1000.0,26.078455094284436,32.0,1.0,15.0,True,0.11088287830352783,4.0,3.0,1.0,1.0,0.0,4.0,-0.047193455696106,True,0.0,task_only,5505
64,10064,1000.0,27.591538036678685,54.0,3.0,11.0,True,0.008017122745513916,6.0,3.0,2.0,2.0,1.0,5.0,-0.11749308109283452,True,0.0,task_only,5505
65,10065,1000.0,20.331243806253042,6.0,0.0,9.0,True,0.1881675124168396,5.0,5.0,0.0,0.0,0.0,5.0,0.10560287237167354,True,0.0,task_only,5505
66,10066,1000.0,25.879924672539346,90.0,2.0,10.0,True,4.8995018005371094e-05,8.0,6.0,1.0,1.0,1.0,7.0,-0.07931147813797002,True,0.0,task_only,5505
67,10067,1000.0,26.082252508615056,71.0,2.0,11.0,True,0.042626917362213135,5.0,3.0,2.0,2.0,0.0,5.0,-0.074892270565033,True,0.0,task_only,5505
68,10068,1000.0,26.733592261976355,68.0,1.0,12.0,True,0.04592084884643555,5.0,4.0,1.0,1.0,0.0,5.0,-0.09187422990798955,True,0.0,task_only,5505
69,10069,1000.0,4.687590845769591,0.0,0.0,4.0,True,0.30488312244415283,1.0,1.0,0.0,0.0,0.0,1.0,0.5268042802810669,True,0.0,task_only,5505
70,10070,1000.0,26.092027531969507,55.0,3.0,12.0,True,0.0794445276260376,9.0,6.0,3.0,3.0,0.0,9.0,-0.09009592533111577,True,0.0,task_only,5505
71,10071,1000.0,27.082754788554666,50.0,1.0,14.0,True,0.020523011684417725,6.0,5.0,1.0,1.0,0.0,6.0,-0.10029278993606572,True,0.0,task_only,5505
72,10072,1000.0,25.701682232342137,77.0,3.0,12.0,True,0.009218394756317139,9.0,6.0,3.0,3.0,0.0,8.0,-0.0988565564155579,True,0.0,task_only,5505
73,10073,1000.0,25.837968565698247,0.0,0.0,13.0,True,0.4823468327522278,0.0,0.0,0.0,0.0,0.0,0.0,,True,0.0,task_only,5505
74,10074,1000.0,16.826082031325313,73.0,2.0,11.0,True,0.01576244831085205,4.0,2.0,2.0,2.0,0.0,4.0,-0.11996768712997441,True,0.0,task_only,5505
75,10075,1000.0,24.422668814382632,76.0,2.0,11.0,True,0.052705585956573486,8.0,6.0,2.0,2.0,0.0,8.0,-0.019297587871551558,True,0.0,task_only,5505
76,10076,1000.0,26.726611908150517,107.0,3.0,11.0,True,0.016080379486083984,9.0,6.0,2.0,2.0,1.0,8.0,-0.09007679224014287,True,0.0,task_only,5505
77,10077,1000.0,25.654890845153204,84.0,2.0,12.0,True,0.04450196027755737,10.0,8.0,2.0,2.0,0.0,10.0,-0.02545808553695683,True,0.0,task_only,5505
78,10078,1000.0,26.855779397068545,17.0,2.0,13.0,True,0.14446789026260376,7.0,5.0,1.0,1.0,1.0,6.0,-0.011153864860534712,True,0.0,task_only,5505
79,10079,1000.0,27.40263464974487,29.0,1.0,14.0,True,0.10334765911102295,5.0,4.0,1.0,1.0,0.0,5.0,-0.0597478032112122,True,0.0,task_only,5505
80,10080,1000.0,28.395965549927496,28.0,1.0,14.0,True,0.027579009532928467,6.0,5.0,1.0,1.0,0.0,6.0,-0.059166121482849166,True,0.0,task_only,5505
81,10081,1000.0,28.223409430993343,18.0,1.0,14.0,True,0.006329834461212158,1.0,0.0,1.0,1.0,0.0,1.0,-0.02915434837341313,True,0.0,task_only,5505
82,10082,1000.0,27.589898891252233,74.0,1.0,13.0,True,0.00901097059249878,10.0,9.0,0.0,0.0,1.0,9.0,0.004382741451263383,True,0.0,task_only,5505
83,10083,1000.0,25.088211287040394,38.0,4.0,12.0,True,0.11095798015594482,7.0,3.0,4.0,4.0,0.0,7.0,-0.02726732492446904,True,0.0,task_only,5505
84,10084,1000.0,27.349871686907136,50.0,2.0,12.0,True,0.014011681079864502,7.0,5.0,2.0,2.0,0.0,7.0,-0.08989994525909428,True,0.0,task_only,5505
85,10085,1000.0,25.179951666473244,29.0,0.0,11.0,True,0.03583413362503052,8.0,8.0,0.0,0.0,0.0,7.0,0.07628257274627681,True,0.0,task_only,5505
86,10086,1000.0,22.08954311310663,21.0,1.0,11.0,True,0.03626704216003418,2.0,1.0,1.0,1.0,0.0,2.0,-0.08989976644515996,True,0.0,task_only,5505
87,10087,1000.0,28.16812085769743,36.0,3.0,14.0,True,0.015891194343566895,5.0,2.0,2.0,2.0,1.0,3.0,-0.10671685934066777,True,0.0,task_only,5505
88,10088,1000.0,26.915271601876157,69.0,1.0,11.0,True,0.01549994945526123,8.0,7.0,0.0,0.0,1.0,7.0,0.020315062999725297,True,0.0,task_only,5505
89,10089,1000.0,25.482190432765492,66.0,0.0,11.0,True,0.016964256763458252,9.0,9.0,0.0,0.0,0.0,9.0,0.018952143192291215,True,0.0,task_only,5505
90,10090,1000.0,24.79927674580449,20.0,4.0,11.0,True,0.08331102132797241,7.0,3.0,3.0,3.0,1.0,6.0,-0.023007977008819624,True,0.0,task_only,5505
91,10091,1000.0,26.321167091829068,0.0,1.0,14.0,True,0.23477089405059814,6.0,5.0,1.0,1.0,0.0,6.0,-0.019996392726898238,True,0.0,task_only,5505
92,10092,1000.0,27.064817961298104,74.0,2.0,13.0,True,0.0759013295173645,8.0,6.0,1.0,1.0,1.0,7.0,-0.08156632184982304,True,0.0,task_only,5505
93,10093,1000.0,26.82314937704723,136.0,2.0,12.0,True,0.0313800573348999,9.0,7.0,2.0,2.0,0.0,8.0,-0.056204247474670455,True,0.0,task_only,5505
94,10094,1000.0,28.306913751483535,20.0,1.0,16.0,True,0.02079552412033081,3.0,2.0,1.0,1.0,0.0,3.0,-0.10811876058578496,True,0.0,task_only,5505
95,10095,1000.0,27.954445884242887,56.0,0.0,13.0,True,0.04822683334350586,6.0,6.0,0.0,0.0,0.0,6.0,0.013844859600067094,True,0.0,task_only,5505
96,10096,1000.0,25.50021779335293,85.0,2.0,12.0,True,0.007854759693145752,9.0,7.0,1.0,1.0,1.0,8.0,-0.0675898671150208,True,0.0,task_only,5505
97,10097,1000.0,25.28226277237991,23.0,0.0,11.0,True,0.1041364073753357,3.0,3.0,0.0,0.0,0.0,3.0,0.11850626468658443,True,0.0,task_only,5505
98,10098,1000.0,25.1741687816575,37.0,1.0,10.0,True,0.08315062522888184,7.0,6.0,1.0,1.0,0.0,7.0,-0.02955560684204106,True,0.0,task_only,5505
99,10099,1000.0,25.725091530995996,48.0,2.0,12.0,True,0.0499761700630188,9.0,7.0,1.0,1.0,1.0,8.0,-0.0016541957855225053,True,0.0,task_only,5505
0,10000,1000.0,5.938469605724094,38.0,2.0,3.0,True,0.09157776832580566,3.0,1.0,1.0,2.0,0.0,3.0,-0.10897402763366704,True,0.0,native_cost,1101
1,10001,1000.0,7.946716994993835,19.0,1.0,4.0,True,0.00998300313949585,2.0,1.0,1.0,1.0,0.0,2.0,-0.05512832403182988,True,0.0,native_cost,1101
2,10002,1000.0,15.698961153888376,14.0,1.0,7.0,True,0.06695187091827393,1.0,0.0,1.0,1.0,0.0,1.0,-0.08355634212493901,True,0.0,native_cost,1101
3,10003,1000.0,11.095396961949518,40.0,1.0,5.0,True,0.05453288555145264,3.0,2.0,1.0,1.0,0.0,3.0,-0.11766438484191899,True,0.0,native_cost,1101
4,10004,1000.0,9.187550089277238,20.0,0.0,3.0,True,0.05623018741607666,4.0,4.0,0.0,0.0,0.0,4.0,0.06285865306854244,True,0.0,native_cost,1101
5,10005,1000.0,7.878365777944527,19.0,1.0,4.0,True,0.029007375240325928,1.0,0.0,1.0,1.0,0.0,1.0,-0.023022818565368697,True,0.0,native_cost,1101
6,10006,1000.0,9.177560942440323,33.0,1.0,6.0,True,0.07451105117797852,2.0,1.0,1.0,1.0,0.0,2.0,-0.09704785346984868,True,0.0,native_cost,1101
7,10007,1000.0,16.370960260868742,27.0,1.0,7.0,True,0.02692723274230957,4.0,3.0,1.0,1.0,0.0,4.0,-0.08488063812255864,True,0.0,native_cost,1101
8,10008,1000.0,10.082466430017575,100.0,2.0,5.0,True,0.08387160301208496,4.0,2.0,1.0,2.0,0.0,4.0,-0.10353575944900517,True,0.0,native_cost,1101
9,10009,1000.0,12.993087617542187,33.0,0.0,6.0,True,0.016940653324127197,5.0,5.0,0.0,0.0,0.0,5.0,0.23569805622100826,True,0.0,native_cost,1101
10,10010,1000.0,17.75189531407159,34.0,0.0,8.0,True,0.020664989948272705,3.0,3.0,0.0,0.0,0.0,3.0,0.044567239284515336,True,0.0,native_cost,1101
11,10011,1000.0,14.777417782266866,25.0,2.0,7.0,True,0.0907929539680481,8.0,6.0,1.0,2.0,0.0,8.0,-0.10866271257400517,True,0.0,native_cost,1101
12,10012,1000.0,16.95060823147287,0.0,0.0,8.0,True,0.2572934031486511,4.0,4.0,0.0,0.0,0.0,4.0,0.10204071998596187,True,0.0,native_cost,1101
13,10013,1000.0,3.476923107162179,0.0,2.0,2.0,True,0.20516502857208252,2.0,0.0,1.0,2.0,0.0,2.0,-0.10327326059341435,True,0.0,native_cost,1101
14,10014,1000.0,16.995351163244777,97.0,2.0,7.0,True,0.051867663860321045,4.0,2.0,2.0,2.0,0.0,4.0,-0.10111980438232426,True,0.0,native_cost,1101
15,10015,1000.0,2.594237103079024,0.0,0.0,1.0,True,0.25906437635421753,1.0,1.0,0.0,0.0,0.0,1.0,0.5306338787078857,True,0.0,native_cost,1101
16,10016,1000.0,10.839393664748627,26.0,0.0,5.0,True,0.154374897480011,4.0,4.0,0.0,0.0,0.0,4.0,0.07751013040542598,True,0.0,native_cost,1101
17,10017,1000.0,18.256167556955006,22.0,2.0,8.0,True,0.15723252296447754,6.0,4.0,1.0,1.0,1.0,5.0,-0.00552301406860356,True,0.0,native_cost,1101
18,10018,1000.0,9.39989198222429,171.0,3.0,4.0,True,0.0006092190742492676,4.0,1.0,2.0,2.0,1.0,3.0,-0.11067079305648808,True,0.0,native_cost,1101
19,10019,1000.0,9.382216318080395,31.0,2.0,5.0,True,0.13275200128555298,3.0,1.0,2.0,2.0,0.0,3.0,-0.10292260646820073,True,0.0,native_cost,1101
20,10020,1000.0,19.52670109511928,20.0,2.0,11.0,True,0.014806509017944336,5.0,3.0,2.0,2.0,0.0,5.0,-0.0835125327110291,True,0.0,native_cost,1101
21,10021,1000.0,9.17193173913256,427.0,1.0,4.0,True,0.008483290672302246,6.0,5.0,0.0,1.0,0.0,6.0,-0.10423474311828618,True,0.0,native_cost,1101
22,10022,1000.0,-1.2853203057582618,0.0,0.0,0.0,False,0.39064890146255493,1.0,1.0,0.0,0.0,0.0,1.0,0.36280812025070186,True,0.0,native_cost,1101
23,10023,1000.0,17.263465699882772,23.0,3.0,9.0,True,0.13091737031936646,4.0,1.0,2.0,2.0,1.0,3.0,-0.059304881095886275,True,0.0,native_cost,1101
24,10024,1000.0,13.838308195933791,44.0,1.0,6.0,True,0.012363553047180176,2.0,1.0,1.0,1.0,0.0,2.0,-0.1025630116462708,True,0.0,native_cost,1101
25,10025,1000.0,19.50411495729213,46.0,1.0,9.0,True,0.11617469787597656,8.0,7.0,0.0,0.0,1.0,7.0,0.05984849929809566,True,0.0,native_cost,1101
26,10026,1000.0,1.591755554862175,0.0,0.0,1.0,True,0.290072500705719,1.0,1.0,0.0,0.0,0.0,1.0,0.02876402139663692,True,0.0,native_cost,1101
27,10027,1000.0,14.487162473664199,69.0,3.0,8.0,True,0.0862385630607605,5.0,2.0,3.0,3.0,0.0,5.0,-0.10266726016998295,True,0.0,native_cost,1101
28,10028,1000.0,13.652082611949027,35.0,3.0,6.0,True,0.0734710693359375,7.0,4.0,2.0,2.0,1.0,6.0,-0.028243649005889937,True,0.0,native_cost,1101
29,10029,1000.0,14.5149875162424,0.0,2.0,7.0,True,0.23216092586517334,5.0,3.0,1.0,1.0,1.0,4.0,-0.10277061462402348,True,0.0,native_cost,1101
30,10030,1000.0,17.400816346969805,62.0,0.0,9.0,True,0.05570894479751587,3.0,3.0,0.0,0.0,0.0,3.0,0.004193019866943315,True,0.0,native_cost,1101
31,10031,1000.0,1.0753094871536177,30.0,1.0,1.0,True,0.08918988704681396,1.0,0.0,1.0,1.0,0.0,1.0,-0.10509501695632939,True,0.0,native_cost,1101
32,10032,1000.0,18.107602445728844,40.0,3.0,9.0,True,0.09118545055389404,7.0,4.0,2.0,2.0,1.0,6.0,-0.0727093100547791,True,0.0,native_cost,1101
33,10033,1000.0,4.521151499411644,94.0,4.0,2.0,True,0.01066213846206665,5.0,1.0,4.0,4.0,0.0,5.0,-0.105962085723877,True,0.0,native_cost,1101
34,10034,1000.0,17.294109319689596,53.0,0.0,9.0,True,0.13454550504684448,6.0,6.0,0.0,0.0,0.0,6.0,0.0492156863212585,True,0.0,native_cost,1101
35,10035,1000.0,13.559275731220168,64.0,3.0,5.0,True,0.016804754734039307,4.0,1.0,3.0,3.0,0.0,4.0,-0.10387175083160405,True,0.0,native_cost,1101
36,10036,1000.0,8.215862747161282,58.0,1.0,4.0,True,0.03601884841918945,3.0,2.0,1.0,1.0,0.0,3.0,-0.12434719800949101,True,0.0,native_cost,1101
37,10037,1000.0,19.648054132638208,83.0,1.0,9.0,True,0.042255520820617676,4.0,3.0,1.0,1.0,0.0,3.0,-0.04252516031265263,True,0.0,native_cost,1101
38,10038,1000.0,15.799886831919139,57.0,1.0,8.0,True,0.05568283796310425,2.0,1.0,1.0,1.0,0.0,2.0,-0.012285220623016402,True,0.0,native_cost,1101
39,10039,1000.0,-0.12689427999976033,0.0,0.0,0.0,False,0.31126874685287476,3.0,3.0,0.0,0.0,0.0,2.0,0.031126689910888627,True,0.0,native_cost,1101
40,10040,1000.0,2.600801416090235,0.0,0.0,4.0,True,0.31855595111846924,1.0,1.0,0.0,0.0,0.0,1.0,0.09755982160568233,True,0.0,native_cost,1101
41,10041,1000.0,-1.1265608118337695,0.0,0.0,1.0,True,0.22444653511047363,1.0,1.0,0.0,0.0,0.0,1.0,0.4587921619415283,True,0.0,native_cost,1101
42,10042,1000.0,9.98586652298036,0.0,0.0,5.0,True,0.35891300439834595,2.0,2.0,0.0,0.0,0.0,1.0,0.15192265510559078,True,0.0,native_cost,1101
43,10043,1000.0,19.405236016635172,38.0,0.0,10.0,True,0.10339772701263428,5.0,5.0,0.0,0.0,0.0,4.0,0.031125438213348344,True,0.0,native_cost,1101
44,10044,1000.0,12.253881026816089,19.0,1.0,5.0,True,0.0733487606048584,4.0,3.0,0.0,0.0,1.0,3.0,0.10811198949813838,True,0.0,native_cost,1101
45,10045,1000.0,18.072967060508745,5.0,0.0,9.0,True,0.18617874383926392,6.0,6.0,0.0,0.0,0.0,6.0,0.034213912487029985,True,0.0,native_cost,1101
46,10046,1000.0,19.28461196709759,91.0,3.0,10.0,True,0.024775922298431396,4.0,1.0,2.0,2.0,1.0,3.0,-0.10253386497497563,True,0.0,native_cost,1101
47,10047,1000.0,3.092955680146133,15.0,0.0,1.0,True,0.08160603046417236,1.0,1.0,0.0,0.0,0.0,1.0,0.5329439163208007,True,0.0,native_cost,1101
48,10048,1000.0,2.799902248975968,0.0,0.0,2.0,True,0.45468825101852417,0.0,0.0,0.0,0.0,0.0,0.0,,True,0.0,native_cost,1101
49,10049,1000.0,7.658758302846309,66.0,3.0,3.0,True,0.02158498764038086,6.0,3.0,2.0,3.0,0.0,6.0,-0.10497145652771,True,0.0,native_cost,1101
50,10050,1000.0,11.703680143234578,0.0,0.0,5.0,True,0.2570643424987793,3.0,3.0,0.0,0.0,0.0,3.0,0.07613576650619502,True,0.0,native_cost,1101
51,10051,1000.0,12.421560911207052,0.0,0.0,5.0,True,0.32483822107315063,1.0,1.0,0.0,0.0,0.0,1.0,0.29126430749893184,True,0.0,native_cost,1101
52,10052,1000.0,13.345067864436714,10.0,0.0,5.0,True,0.16256707906723022,3.0,3.0,0.0,0.0,0.0,3.0,0.342280638217926,True,0.0,native_cost,1101
53,10053,1000.0,13.021459547455152,52.0,2.0,7.0,True,0.15373224020004272,4.0,2.0,1.0,2.0,0.0,4.0,-0.10823159217834477,True,0.0,native_cost,1101
54,10054,1000.0,11.129495647290696,56.0,1.0,4.0,True,0.08865576982498169,4.0,3.0,1.0,1.0,0.0,4.0,-0.1016051054000855,True,0.0,native_cost,1101
55,10055,1000.0,19.393268621317475,46.0,3.0,10.0,True,0.029920756816864014,6.0,3.0,3.0,3.0,0.0,6.0,-0.10818510055541997,True,0.0,native_cost,1101
56,10056,1000.0,18.318948219110098,51.0,1.0,8.0,True,0.03353297710418701,4.0,3.0,1.0,1.0,0.0,4.0,-0.10442947149276738,True,0.0,native_cost,1101
57,10057,1000.0,16.54985623353059,82.0,2.0,9.0,True,0.057818591594696045,6.0,4.0,2.0,2.0,0.0,6.0,-0.10324929952621464,True,0.0,native_cost,1101
58,10058,1000.0,6.5240305811100825,0.0,2.0,3.0,True,0.2297959327697754,4.0,2.0,2.0,2.0,0.0,4.0,-0.10179697275161748,True,0.0,native_cost,1101
59,10059,1000.0,8.348703618895797,410.0,2.0,4.0,True,0.03862416744232178,3.0,1.0,1.0,2.0,0.0,3.0,-0.10982464551925664,True,0.0,native_cost,1101
60,10060,1000.0,13.36198668952602,23.0,1.0,6.0,True,0.009468376636505127,5.0,4.0,0.0,0.0,1.0,4.0,0.11677802801132198,True,0.0,native_cost,1101
61,10061,1000.0,0.3687013954392455,0.0,0.0,0.0,False,0.46293675899505615,0.0,0.0,0.0,0.0,0.0,0.0,,True,0.0,native_cost,1101
62,10062,1000.0,20.461456628126143,26.0,1.0,11.0,True,0.13155430555343628,6.0,5.0,0.0,0.0,1.0,5.0,0.018393170833587602,True,0.0,native_cost,1101
63,10063,1000.0,9.663501262657519,10.0,1.0,5.0,True,0.1430683135986328,4.0,3.0,1.0,1.0,0.0,4.0,-0.10111587047576909,True,0.0,native_cost,1101
64,10064,1000.0,2.3420592478168487,15.0,0.0,1.0,True,0.0625256896018982,1.0,1.0,0.0,0.0,0.0,1.0,0.36535657644271846,True,0.0,native_cost,1101
65,10065,1000.0,8.295331315996947,0.0,0.0,4.0,True,0.25117242336273193,3.0,3.0,0.0,0.0,0.0,3.0,0.021432113647460893,True,0.0,native_cost,1101
66,10066,1000.0,13.720067285459152,55.0,0.0,6.0,True,0.022425055503845215,2.0,2.0,0.0,0.0,0.0,2.0,0.2939715504646301,True,0.0,native_cost,1101
67,10067,1000.0,7.885845368968148,24.0,1.0,3.0,True,0.07906293869018555,5.0,4.0,0.0,0.0,1.0,4.0,0.030460608005523637,True,0.0,native_cost,1101
68,10068,1000.0,17.259376712522567,63.0,2.0,8.0,True,0.11190640926361084,5.0,3.0,1.0,1.0,1.0,4.0,-0.10409955978393559,True,0.0,native_cost,1101
69,10069,1000.0,9.926938804236784,37.0,2.0,5.0,True,0.05537170171737671,3.0,1.0,2.0,2.0,0.0,3.0,-0.1003541231155396,True,0.0,native_cost,1101
70,10070,1000.0,8.181640900074399,33.0,3.0,4.0,True,0.13949543237686157,8.0,5.0,2.0,2.0,1.0,7.0,-0.08674584627151494,True,0.0,native_cost,1101
71,10071,1000.0,20.177151272372612,0.0,1.0,11.0,True,0.21226626634597778,2.0,1.0,1.0,1.0,0.0,2.0,-0.00923465490341191,True,0.0,native_cost,1101
72,10072,1000.0,6.700277490306746,38.0,1.0,3.0,True,0.10664641857147217,1.0,0.0,1.0,1.0,0.0,1.0,-0.054309713840484664,True,0.0,native_cost,1101
73,10073,1000.0,12.92468865025694,11.0,0.0,6.0,True,0.14123564958572388,3.0,3.0,0.0,0.0,0.0,3.0,0.053228449821472124,True,0.0,native_cost,1101
74,10074,1000.0,19.650414192932658,30.0,3.0,9.0,True,0.08915787935256958,5.0,2.0,2.0,3.0,0.0,5.0,-0.113702404499054,True,0.0,native_cost,1101
75,10075,1000.0,15.739780109130493,60.0,1.0,7.0,True,0.009124696254730225,5.0,4.0,1.0,1.0,0.0,5.0,-0.10596369504928593,True,0.0,native_cost,1101
76,10076,1000.0,11.264721024152095,41.0,2.0,4.0,True,0.11949044466018677,7.0,5.0,1.0,1.0,1.0,6.0,-0.10014276504516606,True,0.0,native_cost,1101
77,10077,1000.0,11.78186434321151,19.0,1.0,5.0,True,0.04075437784194946,6.0,5.0,1.0,1.0,0.0,6.0,-0.10429393053054814,True,0.0,native_cost,1101
78,10078,1000.0,16.78718752181885,0.0,1.0,8.0,True,0.3016417622566223,5.0,4.0,1.0,1.0,0.0,4.0,-0.009101617336273238,True,0.0,native_cost,1101
79,10079,1000.0,1.2252378686945349,0.0,1.0,1.0,True,0.24159032106399536,1.0,0.0,1.0,1.0,0.0,1.0,-0.10188369750976567,True,0.0,native_cost,1101
80,10080,1000.0,12.83555560226165,40.0,1.0,5.0,True,0.08982449769973755,5.0,4.0,1.0,1.0,0.0,5.0,-0.0565468549728394,True,0.0,native_cost,1101
81,10081,1000.0,19.43096669042461,14.0,0.0,10.0,True,0.14352750778198242,4.0,4.0,0.0,0.0,0.0,4.0,0.01446212530136104,True,0.0,native_cost,1101
82,10082,1000.0,17.424707468053384,62.0,2.0,8.0,True,0.003619372844696045,5.0,3.0,2.0,2.0,0.0,5.0,-0.06766407489776616,True,0.0,native_cost,1101
83,10083,1000.0,19.591675926370954,26.0,1.0,10.0,True,0.05630761384963989,6.0,5.0,1.0,1.0,0.0,6.0,-0.00894318819046025,True,0.0,native_cost,1101
84,10084,1000.0,-4.3399050689986325,0.0,0.0,1.0,True,0.3208240270614624,1.0,1.0,0.0,0.0,0.0,1.0,0.4578463554382324,True,0.0,native_cost,1101
85,10085,1000.0,15.304286675936055,62.0,3.0,7.0,True,0.04807233810424805,7.0,4.0,2.0,2.0,1.0,6.0,-0.0859495878219605,True,0.0,native_cost,1101
86,10086,1000.0,10.673717516342663,5.0,2.0,5.0,True,0.19759297370910645,3.0,1.0,1.0,2.0,0.0,3.0,-0.10058676004409794,True,0.0,native_cost,1101
87,10087,1000.0,18.939976229079548,36.0,0.0,10.0,True,0.0830191969871521,6.0,6.0,0.0,0.0,0.0,5.0,0.03836168050765987,True,0.0,native_cost,1101
88,10088,1000.0,7.341409218098306,14.0,0.0,3.0,True,0.11584532260894775,4.0,4.0,0.0,0.0,0.0,4.0,0.08236349821090694,True,0.0,native_cost,1101
89,10089,1000.0,11.137572309258758,31.0,0.0,6.0,True,0.015321314334869385,3.0,3.0,0.0,0.0,0.0,3.0,0.06778372526168819,True,0.0,native_cost,1101
90,10090,1000.0,15.045291570277186,59.0,1.0,8.0,True,0.02436232566833496,5.0,4.0,1.0,1.0,0.0,5.0,-0.014670062065124556,True,0.0,native_cost,1101
91,10091,1000.0,13.203932510539744,0.0,1.0,7.0,True,0.4240121841430664,2.0,1.0,1.0,1.0,0.0,2.0,-0.08245484828948979,True,0.0,native_cost,1101
92,10092,1000.0,19.26543719409983,45.0,2.0,9.0,True,0.12122887372970581,4.0,2.0,2.0,2.0,0.0,4.0,-0.11771767139434819,True,0.0,native_cost,1101
93,10093,1000.0,14.134044033279679,49.0,3.0,6.0,True,0.05394512414932251,7.0,4.0,2.0,3.0,0.0,7.0,-0.10894488096237187,True,0.0,native_cost,1101
94,10094,1000.0,6.317274982702287,0.0,0.0,4.0,True,0.4118703603744507,1.0,1.0,0.0,0.0,0.0,1.0,0.041129362583160356,True,0.0,native_cost,1101
95,10095,1000.0,11.238417160803692,47.0,1.0,5.0,True,0.10285788774490356,4.0,3.0,1.0,1.0,0.0,4.0,-0.018602538108825728,True,0.0,native_cost,1101
96,10096,1000.0,2.216177205956285,16.0,1.0,1.0,True,0.08422315120697021,2.0,1.0,1.0,1.0,0.0,2.0,-0.009908068180084273,True,0.0,native_cost,1101
97,10097,1000.0,17.78001594627426,0.0,2.0,9.0,True,0.30920326709747314,4.0,2.0,1.0,1.0,1.0,3.0,-0.03203039169311528,True,0.0,native_cost,1101
98,10098,1000.0,5.052761049757464,67.0,1.0,2.0,True,0.062402307987213135,2.0,1.0,1.0,1.0,0.0,2.0,-0.1166102766990662,True,0.0,native_cost,1101
99,10099,1000.0,3.4721479601559846,0.0,1.0,2.0,True,0.3499124050140381,1.0,0.0,1.0,1.0,0.0,1.0,-0.044580268859863326,True,0.0,native_cost,1101
0,10000,1000.0,10.652615902414254,70.0,3.0,5.0,True,0.022574007511138916,6.0,3.0,3.0,3.0,0.0,6.0,-0.10067402124404912,True,0.0,native_cost,2202
1,10001,1000.0,12.158993477679815,113.0,2.0,5.0,True,0.12163817882537842,3.0,1.0,2.0,2.0,0.0,3.0,-0.10623298883438115,True,0.0,native_cost,2202
2,10002,1000.0,9.709869104824065,0.0,1.0,4.0,True,0.2825714349746704,2.0,1.0,1.0,1.0,0.0,2.0,-0.10455607175827031,True,0.0,native_cost,2202
3,10003,1000.0,4.935469882238692,59.0,2.0,2.0,True,0.023440182209014893,4.0,2.0,1.0,1.0,1.0,3.0,-0.10144989490509038,True,0.0,native_cost,2202
4,10004,1000.0,12.083404880937223,68.0,2.0,5.0,True,0.01974928379058838,5.0,3.0,2.0,2.0,0.0,5.0,-0.10894953012466435,True,0.0,native_cost,2202
5,10005,1000.0,8.413141167807225,0.0,3.0,4.0,True,0.2516062259674072,3.0,0.0,2.0,2.0,1.0,2.0,-0.06278907060623173,True,0.0,native_cost,2202
6,10006,1000.0,19.37206791846984,0.0,1.0,11.0,True,0.2329162359237671,3.0,2.0,1.0,1.0,0.0,3.0,-0.060119557380676314,True,0.0,native_cost,2202
7,10007,1000.0,12.624405398892122,54.0,1.0,6.0,True,0.02556699514389038,6.0,5.0,1.0,1.0,0.0,6.0,-0.028237748146057173,True,0.0,native_cost,2202
8,10008,1000.0,12.806176693267844,43.0,2.0,6.0,True,0.1354542374610901,4.0,2.0,1.0,2.0,0.0,4.0,-0.10289399623870854,True,0.0,native_cost,2202
9,10009,1000.0,15.433559944551234,14.0,0.0,8.0,True,0.16554057598114014,3.0,3.0,0.0,0.0,0.0,3.0,0.1585856199264526,True,0.0,native_cost,2202
10,10010,1000.0,10.364706070926786,100.0,3.0,5.0,True,0.06972527503967285,4.0,1.0,3.0,3.0,0.0,4.0,-0.11076413393020634,True,0.0,native_cost,2202
11,10011,1000.0,13.024744341819314,54.0,1.0,7.0,True,0.016244888305664062,4.0,3.0,1.0,1.0,0.0,4.0,-0.08916645050048833,True,0.0,native_cost,2202
12,10012,1000.0,16.62525063535213,26.0,0.0,9.0,True,0.06364202499389648,3.0,3.0,0.0,0.0,0.0,3.0,0.11662281751632686,True,0.0,native_cost,2202
13,10013,1000.0,12.50344433668397,2.0,2.0,6.0,True,0.19952470064163208,4.0,2.0,1.0,2.0,0.0,4.0,-0.10231624841690068,True,0.0,native_cost,2202
14,10014,1000.0,13.88879654675111,57.0,2.0,6.0,True,0.054775893688201904,4.0,2.0,2.0,2.0,0.0,4.0,-0.11274610757827763,True,0.0,native_cost,2202
15,10015,1000.0,13.074310932910521,6.0,2.0,5.0,True,0.19261085987091064,5.0,3.0,1.0,1.0,1.0,4.0,-0.09918056726455693,True,0.0,native_cost,2202
16,10016,1000.0,5.571458101237113,106.0,1.0,2.0,True,0.021761298179626465,3.0,2.0,1.0,1.0,0.0,3.0,-0.1011603951454163,True,0.0,native_cost,2202
17,10017,1000.0,7.830208567494765,0.0,0.0,3.0,True,0.2790915369987488,1.0,1.0,0.0,0.0,0.0,1.0,0.24548132419586177,True,0.0,native_cost,2202
18,10018,1000.0,5.47585090835635,3.0,2.0,2.0,True,0.16241580247879028,2.0,0.0,1.0,1.0,1.0,1.0,-0.10349266529083256,True,0.0,native_cost,2202
19,10019,1000.0,18.004417410149472,94.0,2.0,9.0,True,0.03090369701385498,7.0,5.0,2.0,2.0,0.0,7.0,-0.11336677074432377,True,0.0,native_cost,2202
20,10020,1000.0,6.630915965476376,0.0,0.0,3.0,True,0.5409931540489197,0.0,0.0,0.0,0.0,0.0,0.0,,True,0.0,native_cost,2202
21,10021,1000.0,0.5099959136969119,0.0,0.0,0.0,False,0.49329257011413574,0.0,0.0,0.0,0.0,0.0,0.0,,True,0.0,native_cost,2202
22,10022,1000.0,12.354640061330429,30.0,0.0,5.0,True,0.1394273042678833,5.0,5.0,0.0,0.0,0.0,4.0,0.13126982450485225,True,0.0,native_cost,2202
23,10023,1000.0,14.702479669453396,0.0,1.0,7.0,True,0.2040347456932068,4.0,3.0,0.0,0.0,1.0,3.0,0.012739789485931352,True,0.0,native_cost,2202
24,10024,1000.0,14.24230431501337,57.0,2.0,7.0,True,0.04740035533905029,2.0,0.0,2.0,2.0,0.0,2.0,-0.06752281188964848,True,0.0,native_cost,2202
25,10025,1000.0,14.40053550191351,58.0,2.0,6.0,True,0.04030197858810425,5.0,3.0,1.0,2.0,0.0,5.0,-0.10328667163848881,True,0.0,native_cost,2202
26,10026,1000.0,8.11085796710477,72.0,3.0,4.0,True,0.02276444435119629,5.0,2.0,3.0,3.0,0.0,5.0,-0.10201262235641484,True,0.0,native_cost,2202
27,10027,1000.0,14.49367592206363,35.0,5.0,7.0,True,0.15581220388412476,6.0,1.0,4.0,4.0,1.0,5.0,-0.10579078197479252,True,0.0,native_cost,2202
28,10028,1000.0,7.888196690266113,28.0,1.0,3.0,True,0.09071159362792969,3.0,2.0,1.0,1.0,0.0,3.0,-0.052622425556182906,True,0.0,native_cost,2202
29,10029,1000.0,13.703811782810135,47.0,1.0,6.0,True,0.019360005855560303,4.0,3.0,1.0,1.0,0.0,4.0,-0.009603905677795455,True,0.0,native_cost,2202
30,10030,1000.0,15.951070672505011,52.0,1.0,8.0,True,0.0817374587059021,2.0,1.0,1.0,1.0,0.0,2.0,-0.08023809194564824,True,0.0,native_cost,2202
31,10031,1000.0,4.696665241796836,18.0,0.0,2.0,True,0.1399608850479126,1.0,1.0,0.0,0.0,0.0,1.0,0.013389956951141313,True,0.0,native_cost,2202
32,10032,1000.0,12.121245000980707,18.0,2.0,6.0,True,0.05581676959991455,8.0,6.0,1.0,1.0,1.0,6.0,-0.00848864316940312,True,0.0,native_cost,2202
33,10033,1000.0,12.5141713116127,29.0,1.0,6.0,True,0.032255351543426514,4.0,3.0,1.0,1.0,0.0,3.0,-0.010986495018005416,True,0.0,native_cost,2202
34,10034,1000.0,12.225152553660678,50.0,0.0,6.0,True,0.027532517910003662,5.0,5.0,0.0,0.0,0.0,5.0,0.06793375015258785,True,0.0,native_cost,2202
35,10035,1000.0,9.213336573699607,90.0,3.0,4.0,True,0.09134763479232788,3.0,0.0,3.0,3.0,0.0,3.0,-0.10848371982574467,True,0.0,native_cost,2202
36,10036,1000.0,8.7800495330157,0.0,2.0,3.0,True,0.24358946084976196,4.0,2.0,1.0,1.0,1.0,3.0,-0.0030215859413147417,True,0.0,native_cost,2202
37,10037,1000.0,15.87429719140846,12.0,0.0,9.0,True,0.17618876695632935,3.0,3.0,0.0,0.0,0.0,3.0,0.12429018020629878,True,0.0,native_cost,2202
38,10038,1000.0,9.431360904246162,31.0,2.0,4.0,True,0.03819090127944946,2.0,0.0,2.0,2.0,0.0,2.0,-0.10682057142257695,True,0.0,native_cost,2202
39,10039,1000.0,4.542587106589963,0.0,1.0,2.0,True,0.21360844373703003,3.0,2.0,1.0,1.0,0.0,3.0,-0.07515351772308354,True,0.0,native_cost,2202
40,10040,1000.0,15.33583052600261,30.0,1.0,8.0,True,0.08361035585403442,1.0,0.0,1.0,1.0,0.0,1.0,-0.10204123258590703,True,0.0,native_cost,2202
41,10041,1000.0,5.781823447379338,44.0,2.0,2.0,True,0.08474510908126831,2.0,0.0,2.0,2.0,0.0,2.0,-0.1109483122825623,True,0.0,native_cost,2202
42,10042,1000.0,18.323834057199747,0.0,0.0,9.0,True,0.3338708281517029,2.0,2.0,0.0,0.0,0.0,2.0,0.6346294403076171,True,0.0,native_cost,2202
43,10043,1000.0,1.6939663744487916,0.0,1.0,1.0,True,0.35320723056793213,2.0,1.0,1.0,1.0,0.0,2.0,-0.03850363492965703,True,0.0,native_cost,2202
44,10044,1000.0,13.668745877038077,47.0,2.0,6.0,True,0.13279205560684204,5.0,3.0,1.0,1.0,1.0,4.0,-0.112570333480835,True,0.0,native_cost,2202
45,10045,1000.0,15.15792279262314,30.0,2.0,7.0,True,0.12849998474121094,4.0,2.0,2.0,2.0,0.0,3.0,-0.10363124608993535,True,0.0,native_cost,2202
46,10046,1000.0,5.905709173097421,0.0,0.0,3.0,True,0.2647671103477478,1.0,1.0,0.0,0.0,0.0,1.0,0.3012179851531982,True,0.0,native_cost,2202
47,10047,1000.0,12.785699193089386,118.0,1.0,6.0,True,0.0018417835235595703,4.0,3.0,1.0,1.0,0.0,4.0,-0.10225276947021489,True,0.0,native_cost,2202
48,10048,1000.0,13.611821724494803,99.0,1.0,6.0,True,0.04084289073944092,5.0,4.0,1.0,1.0,0.0,5.0,-0.005900669097900435,True,0.0,native_cost,2202
49,10049,1000.0,5.741803162267615,0.0,1.0,3.0,True,0.20292896032333374,1.0,0.0,1.0,1.0,0.0,1.0,-0.025426614284515425,True,0.0,native_cost,2202
50,10050,1000.0,16.212963307778864,88.0,3.0,7.0,True,0.07549971342086792,6.0,3.0,2.0,2.0,1.0,5.0,-0.010431635379791304,True,0.0,native_cost,2202
51,10051,1000.0,3.8894199620308427,0.0,0.0,2.0,True,0.433551549911499,2.0,2.0,0.0,0.0,0.0,2.0,0.039011490345001176,True,0.0,native_cost,2202
52,10052,1000.0,14.97616687417576,96.0,3.0,7.0,True,0.007162749767303467,7.0,4.0,3.0,3.0,0.0,7.0,-0.07408725023269658,True,0.0,native_cost,2202
53,10053,1000.0,12.990514408890135,50.0,1.0,6.0,True,0.007706165313720703,3.0,2.0,1.0,1.0,0.0,3.0,-0.10429750680923466,True,0.0,native_cost,2202
54,10054,1000.0,7.190620353822851,15.0,2.0,3.0,True,0.12182915210723877,2.0,0.0,1.0,2.0,0.0,2.0,-0.10074983835220341,True,0.0,native_cost,2202
55,10055,1000.0,14.531735817137815,30.0,2.0,8.0,True,0.12398940324783325,5.0,3.0,2.0,2.0,0.0,5.0,-0.10158919095993046,True,0.0,native_cost,2202
56,10056,1000.0,9.994405334180556,85.0,2.0,4.0,True,0.007953286170959473,4.0,2.0,1.0,1.0,1.0,3.0,-0.11920969486236577,True,0.0,native_cost,2202
57,10057,1000.0,17.47570208696094,20.0,1.0,10.0,True,0.11369383335113525,4.0,3.0,1.0,1.0,0.0,4.0,-0.10010181665420537,True,0.0,native_cost,2202
58,10058,1000.0,16.976330727851746,40.0,1.0,9.0,True,0.05962836742401123,4.0,3.0,1.0,1.0,0.0,3.0,-0.10810374021530156,True,0.0,native_cost,2202
59,10059,1000.0,9.447628484049346,27.0,1.0,4.0,True,0.06471455097198486,2.0,1.0,1.0,1.0,0.0,2.0,-0.10278724431991582,True,0.0,native_cost,2202
60,10060,1000.0,10.040578124023341,18.0,2.0,5.0,True,0.17681461572647095,4.0,2.0,2.0,2.0,0.0,4.0,-0.08890430927276616,True,0.0,native_cost,2202
61,10061,1000.0,12.905077275941949,21.0,3.0,5.0,True,0.09614771604537964,5.0,2.0,2.0,2.0,1.0,4.0,-0.10149781703948979,True,0.0,native_cost,2202
62,10062,1000.0,12.581522706293981,15.0,0.0,6.0,True,0.07731521129608154,2.0,2.0,0.0,0.0,0.0,2.0,0.031570148468017534,True,0.0,native_cost,2202
63,10063,1000.0,3.597579839886066,32.0,2.0,2.0,True,0.18952417373657227,3.0,1.0,1.0,2.0,0.0,3.0,-0.07960705757141118,True,0.0,native_cost,2202
64,10064,1000.0,9.943283956181403,84.0,2.0,4.0,True,0.017783045768737793,2.0,0.0,2.0,2.0,0.0,2.0,-0.10702567100524907,True,0.0,native_cost,2202
65,10065,1000.0,9.648021494632303,0.0,3.0,5.0,True,0.23401182889938354,4.0,1.0,2.0,2.0,1.0,3.0,-0.09877108335495,True,0.0,native_cost,2202
66,10066,1000.0,9.611399725070044,32.0,1.0,4.0,True,0.036599814891815186,3.0,2.0,1.0,1.0,0.0,3.0,-0.1052480816841126,True,0.0,native_cost,2202
67,10067,1000.0,10.938256835859647,50.0,1.0,4.0,True,0.07911479473114014,3.0,2.0,1.0,1.0,0.0,3.0,-0.05802510976791386,True,0.0,native_cost,2202
68,10068,1000.0,9.843192557233124,71.0,3.0,4.0,True,0.031610727310180664,7.0,4.0,3.0,3.0,0.0,6.0,-0.10808800458908085,True,0.0,native_cost,2202
69,10069,1000.0,11.900584799122953,94.0,3.0,6.0,True,0.006591796875,4.0,1.0,3.0,3.0,0.0,4.0,-0.10540651082992558,True,0.0,native_cost,2202
70,10070,1000.0,2.312035181772444,23.0,1.0,1.0,True,0.11257624626159668,1.0,0.0,1.0,1.0,0.0,1.0,-0.10407255887985234,True,0.0,native_cost,2202
71,10071,1000.0,11.509436354244826,11.0,1.0,5.0,True,0.15217459201812744,6.0,5.0,1.0,1.0,0.0,6.0,-0.05659531354904179,True,0.0,native_cost,2202
72,10072,1000.0,13.45876889230567,69.0,4.0,6.0,True,0.03374326229095459,5.0,1.0,4.0,4.0,0.0,5.0,-0.10993497371673588,True,0.0,native_cost,2202
73,10073,1000.0,14.2320156662621,16.0,2.0,7.0,True,0.07435941696166992,2.0,0.0,2.0,2.0,0.0,2.0,-0.08713208436965947,True,0.0,native_cost,2202
74,10074,1000.0,13.78020396310194,76.0,2.0,7.0,True,0.017649829387664795,3.0,1.0,2.0,2.0,0.0,3.0,-0.0896930575370789,True,0.0,native_cost,2202
75,10075,1000.0,11.55744826736509,28.0,2.0,7.0,True,0.07306802272796631,3.0,1.0,2.0,2.0,0.0,3.0,-0.10922812223434453,True,0.0,native_cost,2202
76,10076,1000.0,7.023201259531561,65.0,2.0,3.0,True,0.03767216205596924,3.0,1.0,2.0,2.0,0.0,3.0,-0.10668395757675175,True,0.0,native_cost,2202
77,10077,1000.0,2.387178335516099,0.0,0.0,1.0,True,0.3047236204147339,2.0,2.0,0.0,0.0,0.0,2.0,0.15126676559448238,True,0.0,native_cost,2202
78,10078,1000.0,13.735630511218915,36.0,0.0,7.0,True,0.13417893648147583,3.0,3.0,0.0,0.0,0.0,3.0,0.06629259586334224,True,0.0,native_cost,2202
79,10079,1000.0,16.06562335144008,0.0,0.0,9.0,True,0.39816123247146606,2.0,2.0,0.0,0.0,0.0,2.0,0.24670190811157222,True,0.0,native_cost,2202
80,10080,1000.0,11.10135144112246,73.0,2.0,6.0,True,0.06834965944290161,5.0,3.0,2.0,2.0,0.0,5.0,-0.110772716999054,True,0.0,native_cost,2202
81,10081,1000.0,7.6944582844480465,21.0,1.0,4.0,True,0.019693315029144287,1.0,0.0,1.0,1.0,0.0,1.0,-0.07797466516494755,True,0.0,native_cost,2202
82,10082,1000.0,5.728178574241042,27.0,1.0,3.0,True,0.07726442813873291,3.0,2.0,1.0,1.0,0.0,3.0,-0.10329096317291264,True,0.0,native_cost,2202
83,10083,1000.0,0.13007249283361944,67.0,1.0,0.0,False,0.178777277469635,1.0,0.0,0.0,1.0,0.0,1.0,-0.10862998962402348,True,0.0,native_cost,2202
84,10084,1000.0,14.62973667701226,29.0,2.0,7.0,True,0.09454715251922607,6.0,4.0,2.0,2.0,0.0,6.0,-0.10433148145675664,True,0.0,native_cost,2202
85,10085,1000.0,11.861953670366574,80.0,2.0,6.0,True,0.03498941659927368,4.0,2.0,2.0,2.0,0.0,4.0,-0.10276542901992802,True,0.0,native_cost,2202
86,10086,1000.0,14.927873737164191,0.0,0.0,8.0,True,0.31832313537597656,2.0,2.0,0.0,0.0,0.0,2.0,0.339808177947998,True,0.0,native_cost,2202
87,10087,1000.0,16.700944019432427,0.0,1.0,10.0,True,0.28119081258773804,3.0,2.0,0.0,0.0,1.0,2.0,0.10373158454895015,True,0.0,native_cost,2202
88,10088,1000.0,8.295202683765638,72.0,2.0,4.0,True,0.075755774974823,4.0,2.0,2.0,2.0,0.0,4.0,-0.10624747276306157,True,0.0,native_cost,2202
89,10089,1000.0,13.04817882718794,79.0,2.0,6.0,True,0.1013147234916687,3.0,1.0,2.0,2.0,0.0,3.0,-0.10412673950195317,True,0.0,native_cost,2202
90,10090,1000.0,12.257739531156403,83.0,3.0,5.0,True,0.024846553802490234,7.0,4.0,2.0,2.0,1.0,6.0,-0.11557351350784306,True,0.0,native_cost,2202
91,10091,1000.0,14.454033623233272,69.0,2.0,7.0,True,0.0739821195602417,5.0,3.0,2.0,2.0,0.0,5.0,-0.10748575925827031,True,0.0,native_cost,2202
92,10092,1000.0,10.327157656769032,20.0,0.0,5.0,True,0.03322380781173706,2.0,2.0,0.0,0.0,0.0,2.0,0.2782123208045959,True,0.0,native_cost,2202
93,10093,1000.0,10.433481630384449,117.0,3.0,5.0,True,0.062255859375,5.0,2.0,3.0,3.0,0.0,5.0,-0.11500202417373662,True,0.0,native_cost,2202
94,10094,1000.0,12.74143878149789,0.0,0.0,6.0,True,0.44726622104644775,2.0,2.0,0.0,0.0,0.0,2.0,0.2761051774024963,True,0.0,native_cost,2202
95,10095,1000.0,13.891183211052521,67.0,4.0,6.0,True,0.03050476312637329,4.0,0.0,3.0,3.0,1.0,3.0,-0.11937545537948613,True,0.0,native_cost,2202
96,10096,1000.0,14.855572998837545,97.0,0.0,6.0,True,0.008713245391845703,6.0,6.0,0.0,0.0,0.0,6.0,0.08871031999588008,True,0.0,native_cost,2202
97,10097,1000.0,6.246139313885578,0.0,2.0,3.0,True,0.2892916202545166,2.0,0.0,2.0,2.0,0.0,2.0,-0.0994310855865479,True,0.0,native_cost,2202
98,10098,1000.0,14.562404183907347,40.0,1.0,8.0,True,0.044944703578948975,6.0,5.0,0.0,0.0,1.0,5.0,0.14286376237869258,True,0.0,native_cost,2202
99,10099,1000.0,9.604054922638625,31.0,3.0,4.0,True,0.14409059286117554,4.0,1.0,3.0,3.0,0.0,4.0,-0.11392216682434086,True,0.0,native_cost,2202
0,10000,1000.0,10.952809669081034,0.0,0.0,5.0,True,0.21715986728668213,3.0,3.0,0.0,0.0,0.0,3.0,0.21484173536300655,True,0.0,native_cost,3303
1,10001,1000.0,22.09695963995182,77.0,1.0,11.0,True,0.023477554321289062,7.0,6.0,1.0,1.0,0.0,7.0,-0.0036851644515991655,True,0.0,native_cost,3303
2,10002,1000.0,25.529692062751565,11.0,1.0,13.0,True,0.16959500312805176,2.0,1.0,1.0,1.0,0.0,2.0,-0.07328062057495122,True,0.0,native_cost,3303
3,10003,1000.0,24.61693961373294,76.0,1.0,10.0,True,0.025106728076934814,9.0,8.0,0.0,0.0,1.0,8.0,0.052302551269531206,True,0.0,native_cost,3303
4,10004,1000.0,10.274616094982775,27.0,1.0,4.0,True,0.07387769222259521,2.0,1.0,1.0,1.0,0.0,2.0,-0.11042528152465825,True,0.0,native_cost,3303
5,10005,1000.0,23.9511525141329,37.0,2.0,12.0,True,0.0447009801864624,5.0,3.0,1.0,1.0,1.0,4.0,-0.002550768852233931,True,0.0,native_cost,3303
6,10006,1000.0,25.53636890082271,64.0,1.0,13.0,True,0.033306777477264404,5.0,4.0,1.0,1.0,0.0,4.0,-0.1099494576454163,True,0.0,native_cost,3303
7,10007,1000.0,21.919492160042864,69.0,1.0,10.0,True,0.05223959684371948,10.0,9.0,0.0,0.0,1.0,9.0,0.054302227497100786,True,0.0,native_cost,3303
8,10008,1000.0,3.619297835594807,5.0,0.0,2.0,True,0.19062602519989014,1.0,1.0,0.0,0.0,0.0,1.0,0.015350294113159135,True,0.0,native_cost,3303
9,10009,1000.0,27.11759076486487,112.0,3.0,14.0,True,0.009209811687469482,7.0,4.0,2.0,2.0,1.0,6.0,-0.1095052838325501,True,0.0,native_cost,3303
10,10010,1000.0,9.06904739612014,38.0,1.0,3.0,True,0.02072882652282715,3.0,2.0,0.0,0.0,1.0,2.0,0.29172815084457393,True,0.0,native_cost,3303
11,10011,1000.0,26.63646645515746,27.0,1.0,15.0,True,0.07774114608764648,5.0,4.0,0.0,0.0,1.0,4.0,0.05390079021453853,True,0.0,native_cost,3303
12,10012,1000.0,22.55913453807443,0.0,0.0,12.0,True,0.36218100786209106,1.0,1.0,0.0,0.0,0.0,1.0,0.38091303110122676,True,0.0,native_cost,3303
13,10013,1000.0,8.01765783856581,26.0,0.0,4.0,True,0.08795285224914551,3.0,3.0,0.0,0.0,0.0,3.0,0.09427304267883296,True,0.0,native_cost,3303
14,10014,1000.0,16.672102860242376,64.0,0.0,7.0,True,0.004478752613067627,6.0,6.0,0.0,0.0,0.0,6.0,0.02697123289108272,True,0.0,native_cost,3303
15,10015,1000.0,1.5465456520887528,0.0,0.0,1.0,True,0.4020981788635254,1.0,1.0,0.0,0.0,0.0,1.0,0.2313755869865417,True,0.0,native_cost,3303
16,10016,1000.0,24.919988556324824,55.0,3.0,12.0,True,0.05237531661987305,7.0,4.0,3.0,3.0,0.0,7.0,-0.11434094905853276,True,0.0,native_cost,3303
17,10017,1000.0,23.158042132934497,114.0,2.0,10.0,True,0.020226001739501953,9.0,7.0,1.0,1.0,1.0,8.0,-0.058253455162048384,True,0.0,native_cost,3303
18,10018,1000.0,24.95222089992967,79.0,4.0,12.0,True,0.07717037200927734,8.0,4.0,3.0,3.0,1.0,6.0,-0.09248577356338505,True,0.0,native_cost,3303
19,10019,1000.0,20.907838810229805,51.0,3.0,12.0,True,0.14028561115264893,4.0,1.0,3.0,3.0,0.0,4.0,-0.11319332122802739,True,0.0,native_cost,3303
20,10020,1000.0,20.50714646204142,50.0,1.0,9.0,True,0.1013939380645752,5.0,4.0,1.0,1.0,0.0,5.0,-0.10098497867584233,True,0.0,native_cost,3303
21,10021,1000.0,6.7876920713388245,14.0,1.0,3.0,True,0.03411376476287842,2.0,1.0,1.0,1.0,0.0,2.0,-0.06816868782043461,True,0.0,native_cost,3303
22,10022,1000.0,25.58983669475998,70.0,2.0,13.0,True,0.023885786533355713,7.0,5.0,2.0,2.0,0.0,7.0,-0.05466394424438481,True,0.0,native_cost,3303
23,10023,1000.0,25.070699532490835,10.0,0.0,13.0,True,0.14167481660842896,5.0,5.0,0.0,0.0,0.0,5.0,0.2369821190834045,True,0.0,native_cost,3303
24,10024,1000.0,23.088287309437874,0.0,0.0,11.0,True,0.29990798234939575,2.0,2.0,0.0,0.0,0.0,2.0,0.30862177610397334,True,0.0,native_cost,3303
25,10025,1000.0,27.029647338444192,67.0,2.0,13.0,True,0.04221189022064209,10.0,8.0,1.0,1.0,1.0,8.0,-0.029523241519928023,True,0.0,native_cost,3303
26,10026,1000.0,22.550366179051707,39.0,4.0,10.0,True,0.011803686618804932,8.0,4.0,3.0,3.0,1.0,7.0,-0.10195093154907231,True,0.0,native_cost,3303
27,10027,1000.0,20.635590974310617,75.0,4.0,9.0,True,0.07031840085983276,5.0,1.0,3.0,4.0,0.0,5.0,-0.029729592800140425,True,0.0,native_cost,3303
28,10028,1000.0,8.295901297402452,105.0,2.0,3.0,True,0.024124324321746826,2.0,0.0,1.0,2.0,0.0,2.0,-0.03069447278976445,True,0.0,native_cost,3303
29,10029,1000.0,25.50704687059624,33.0,1.0,13.0,True,0.036027610301971436,6.0,5.0,0.0,0.0,1.0,5.0,0.2588768124580383,True,0.0,native_cost,3303
30,10030,1000.0,24.50649295601761,13.0,0.0,12.0,True,0.18941617012023926,3.0,3.0,0.0,0.0,0.0,3.0,0.02050174474716182,True,0.0,native_cost,3303
31,10031,1000.0,22.179291498578095,41.0,1.0,8.0,True,0.08017945289611816,11.0,10.0,0.0,0.0,1.0,10.0,0.030387294292449907,True,0.0,native_cost,3303
32,10032,1000.0,25.993033061555252,51.0,1.0,14.0,True,0.047631919384002686,11.0,10.0,1.0,1.0,0.0,10.0,-0.04807912111282353,True,0.0,native_cost,3303
33,10033,1000.0,24.275416983202376,11.0,0.0,13.0,True,0.15947020053863525,5.0,5.0,0.0,0.0,0.0,5.0,0.008210253715515092,True,0.0,native_cost,3303
34,10034,1000.0,20.17003846919033,16.0,1.0,11.0,True,0.03434783220291138,6.0,5.0,1.0,1.0,0.0,6.0,-0.005667853355407759,True,0.0,native_cost,3303
35,10035,1000.0,21.57992886780994,22.0,3.0,9.0,True,0.1383504867553711,6.0,3.0,3.0,3.0,0.0,5.0,-0.02466361522674565,True,0.0,native_cost,3303
36,10036,1000.0,23.434835590782313,57.0,2.0,10.0,True,0.027823805809020996,9.0,7.0,1.0,1.0,1.0,7.0,-0.07440017461776738,True,0.0,native_cost,3303
37,10037,1000.0,26.618917494626658,15.0,1.0,14.0,True,0.12841880321502686,1.0,0.0,1.0,1.0,0.0,1.0,-0.040395486354827925,True,0.0,native_cost,3303
38,10038,1000.0,25.687206604990934,8.0,0.0,13.0,True,0.17522406578063965,5.0,5.0,0.0,0.0,0.0,4.0,0.028720390796661333,True,0.0,native_cost,3303
39,10039,1000.0,21.674939104173973,82.0,2.0,9.0,True,0.010847747325897217,6.0,4.0,1.0,2.0,0.0,6.0,-0.10950921773910527,True,0.0,native_cost,3303
40,10040,1000.0,21.17248896863225,15.0,2.0,11.0,True,0.027719736099243164,3.0,1.0,2.0,2.0,0.0,3.0,-0.11739348173141484,True,0.0,native_cost,3303
41,10041,1000.0,24.376274445491617,51.0,2.0,11.0,True,0.054957032203674316,11.0,9.0,1.0,1.0,1.0,10.0,-0.10011987686157231,True,0.0,native_cost,3303
42,10042,1000.0,24.539113055097005,0.0,0.0,13.0,True,0.2554696798324585,2.0,2.0,0.0,0.0,0.0,2.0,0.18238450288772579,True,0.0,native_cost,3303
43,10043,1000.0,24.945462622883497,34.0,2.0,12.0,True,0.027751386165618896,8.0,6.0,1.0,1.0,1.0,7.0,-0.021465885639190718,True,0.0,native_cost,3303
44,10044,1000.0,24.47494585927052,50.0,1.0,12.0,True,0.037588655948638916,8.0,7.0,1.0,1.0,0.0,7.0,-0.022095847129821822,True,0.0,native_cost,3303
45,10045,1000.0,7.0371083603554325,126.0,1.0,3.0,True,0.024161159992218018,2.0,1.0,0.0,1.0,0.0,2.0,-0.11611961126327519,True,0.0,native_cost,3303
46,10046,1000.0,23.199735533921285,42.0,1.0,10.0,True,0.026960313320159912,5.0,4.0,1.0,1.0,0.0,4.0,-0.06791656017303471,True,0.0,native_cost,3303
47,10047,1000.0,22.47318136474678,99.0,2.0,9.0,True,0.011780619621276855,7.0,5.0,1.0,1.0,1.0,6.0,-0.06165181398391728,True,0.0,native_cost,3303
48,10048,1000.0,20.383823769847368,48.0,2.0,10.0,True,0.12280386686325073,5.0,3.0,2.0,2.0,0.0,5.0,-0.10779564380645756,True,0.0,native_cost,3303
49,10049,1000.0,18.30723221629478,38.0,3.0,9.0,True,0.08347803354263306,6.0,3.0,3.0,3.0,0.0,6.0,-0.10458074808120732,True,0.0,native_cost,3303
50,10050,1000.0,21.727885803082245,55.0,2.0,9.0,True,0.023305177688598633,9.0,7.0,1.0,1.0,1.0,8.0,-0.031974065303802535,True,0.0,native_cost,3303
51,10051,1000.0,20.305272523594795,0.0,0.0,8.0,True,0.35576802492141724,4.0,4.0,0.0,0.0,0.0,4.0,0.26943184137344356,True,0.0,native_cost,3303
52,10052,1000.0,6.827415086513611,18.0,0.0,5.0,True,0.16433733701705933,4.0,4.0,0.0,0.0,0.0,4.0,0.14223505258560176,True,0.0,native_cost,3303
53,10053,1000.0,23.845214529995246,43.0,2.0,11.0,True,0.055696964263916016,8.0,6.0,1.0,1.0,1.0,7.0,-0.09190498590469365,True,0.0,native_cost,3303
54,10054,1000.0,23.66457270286628,90.0,2.0,11.0,True,0.03918957710266113,6.0,4.0,2.0,2.0,0.0,6.0,-0.10385673046112065,True,0.0,native_cost,3303
55,10055,1000.0,26.641642197260808,16.0,1.0,13.0,True,0.01844841241836548,8.0,7.0,1.0,1.0,0.0,8.0,-0.04293857812881474,True,0.0,native_cost,3303
56,10056,1000.0,8.842082240606942,59.0,0.0,4.0,True,0.021118104457855225,3.0,3.0,0.0,0.0,0.0,3.0,0.15610171556472774,True,0.0,native_cost,3303
57,10057,1000.0,25.655701768460858,19.0,0.0,14.0,True,0.08142954111099243,5.0,5.0,0.0,0.0,0.0,5.0,0.09808142185211177,True,0.0,native_cost,3303
58,10058,1000.0,24.81927768307287,38.0,1.0,12.0,True,0.03314942121505737,6.0,5.0,1.0,1.0,0.0,6.0,-0.06473689079284672,True,0.0,native_cost,3303
59,10059,1000.0,24.998811572357226,101.0,2.0,11.0,True,0.04442739486694336,8.0,6.0,1.0,1.0,1.0,7.0,-0.06004999876022343,True,0.0,native_cost,3303
60,10060,1000.0,26.595538396650227,42.0,2.0,14.0,True,0.08705306053161621,7.0,5.0,1.0,2.0,0.0,7.0,-0.10700778961181645,True,0.0,native_cost,3303
61,10061,1000.0,19.22594334020232,73.0,2.0,8.0,True,0.0383831262588501,10.0,8.0,1.0,1.0,1.0,9.0,-0.04587488174438481,True,0.0,native_cost,3303
62,10062,1000.0,26.871196270491055,14.0,1.0,14.0,True,0.14400923252105713,7.0,6.0,1.0,1.0,0.0,6.0,-0.10110728740692143,True,0.0,native_cost,3303
63,10063,1000.0,18.99424081751124,41.0,1.0,11.0,True,0.02312403917312622,7.0,6.0,0.0,0.0,1.0,6.0,0.05472244024276729,True,0.0,native_cost,3303
64,10064,1000.0,24.603820101272504,15.0,0.0,12.0,True,0.062454164028167725,6.0,6.0,0.0,0.0,0.0,6.0,0.1582680463790893,True,0.0,native_cost,3303
65,10065,1000.0,21.17953641825443,58.0,3.0,9.0,True,0.05117690563201904,6.0,3.0,2.0,2.0,1.0,5.0,-0.11097710132598881,True,0.0,native_cost,3303
66,10066,1000.0,11.155090697436435,0.0,0.0,5.0,True,0.20149630308151245,4.0,4.0,0.0,0.0,0.0,4.0,0.1152702689170837,True,0.0,native_cost,3303
67,10067,1000.0,20.900591141718905,55.0,3.0,9.0,True,0.00657731294631958,8.0,5.0,2.0,2.0,1.0,7.0,-0.03462498188018803,True,0.0,native_cost,3303
68,10068,1000.0,23.885544106998168,50.0,1.0,11.0,True,0.05201411247253418,5.0,4.0,1.0,1.0,0.0,5.0,-0.04585717916488652,True,0.0,native_cost,3303
69,10069,1000.0,23.789134702673437,50.0,2.0,11.0,True,0.021262049674987793,9.0,7.0,1.0,2.0,0.0,9.0,-0.03497259616851811,True,0.0,native_cost,3303
70,10070,1000.0,23.975939394241777,71.0,2.0,11.0,True,0.009335696697235107,9.0,7.0,2.0,2.0,0.0,9.0,-0.08507679700851445,True,0.0,native_cost,3303
71,10071,1000.0,24.15193293597258,0.0,0.0,12.0,True,0.21865475177764893,3.0,3.0,0.0,0.0,0.0,3.0,0.020347785949706987,True,0.0,native_cost,3303
72,10072,1000.0,22.087125728816318,48.0,0.0,11.0,True,0.020862221717834473,8.0,8.0,0.0,0.0,0.0,8.0,0.08281339406967159,True,0.0,native_cost,3303
73,10073,1000.0,22.882096651934262,0.0,0.0,11.0,True,0.27821820974349976,3.0,3.0,0.0,0.0,0.0,3.0,0.1841227531433105,True,0.0,native_cost,3303
74,10074,1000.0,23.409043625816025,87.0,4.0,11.0,True,0.019296705722808838,6.0,2.0,3.0,4.0,0.0,6.0,-0.11592935323715214,True,0.0,native_cost,3303
75,10075,1000.0,24.727970481661032,33.0,3.0,10.0,True,0.08345532417297363,8.0,5.0,2.0,2.0,1.0,7.0,-0.10250364542007451,True,0.0,native_cost,3303
76,10076,1000.0,21.43060474192589,54.0,3.0,10.0,True,0.005842924118041992,7.0,4.0,2.0,2.0,1.0,6.0,-0.06548933982849126,True,0.0,native_cost,3303
77,10077,1000.0,26.57638205973126,104.0,2.0,12.0,True,0.021913468837738037,12.0,10.0,1.0,1.0,1.0,11.0,-0.0076385617256164995,True,0.0,native_cost,3303
78,10078,1000.0,23.508529294263553,92.0,3.0,12.0,True,0.043622374534606934,6.0,3.0,3.0,3.0,0.0,6.0,-0.1120995163917542,True,0.0,native_cost,3303
79,10079,1000.0,25.074569688783868,0.0,1.0,14.0,True,0.24458777904510498,4.0,3.0,1.0,1.0,0.0,4.0,-0.10889570713043217,True,0.0,native_cost,3303
80,10080,1000.0,26.338426444763172,116.0,4.0,13.0,True,0.0235481858253479,9.0,5.0,3.0,3.0,1.0,8.0,-0.10167663097381596,True,0.0,native_cost,3303
81,10081,1000.0,25.624710361003963,57.0,1.0,13.0,True,0.09885478019714355,6.0,5.0,1.0,1.0,0.0,6.0,-0.04541336297988896,True,0.0,native_cost,3303
82,10082,1000.0,23.804326631834556,15.0,1.0,13.0,True,0.06514692306518555,3.0,2.0,1.0,1.0,0.0,3.0,-0.10155378580093388,True,0.0,native_cost,3303
83,10083,1000.0,4.14520471730475,281.0,2.0,3.0,True,0.02599024772644043,4.0,2.0,2.0,2.0,0.0,4.0,-0.10758500099182133,True,0.0,native_cost,3303
84,10084,1000.0,21.844161304274166,36.0,0.0,8.0,True,0.09824627637863159,8.0,8.0,0.0,0.0,0.0,7.0,0.027064394950866655,True,0.0,native_cost,3303
85,10085,1000.0,19.129979572406228,84.0,2.0,10.0,True,0.010155200958251953,6.0,4.0,2.0,2.0,0.0,6.0,-0.10486130714416508,True,0.0,native_cost,3303
86,10086,1000.0,15.036768911882973,28.0,3.0,6.0,True,0.06948244571685791,5.0,2.0,2.0,3.0,0.0,5.0,-0.10165749788284306,True,0.0,native_cost,3303
87,10087,1000.0,23.17772490702373,13.0,1.0,13.0,True,0.18239039182662964,4.0,3.0,0.0,0.0,1.0,3.0,0.12851519584655757,True,0.0,native_cost,3303
88,10088,1000.0,20.460453795996727,42.0,2.0,8.0,True,0.07075095176696777,10.0,8.0,1.0,1.0,1.0,9.0,-0.10022144317626958,True,0.0,native_cost,3303
89,10089,1000.0,23.858811404783864,64.0,1.0,12.0,True,0.014133632183074951,7.0,6.0,1.0,1.0,0.0,6.0,-0.00043987035751347214,True,0.0,native_cost,3303
90,10090,1000.0,22.097739872875536,59.0,2.0,10.0,True,0.0327833890914917,2.0,0.0,2.0,2.0,0.0,2.0,-0.11213653087615971,True,0.0,native_cost,3303
91,10091,1000.0,24.808407329417605,32.0,2.0,12.0,True,0.014046907424926758,8.0,6.0,2.0,2.0,0.0,8.0,-0.1106935024261475,True,0.0,native_cost,3303
92,10092,1000.0,22.296213128742238,50.0,1.0,11.0,True,0.06373876333236694,5.0,4.0,1.0,1.0,0.0,4.0,-0.09079294204711919,True,0.0,native_cost,3303
93,10093,1000.0,21.570996614373144,85.0,1.0,8.0,True,0.02258884906768799,11.0,10.0,0.0,0.0,1.0,10.0,0.011787068843841508,True,0.0,native_cost,3303
94,10094,1000.0,26.822653950439417,0.0,0.0,16.0,True,0.3820604681968689,1.0,1.0,0.0,0.0,0.0,1.0,0.8178596019744873,True,0.0,native_cost,3303
95,10095,1000.0,22.647784352713643,68.0,2.0,10.0,True,0.021318912506103516,8.0,6.0,2.0,2.0,0.0,8.0,-0.0696231603622437,True,0.0,native_cost,3303
96,10096,1000.0,23.993759538934682,47.0,1.0,12.0,True,0.02933657169342041,4.0,3.0,1.0,1.0,0.0,4.0,-0.03280429840087895,True,0.0,native_cost,3303
97,10097,1000.0,24.537158388844546,0.0,0.0,12.0,True,0.22703468799591064,1.0,1.0,0.0,0.0,0.0,1.0,0.5640265464782714,True,0.0,native_cost,3303
98,10098,1000.0,24.16497311851208,44.0,0.0,11.0,True,0.03423929214477539,10.0,10.0,0.0,0.0,0.0,9.0,0.009894323348998979,True,0.0,native_cost,3303
99,10099,1000.0,25.450090645412274,64.0,1.0,12.0,True,0.05599772930145264,11.0,10.0,0.0,1.0,0.0,11.0,-0.0007504701614380327,True,0.0,native_cost,3303
0,10000,1000.0,14.350373321782172,31.0,2.0,7.0,True,0.021575868129730225,8.0,6.0,1.0,1.0,1.0,7.0,-0.08715980052948002,True,0.0,native_cost,4404
1,10001,1000.0,14.960249561747332,136.0,2.0,7.0,True,0.07774007320404053,6.0,4.0,2.0,2.0,0.0,6.0,-0.11249362230300908,True,0.0,native_cost,4404
2,10002,1000.0,18.59877818186942,15.0,1.0,9.0,True,0.13622474670410156,2.0,1.0,1.0,1.0,0.0,2.0,-0.10404341220855717,True,0.0,native_cost,4404
3,10003,1000.0,19.06041300555148,67.0,2.0,8.0,True,0.07781893014907837,6.0,4.0,1.0,1.0,1.0,5.0,-0.014672744274139449,True,0.0,native_cost,4404
4,10004,1000.0,20.134337989111373,60.0,0.0,8.0,True,0.09455108642578125,7.0,7.0,0.0,0.0,0.0,7.0,0.015630137920379594,True,0.0,native_cost,4404
5,10005,1000.0,16.368353151417978,73.0,1.0,8.0,True,0.019424378871917725,6.0,5.0,1.0,1.0,0.0,6.0,-0.1013420701026917,True,0.0,native_cost,4404
6,10006,1000.0,15.139347668577841,43.0,0.0,7.0,True,0.07995468378067017,5.0,5.0,0.0,0.0,0.0,5.0,0.03308041095733638,True,0.0,native_cost,4404
7,10007,1000.0,16.37575929972445,10.0,3.0,7.0,True,0.17055058479309082,5.0,2.0,2.0,2.0,1.0,4.0,-0.05786954164505009,True,0.0,native_cost,4404
8,10008,1000.0,11.543402862499988,20.0,0.0,6.0,True,0.14440494775772095,9.0,9.0,0.0,0.0,0.0,9.0,0.009649705886840776,True,0.0,native_cost,4404
9,10009,1000.0,20.155572813853723,121.0,3.0,9.0,True,0.006520092487335205,4.0,1.0,3.0,3.0,0.0,4.0,-0.1069466352462769,True,0.0,native_cost,4404
10,10010,1000.0,20.14088283281808,21.0,2.0,10.0,True,0.09642219543457031,6.0,4.0,1.0,1.0,1.0,5.0,-0.061326551437377974,True,0.0,native_cost,4404
11,10011,1000.0,13.30210888401325,45.0,0.0,7.0,True,0.03874844312667847,3.0,3.0,0.0,0.0,0.0,3.0,0.08992482423782344,True,0.0,native_cost,4404
12,10012,1000.0,15.135214994703347,16.0,0.0,7.0,True,0.07922619581222534,4.0,4.0,0.0,0.0,0.0,4.0,0.09818298816680904,True,0.0,native_cost,4404
13,10013,1000.0,0.3111159606085039,0.0,0.0,1.0,True,0.5690401196479797,0.0,0.0,0.0,0.0,0.0,0.0,,True,0.0,native_cost,4404
14,10014,1000.0,10.406567121658227,30.0,2.0,5.0,True,0.12658452987670898,3.0,1.0,2.0,2.0,0.0,3.0,-0.10309909582138066,True,0.0,native_cost,4404
15,10015,1000.0,1.2082875255033514,0.0,0.0,1.0,True,0.6747069954872131,0.0,0.0,0.0,0.0,0.0,0.0,,True,0.0,native_cost,4404
16,10016,1000.0,14.92732165693451,11.0,2.0,7.0,True,0.16693013906478882,4.0,2.0,2.0,2.0,0.0,4.0,-0.10389964580535893,True,0.0,native_cost,4404
17,10017,1000.0,20.180931006464107,5.0,1.0,10.0,True,0.18845057487487793,7.0,6.0,1.0,1.0,0.0,7.0,-0.05608104467391972,True,0.0,native_cost,4404
18,10018,1000.0,20.88239274058469,44.0,0.0,11.0,True,0.0061907172203063965,8.0,8.0,0.0,0.0,0.0,8.0,0.0910402655601501,True,0.0,native_cost,4404
19,10019,1000.0,19.349796372891433,6.0,1.0,10.0,True,0.18431800603866577,4.0,3.0,1.0,1.0,0.0,4.0,-0.07905845642089848,True,0.0,native_cost,4404
20,10020,1000.0,21.430762952431905,12.0,0.0,11.0,True,0.157678484916687,7.0,7.0,0.0,0.0,0.0,7.0,0.02914793491363521,True,0.0,native_cost,4404
21,10021,1000.0,13.251369552133156,32.0,3.0,4.0,True,0.019545793533325195,5.0,2.0,3.0,3.0,0.0,5.0,-0.1105096817016602,True,0.0,native_cost,4404
22,10022,1000.0,10.33731620976323,41.0,2.0,4.0,True,0.07845747470855713,3.0,1.0,2.0,2.0,0.0,3.0,-0.1099787831306458,True,0.0,native_cost,4404
23,10023,1000.0,16.539456618613258,22.0,2.0,9.0,True,0.0691995620727539,5.0,3.0,1.0,2.0,0.0,5.0,-0.11032210588455205,True,0.0,native_cost,4404
24,10024,1000.0,9.88525461707377,71.0,4.0,5.0,True,0.03440451622009277,4.0,0.0,4.0,4.0,0.0,4.0,-0.11508445739746098,True,0.0,native_cost,4404
25,10025,1000.0,16.989869977316516,81.0,3.0,7.0,True,0.04910212755203247,10.0,7.0,2.0,2.0,1.0,9.0,-0.10699330568313603,True,0.0,native_cost,4404
26,10026,1000.0,7.602104058539965,121.0,2.0,4.0,True,0.03074204921722412,4.0,2.0,2.0,2.0,0.0,4.0,-0.10395060777664189,True,0.0,native_cost,4404
27,10027,1000.0,18.033513375416987,45.0,4.0,9.0,True,0.011738777160644531,7.0,3.0,3.0,3.0,1.0,6.0,-0.1050356507301331,True,0.0,native_cost,4404
28,10028,1000.0,9.379429958759147,42.0,1.0,4.0,True,0.05256897211074829,4.0,3.0,1.0,1.0,0.0,4.0,-0.10489617586135869,True,0.0,native_cost,4404
29,10029,1000.0,21.6175500909103,0.0,0.0,10.0,True,0.2410973310470581,9.0,9.0,0.0,0.0,0.0,8.0,0.1042054414749145,True,0.0,native_cost,4404
30,10030,1000.0,9.993708213644368,34.0,0.0,4.0,True,0.03537243604660034,2.0,2.0,0.0,0.0,0.0,2.0,0.017225158214569047,True,0.0,native_cost,4404
31,10031,1000.0,16.405931494349943,13.0,2.0,7.0,True,0.17710500955581665,4.0,2.0,1.0,2.0,0.0,4.0,-0.1003931045532227,True,0.0,native_cost,4404
32,10032,1000.0,20.435520945440658,53.0,0.0,10.0,True,0.01828944683074951,7.0,7.0,0.0,0.0,0.0,7.0,0.04709352254867549,True,0.0,native_cost,4404
33,10033,1000.0,24.296238788714618,32.0,1.0,13.0,True,0.008291244506835938,5.0,4.0,1.0,1.0,0.0,5.0,-0.0968525886535645,True,0.0,native_cost,4404
34,10034,1000.0,20.42432837872184,30.0,1.0,10.0,True,0.03364419937133789,6.0,5.0,1.0,1.0,0.0,6.0,-0.017853844165802046,True,0.0,native_cost,4404
35,10035,1000.0,16.324614145996748,0.0,2.0,8.0,True,0.2040935754776001,3.0,1.0,1.0,1.0,1.0,2.0,-0.02521811723709111,True,0.0,native_cost,4404
36,10036,1000.0,20.12303742287986,83.0,3.0,9.0,True,0.036078572273254395,6.0,3.0,3.0,3.0,0.0,6.0,-0.08712189197540288,True,0.0,native_cost,4404
37,10037,1000.0,23.00478958068561,56.0,1.0,13.0,True,0.0332643985748291,6.0,5.0,1.0,1.0,0.0,5.0,-0.021057653427124068,True,0.0,native_cost,4404
38,10038,1000.0,20.410626614369903,51.0,1.0,10.0,True,0.09890931844711304,5.0,4.0,0.0,1.0,0.0,5.0,-0.10329811573028569,True,0.0,native_cost,4404
39,10039,1000.0,22.651193602068815,44.0,1.0,11.0,True,0.04216361045837402,8.0,7.0,1.0,1.0,0.0,7.0,-0.07618527412414555,True,0.0,native_cost,4404
40,10040,1000.0,19.476242772063415,94.0,3.0,7.0,True,0.02285546064376831,4.0,1.0,3.0,3.0,0.0,4.0,-0.11559121608734135,True,0.0,native_cost,4404
41,10041,1000.0,17.74852994496996,80.0,3.0,7.0,True,0.0036208033561706543,9.0,6.0,2.0,2.0,1.0,8.0,-0.11495839357376103,True,0.0,native_cost,4404
42,10042,1000.0,18.377184369344604,0.0,0.0,9.0,True,0.35099440813064575,1.0,1.0,0.0,0.0,0.0,1.0,0.24434639215469356,True,0.0,native_cost,4404
43,10043,1000.0,-0.06562702879978133,0.0,0.0,0.0,False,0.6713197231292725,0.0,0.0,0.0,0.0,0.0,0.0,,True,0.0,native_cost,4404
44,10044,1000.0,12.505894876725506,87.0,3.0,5.0,True,0.05757558345794678,6.0,3.0,2.0,2.0,1.0,5.0,-0.10805438756942753,True,0.0,native_cost,4404
45,10045,1000.0,7.951645555232972,41.0,2.0,5.0,True,0.11174905300140381,4.0,2.0,1.0,1.0,1.0,3.0,-0.04991482496261601,True,0.0,native_cost,4404
46,10046,1000.0,23.155807864735834,43.0,0.0,11.0,True,0.09911137819290161,5.0,5.0,0.0,0.0,0.0,4.0,0.004022789001464799,True,0.0,native_cost,4404
47,10047,1000.0,10.069671117628957,24.0,1.0,4.0,True,0.010585963726043701,4.0,3.0,1.0,1.0,0.0,3.0,-0.10241423845291142,True,0.0,native_cost,4404
48,10048,1000.0,3.100196066533499,21.0,1.0,2.0,True,0.19278502464294434,1.0,0.0,0.0,1.0,0.0,1.0,-0.11485736370086674,True,0.0,native_cost,4404
49,10049,1000.0,11.052172192093053,20.0,3.0,5.0,True,0.17355376482009888,3.0,0.0,3.0,3.0,0.0,3.0,-0.046474444866180464,True,0.0,native_cost,4404
50,10050,1000.0,20.104930510384293,118.0,3.0,9.0,True,0.029420077800750732,6.0,3.0,2.0,2.0,1.0,5.0,-0.11327021121978764,True,0.0,native_cost,4404
51,10051,1000.0,9.385874664514333,0.0,0.0,5.0,True,0.4673234224319458,0.0,0.0,0.0,0.0,0.0,0.0,,True,0.0,native_cost,4404
52,10052,1000.0,16.821676890216168,39.0,2.0,9.0,True,0.09515708684921265,6.0,4.0,2.0,2.0,0.0,6.0,-0.11111747026443486,True,0.0,native_cost,4404
53,10053,1000.0,20.654690363699956,93.0,2.0,11.0,True,0.00525587797164917,8.0,6.0,1.0,1.0,1.0,7.0,-0.10113178491592412,True,0.0,native_cost,4404
54,10054,1000.0,12.47479465916581,48.0,1.0,6.0,True,0.012209594249725342,5.0,4.0,0.0,1.0,0.0,5.0,-0.008816230297088667,True,0.0,native_cost,4404
55,10055,1000.0,22.95211410878892,32.0,0.0,11.0,True,0.03904634714126587,6.0,6.0,0.0,0.0,0.0,5.0,0.04486943483352657,True,0.0,native_cost,4404
56,10056,1000.0,16.11149070528336,56.0,2.0,7.0,True,0.041004717350006104,5.0,3.0,2.0,2.0,0.0,5.0,-0.10050897598266606,True,0.0,native_cost,4404
57,10057,1000.0,22.6886121693351,27.0,2.0,12.0,True,0.07030105590820312,5.0,3.0,1.0,1.0,1.0,4.0,-0.10180573463439946,True,0.0,native_cost,4404
58,10058,1000.0,5.185362729286339,0.0,0.0,2.0,True,0.32121044397354126,1.0,1.0,0.0,0.0,0.0,1.0,0.22489554882049556,True,0.0,native_cost,4404
59,10059,1000.0,20.306538477365393,113.0,3.0,10.0,True,0.026360929012298584,6.0,3.0,2.0,3.0,0.0,6.0,-0.11228423118591313,True,0.0,native_cost,4404
60,10060,1000.0,10.686748998751682,0.0,0.0,6.0,True,0.3855621814727783,1.0,1.0,0.0,0.0,0.0,1.0,0.21988321542739864,True,0.0,native_cost,4404
61,10061,1000.0,17.11330255724056,32.0,3.0,8.0,True,0.07658189535140991,8.0,5.0,2.0,2.0,1.0,7.0,-0.10150443315505986,True,0.0,native_cost,4404
62,10062,1000.0,19.063709213854963,23.0,1.0,10.0,True,0.15549427270889282,4.0,3.0,1.0,1.0,0.0,4.0,-0.07627199888229375,True,0.0,native_cost,4404
63,10063,1000.0,21.827911567837873,17.0,2.0,13.0,True,0.012505710124969482,5.0,3.0,2.0,2.0,0.0,5.0,-0.10695718526840214,True,0.0,native_cost,4404
64,10064,1000.0,20.91351833751105,6.0,1.0,10.0,True,0.19415152072906494,5.0,4.0,1.0,1.0,0.0,5.0,-0.10890321731567387,True,0.0,native_cost,4404
65,10065,1000.0,21.067018033259956,31.0,1.0,10.0,True,0.11441069841384888,7.0,6.0,1.0,1.0,0.0,7.0,-0.08335177898406987,True,0.0,native_cost,4404
66,10066,1000.0,15.823701382105355,8.0,3.0,7.0,True,0.17649954557418823,6.0,3.0,2.0,2.0,1.0,5.0,-0.03301655054092412,True,0.0,native_cost,4404
67,10067,1000.0,18.958874782074417,24.0,2.0,8.0,True,0.040193259716033936,5.0,3.0,2.0,2.0,0.0,5.0,-0.10659079551696782,True,0.0,native_cost,4404
68,10068,1000.0,20.79364077583523,32.0,1.0,11.0,True,0.02236354351043701,5.0,4.0,1.0,1.0,0.0,5.0,-0.09771393537521367,True,0.0,native_cost,4404
69,10069,1000.0,3.440207739546679,848.0,1.0,2.0,True,0.0739869475364685,2.0,1.0,0.0,1.0,0.0,2.0,-0.10807477235794072,True,0.0,native_cost,4404
70,10070,1000.0,20.097571907681413,62.0,3.0,8.0,True,0.06354564428329468,7.0,4.0,3.0,3.0,0.0,6.0,-0.10310052633285527,True,0.0,native_cost,4404
71,10071,1000.0,12.999886116307948,68.0,1.0,6.0,True,0.1232914924621582,2.0,1.0,0.0,1.0,0.0,2.0,-0.1053485751152039,True,0.0,native_cost,4404
72,10072,1000.0,20.47397002896105,59.0,2.0,9.0,True,0.027201712131500244,3.0,1.0,2.0,2.0,0.0,3.0,-0.10138391256332402,True,0.0,native_cost,4404
73,10073,1000.0,7.929467413770453,0.0,0.0,5.0,True,0.6349963545799255,0.0,0.0,0.0,0.0,0.0,0.0,,True,0.0,native_cost,4404
74,10074,1000.0,17.80051824082193,50.0,1.0,8.0,True,0.029667198657989502,3.0,2.0,1.0,1.0,0.0,3.0,-0.10550110340118413,True,0.0,native_cost,4404
75,10075,1000.0,17.59671647101959,74.0,1.0,9.0,True,0.06864237785339355,8.0,7.0,1.0,1.0,0.0,8.0,-0.11186830997467045,True,0.0,native_cost,4404
76,10076,1000.0,17.178296308236895,89.0,2.0,7.0,True,0.03834056854248047,6.0,4.0,2.0,2.0,0.0,5.0,-0.08229391574859624,True,0.0,native_cost,4404
77,10077,1000.0,20.3381077381855,59.0,2.0,10.0,True,0.12018907070159912,7.0,5.0,2.0,2.0,0.0,7.0,-0.10453389883041386,True,0.0,native_cost,4404
78,10078,1000.0,1.6768877195006553,18.0,0.0,1.0,True,0.05496490001678467,1.0,1.0,0.0,0.0,0.0,1.0,0.2791825652122497,True,0.0,native_cost,4404
79,10079,1000.0,13.147270635022778,0.0,0.0,8.0,True,0.24611985683441162,3.0,3.0,0.0,0.0,0.0,3.0,0.04511673450469966,True,0.0,native_cost,4404
80,10080,1000.0,22.5075772548812,69.0,1.0,10.0,True,0.012955963611602783,8.0,7.0,1.0,1.0,0.0,8.0,-0.07187818288803105,True,0.0,native_cost,4404
81,10081,1000.0,3.9342315890415023,0.0,1.0,3.0,True,0.2087101936340332,1.0,0.0,1.0,1.0,0.0,1.0,-0.039660203456878707,True,0.0,native_cost,4404
82,10082,1000.0,4.619382201683081,9.0,0.0,3.0,True,0.16677510738372803,1.0,1.0,0.0,0.0,0.0,1.0,0.05164326429367061,True,0.0,native_cost,4404
83,10083,1000.0,20.448004316836887,37.0,4.0,10.0,True,0.1501307487487793,6.0,2.0,3.0,3.0,1.0,5.0,-0.10518478155136113,True,0.0,native_cost,4404
84,10084,1000.0,20.129829566259787,80.0,3.0,10.0,True,0.08499956130981445,8.0,5.0,2.0,2.0,1.0,6.0,-0.10466032028198247,True,0.0,native_cost,4404
85,10085,1000.0,19.816066216164472,127.0,2.0,9.0,True,0.018929779529571533,7.0,5.0,2.0,2.0,0.0,7.0,-0.07389717102050786,True,0.0,native_cost,4404
86,10086,1000.0,17.993758629796503,21.0,0.0,9.0,True,0.05146676301956177,3.0,3.0,0.0,0.0,0.0,2.0,0.18474770784378047,True,0.0,native_cost,4404
87,10087,1000.0,19.000698542930422,49.0,0.0,9.0,True,0.03883713483810425,8.0,8.0,0.0,0.0,0.0,7.0,0.08309913873672481,True,0.0,native_cost,4404
88,10088,1000.0,10.381068640623198,41.0,2.0,4.0,True,0.10136246681213379,5.0,3.0,1.0,2.0,0.0,5.0,-0.10348318815231328,True,0.0,native_cost,4404
89,10089,1000.0,21.837103359390312,54.0,1.0,10.0,True,0.12102699279785156,7.0,6.0,1.0,1.0,0.0,6.0,-0.006953167915344283,True,0.0,native_cost,4404
90,10090,1000.0,13.796142301116902,0.0,0.0,7.0,True,0.4291863441467285,1.0,1.0,0.0,0.0,0.0,1.0,0.19242579936981197,True,0.0,native_cost,4404
91,10091,1000.0,23.327194263925776,13.0,0.0,11.0,True,0.1266501545906067,5.0,5.0,0.0,0.0,0.0,5.0,0.053998601436614946,True,0.0,native_cost,4404
92,10092,1000.0,18.95479448626429,51.0,1.0,9.0,True,0.07524847984313965,6.0,5.0,1.0,1.0,0.0,6.0,-0.058343040943145796,True,0.0,native_cost,4404
93,10093,1000.0,17.595598173888902,69.0,1.0,8.0,True,0.08063185214996338,8.0,7.0,1.0,1.0,0.0,7.0,-0.11000971794128422,True,0.0,native_cost,4404
94,10094,1000.0,18.35777284703795,0.0,0.0,10.0,True,0.2584354877471924,5.0,5.0,0.0,0.0,0.0,4.0,0.06766999959945674,True,0.0,native_cost,4404
95,10095,1000.0,6.489044007049415,13.0,0.0,3.0,True,0.15134024620056152,4.0,4.0,0.0,0.0,0.0,4.0,0.02308864593505855,True,0.0,native_cost,4404
96,10096,1000.0,10.992202786795303,14.0,0.0,6.0,True,0.09736794233322144,3.0,3.0,0.0,0.0,0.0,3.0,0.09258950948715206,True,0.0,native_cost,4404
97,10097,1000.0,20.695867939150048,37.0,0.0,10.0,True,0.06500101089477539,5.0,5.0,0.0,0.0,0.0,5.0,0.17386419773101802,True,0.0,native_cost,4404
98,10098,1000.0,21.38744695981586,49.0,1.0,11.0,True,0.08927464485168457,6.0,5.0,1.0,1.0,0.0,6.0,-0.11241762638092045,True,0.0,native_cost,4404
99,10099,1000.0,18.874898220354225,75.0,4.0,9.0,True,0.06324648857116699,8.0,4.0,4.0,4.0,0.0,8.0,-0.1067129254341126,True,0.0,native_cost,4404
0,10000,1000.0,23.324608917639125,83.0,2.0,11.0,True,0.015312910079956055,9.0,7.0,1.0,1.0,1.0,8.0,-0.03772615194320683,True,0.0,native_cost,5505
1,10001,1000.0,19.638899723484883,89.0,2.0,10.0,True,0.032366037368774414,6.0,4.0,2.0,2.0,0.0,5.0,-0.07603149414062504,True,0.0,native_cost,5505
2,10002,1000.0,17.487365931450768,43.0,1.0,7.0,True,0.0705530047416687,1.0,0.0,1.0,1.0,0.0,1.0,-0.10597907304763798,True,0.0,native_cost,5505
3,10003,1000.0,20.824355273289257,57.0,2.0,10.0,True,0.07906115055084229,4.0,2.0,2.0,2.0,0.0,4.0,-0.05425660610198979,True,0.0,native_cost,5505
4,10004,1000.0,21.524480466523073,56.0,2.0,9.0,True,0.09285843372344971,6.0,4.0,1.0,1.0,1.0,5.0,-0.10337661504745488,True,0.0,native_cost,5505
5,10005,1000.0,21.969971094564244,31.0,1.0,11.0,True,0.0498805046081543,6.0,5.0,0.0,1.0,0.0,6.0,-0.056580293178558394,True,0.0,native_cost,5505
6,10006,1000.0,22.574598015906304,29.0,1.0,12.0,True,0.03172427415847778,4.0,3.0,1.0,1.0,0.0,4.0,-0.06110357046127324,True,0.0,native_cost,5505
7,10007,1000.0,23.85114072307624,22.0,0.0,11.0,True,0.12443304061889648,9.0,9.0,0.0,0.0,0.0,9.0,0.027388405799865678,True,0.0,native_cost,5505
8,10008,1000.0,21.284316126051635,38.0,2.0,10.0,True,0.026704251766204834,10.0,8.0,2.0,2.0,0.0,10.0,-0.10769997835159306,True,0.0,native_cost,5505
9,10009,1000.0,12.486998408930958,31.0,0.0,6.0,True,0.06178629398345947,4.0,4.0,0.0,0.0,0.0,4.0,0.034528803825378374,True,0.0,native_cost,5505
10,10010,1000.0,24.088416630296706,113.0,2.0,11.0,True,0.008202910423278809,4.0,2.0,2.0,2.0,0.0,4.0,-0.11567221879959111,True,0.0,native_cost,5505
11,10011,1000.0,13.077640281255299,142.0,1.0,7.0,True,0.041242897510528564,1.0,0.0,1.0,1.0,0.0,1.0,-0.02414791584014897,True,0.0,native_cost,5505
12,10012,1000.0,21.49152421512281,0.0,0.0,11.0,True,0.2960144877433777,1.0,1.0,0.0,0.0,0.0,1.0,0.2565257668495178,True,0.0,native_cost,5505
13,10013,1000.0,18.759194491475682,21.0,3.0,8.0,True,0.1542145013809204,6.0,3.0,2.0,2.0,1.0,5.0,-0.07507984638214116,True,0.0,native_cost,5505
14,10014,1000.0,21.136810741334557,85.0,1.0,9.0,True,0.010006248950958252,6.0,5.0,1.0,1.0,0.0,6.0,-0.10890965461730961,True,0.0,native_cost,5505
15,10015,1000.0,20.284077489224728,21.0,1.0,10.0,True,0.03726679086685181,3.0,2.0,1.0,1.0,0.0,3.0,-0.10335640907287602,True,0.0,native_cost,5505
16,10016,1000.0,6.629746311657584,9.0,1.0,4.0,True,0.17458873987197876,3.0,2.0,1.0,1.0,0.0,3.0,-0.10305314064025883,True,0.0,native_cost,5505
17,10017,1000.0,16.243836976706916,47.0,2.0,7.0,True,0.019301533699035645,5.0,3.0,2.0,2.0,0.0,5.0,-0.08893345594406132,True,0.0,native_cost,5505
18,10018,1000.0,18.3216266411132,74.0,1.0,8.0,True,0.03557091951370239,10.0,9.0,1.0,1.0,0.0,10.0,-0.038719105720520064,True,0.0,native_cost,5505
19,10019,1000.0,23.171803247617845,80.0,2.0,12.0,True,0.036371469497680664,8.0,6.0,1.0,1.0,1.0,7.0,-0.06370656490325932,True,0.0,native_cost,5505
20,10020,1000.0,23.752711960063607,11.0,1.0,12.0,True,0.15689724683761597,6.0,5.0,1.0,1.0,0.0,6.0,-0.024343001842498824,True,0.0,native_cost,5505
21,10021,1000.0,22.10744772383623,56.0,2.0,9.0,True,0.0362057089805603,6.0,4.0,2.0,2.0,0.0,5.0,-0.07253067493438725,True,0.0,native_cost,5505
22,10022,1000.0,16.506208978308678,6.0,1.0,7.0,True,0.18718063831329346,7.0,6.0,1.0,1.0,0.0,7.0,-0.07099180221557622,True,0.0,native_cost,5505
23,10023,1000.0,19.08033114697355,0.0,2.0,11.0,True,0.21947729587554932,2.0,0.0,1.0,1.0,1.0,1.0,-0.0879487276077271,True,0.0,native_cost,5505
24,10024,1000.0,20.792873208363744,18.0,1.0,10.0,True,0.08127164840698242,2.0,1.0,1.0,1.0,0.0,2.0,-0.10094975233078007,True,0.0,native_cost,5505
25,10025,1000.0,4.479946618122938,18.0,0.0,2.0,True,0.10645169019699097,2.0,2.0,0.0,0.0,0.0,2.0,0.37960035800933833,True,0.0,native_cost,5505
26,10026,1000.0,23.53725955351547,31.0,3.0,12.0,True,0.10952693223953247,9.0,6.0,2.0,2.0,1.0,8.0,-0.10623155832290654,True,0.0,native_cost,5505
27,10027,1000.0,23.80892104329314,62.0,1.0,12.0,True,0.06709635257720947,5.0,4.0,1.0,1.0,0.0,5.0,-0.03266500234603886,True,0.0,native_cost,5505
28,10028,1000.0,13.975346233965183,70.0,2.0,6.0,True,0.04167240858078003,4.0,2.0,2.0,2.0,0.0,4.0,-0.10533140897750859,True,0.0,native_cost,5505
29,10029,1000.0,22.555978425952617,27.0,1.0,11.0,True,0.052979886531829834,4.0,3.0,1.0,1.0,0.0,4.0,-0.0724189162254334,True,0.0,native_cost,5505
30,10030,1000.0,24.27649632790417,26.0,1.0,11.0,True,0.13050252199172974,6.0,5.0,1.0,1.0,0.0,6.0,-0.1057140707969666,True,0.0,native_cost,5505
31,10031,1000.0,13.149835729708684,11.0,0.0,6.0,True,0.16700327396392822,3.0,3.0,0.0,0.0,0.0,3.0,0.020482790470123247,True,0.0,native_cost,5505
32,10032,1000.0,23.089193741577446,28.0,1.0,12.0,True,0.049574196338653564,6.0,5.0,1.0,1.0,0.0,6.0,-0.023491847515106246,True,0.0,native_cost,5505
33,10033,1000.0,20.540041399128313,13.0,0.0,10.0,True,0.11265850067138672,7.0,7.0,0.0,0.0,0.0,7.0,0.012273085117340043,True,0.0,native_cost,5505
34,10034,1000.0,17.61610015730821,0.0,1.0,9.0,True,0.22103261947631836,5.0,4.0,0.0,0.0,1.0,4.0,0.08066691160202022,True,0.0,native_cost,5505
35,10035,1000.0,15.756373630843882,88.0,3.0,7.0,True,0.04585236310958862,4.0,1.0,2.0,2.0,1.0,3.0,-0.037890481948852583,True,0.0,native_cost,5505
36,10036,1000.0,19.706653448827637,27.0,0.0,8.0,True,0.12820672988891602,7.0,7.0,0.0,0.0,0.0,7.0,0.07677735090255733,True,0.0,native_cost,5505
37,10037,1000.0,23.61346926351314,0.0,0.0,12.0,True,0.42862433195114136,1.0,1.0,0.0,0.0,0.0,1.0,0.312059473991394,True,0.0,native_cost,5505
38,10038,1000.0,17.342134851271567,67.0,2.0,9.0,True,0.04820144176483154,5.0,3.0,1.0,1.0,1.0,4.0,-0.030284631252288863,True,0.0,native_cost,5505
39,10039,1000.0,17.309448592678223,105.0,4.0,8.0,True,0.033715903759002686,8.0,4.0,3.0,3.0,1.0,7.0,-0.10110406875610356,True,0.0,native_cost,5505
40,10040,1000.0,24.09315087437426,21.0,1.0,12.0,True,0.0344545841217041,6.0,5.0,1.0,1.0,0.0,6.0,-0.09303616285324101,True,0.0,native_cost,5505
41,10041,1000.0,19.587879440383404,13.0,2.0,9.0,True,0.1807461977005005,9.0,7.0,2.0,2.0,0.0,8.0,-0.10147528648376469,True,0.0,native_cost,5505
42,10042,1000.0,7.394449939455626,0.0,0.0,4.0,True,0.27062469720840454,1.0,1.0,0.0,0.0,0.0,1.0,0.39177490472793575,True,0.0,native_cost,5505
43,10043,1000.0,21.924759765926865,48.0,2.0,11.0,True,0.14406931400299072,3.0,1.0,2.0,2.0,0.0,3.0,-0.10933237075805669,True,0.0,native_cost,5505
44,10044,1000.0,19.2204723270861,45.0,2.0,9.0,True,0.07516372203826904,8.0,6.0,1.0,1.0,1.0,7.0,-0.11038486957550053,True,0.0,native_cost,5505
45,10045,1000.0,17.462708173648934,27.0,2.0,7.0,True,0.14436668157577515,6.0,4.0,1.0,1.0,1.0,5.0,-0.01038281917572026,True,0.0,native_cost,5505
46,10046,1000.0,21.96756792081578,91.0,1.0,10.0,True,0.048209309577941895,6.0,5.0,0.0,1.0,0.0,6.0,-0.005065429210662886,True,0.0,native_cost,5505
47,10047,1000.0,22.626214068455738,49.0,1.0,10.0,True,0.04738229513168335,8.0,7.0,1.0,1.0,0.0,7.0,-0.061600673198699996,True,0.0,native_cost,5505
48,10048,1000.0,20.75502674742529,31.0,2.0,11.0,True,0.0830335021018982,4.0,2.0,1.0,1.0,1.0,3.0,-0.1162050843238831,True,0.0,native_cost,5505
49,10049,1000.0,25.88759017405755,28.0,2.0,13.0,True,0.03322094678878784,5.0,3.0,1.0,1.0,1.0,4.0,-0.027322220802307173,True,0.0,native_cost,5505
50,10050,1000.0,17.898511542567576,56.0,3.0,8.0,True,0.031803667545318604,7.0,4.0,2.0,2.0,1.0,6.0,-0.1057174682617188,True,0.0,native_cost,5505
51,10051,1000.0,18.19845772845838,43.0,1.0,7.0,True,0.07673496007919312,1.0,0.0,1.0,1.0,0.0,1.0,-0.10055403709411626,True,0.0,native_cost,5505
52,10052,1000.0,21.63495078532742,33.0,1.0,10.0,True,0.02087348699569702,8.0,7.0,1.0,1.0,0.0,8.0,-0.04529194831848149,True,0.0,native_cost,5505
53,10053,1000.0,22.417168626646344,10.0,1.0,11.0,True,0.17166852951049805,6.0,5.0,1.0,1.0,0.0,6.0,-0.10132079124450688,True,0.0,native_cost,5505
54,10054,1000.0,22.822299229975215,114.0,2.0,10.0,True,0.03544360399246216,6.0,4.0,2.0,2.0,0.0,6.0,-0.11528902053833012,True,0.0,native_cost,5505
55,10055,1000.0,23.65129917093327,22.0,0.0,12.0,True,0.13787323236465454,7.0,7.0,0.0,0.0,0.0,7.0,0.020576310157775834,True,0.0,native_cost,5505
56,10056,1000.0,15.091940910760059,35.0,2.0,8.0,True,0.13519889116287231,3.0,1.0,2.0,2.0,0.0,3.0,-0.11034427881240849,True,0.0,native_cost,5505
57,10057,1000.0,21.12740989984013,53.0,2.0,11.0,True,0.1105315089225769,6.0,4.0,2.0,2.0,0.0,5.0,-0.1120995163917542,True,0.0,native_cost,5505
58,10058,1000.0,22.333338358519086,21.0,2.0,11.0,True,0.06497740745544434,3.0,1.0,2.0,2.0,0.0,3.0,-0.11702673435211186,True,0.0,native_cost,5505
59,10059,1000.0,16.518679286018596,13.0,0.0,8.0,True,0.1659032106399536,6.0,6.0,0.0,0.0,0.0,6.0,0.057286095619201616,True,0.0,native_cost,5505
60,10060,1000.0,22.857888521511995,0.0,0.0,11.0,True,0.23026245832443237,6.0,6.0,0.0,0.0,0.0,5.0,0.05895299911499019,True,0.0,native_cost,5505
61,10061,1000.0,21.230530381275457,90.0,3.0,10.0,True,0.013188958168029785,10.0,7.0,2.0,2.0,1.0,9.0,-0.07973669767379765,True,0.0,native_cost,5505
62,10062,1000.0,21.24996623691095,25.0,3.0,11.0,True,0.0920378565788269,4.0,1.0,2.0,3.0,0.0,4.0,-0.06507395505905156,True,0.0,native_cost,5505
63,10063,1000.0,8.665900094354583,81.0,3.0,5.0,True,0.1568065881729126,3.0,0.0,2.0,3.0,0.0,3.0,-0.10565023422241215,True,0.0,native_cost,5505
64,10064,1000.0,1.6517394339280145,15.0,0.0,1.0,True,0.11298376321792603,1.0,1.0,0.0,0.0,0.0,1.0,0.3709436178207397,True,0.0,native_cost,5505
65,10065,1000.0,21.88802453163953,19.0,2.0,10.0,True,0.11031371355056763,4.0,2.0,1.0,1.0,1.0,3.0,-0.10003046989440922,True,0.0,native_cost,5505
66,10066,1000.0,17.841152389346348,90.0,4.0,7.0,True,0.06532073020935059,6.0,2.0,3.0,3.0,1.0,5.0,-0.11847047805786137,True,0.0,native_cost,5505
67,10067,1000.0,14.742522164256116,10.0,2.0,6.0,True,0.17105180025100708,5.0,3.0,1.0,1.0,1.0,4.0,-0.023704457283020064,True,0.0,native_cost,5505
68,10068,1000.0,20.749094924840392,72.0,1.0,10.0,True,0.0460086464881897,5.0,4.0,1.0,1.0,0.0,5.0,-0.0789266705513001,True,0.0,native_cost,5505
69,10069,1000.0,22.05046244134428,19.0,2.0,9.0,True,0.06594228744506836,7.0,5.0,1.0,1.0,1.0,6.0,-0.1065886497497559,True,0.0,native_cost,5505
70,10070,1000.0,18.186216724927363,52.0,3.0,9.0,True,0.018307507038116455,5.0,2.0,2.0,2.0,1.0,4.0,-0.07160423994064335,True,0.0,native_cost,5505
71,10071,1000.0,12.323933845982335,34.0,1.0,5.0,True,0.012185454368591309,4.0,3.0,1.0,1.0,0.0,4.0,-0.06207274198532109,True,0.0,native_cost,5505
72,10072,1000.0,20.562155845036614,42.0,1.0,9.0,True,0.044978320598602295,7.0,6.0,1.0,1.0,0.0,6.0,-0.06923620700836186,True,0.0,native_cost,5505
73,10073,1000.0,18.500640973536065,49.0,1.0,8.0,True,0.04271435737609863,5.0,4.0,1.0,1.0,0.0,5.0,-0.07528280019760136,True,0.0,native_cost,5505
74,10074,1000.0,14.760905864969573,29.0,2.0,7.0,True,0.12849408388137817,2.0,0.0,1.0,1.0,1.0,1.0,-0.08110158443450932,True,0.0,native_cost,5505
75,10075,1000.0,21.735043442212373,45.0,2.0,11.0,True,0.01615440845489502,9.0,7.0,1.0,2.0,0.0,9.0,-0.07953642606735234,True,0.0,native_cost,5505
76,10076,1000.0,20.912224814681394,10.0,2.0,8.0,True,0.1608561873435974,7.0,5.0,2.0,2.0,0.0,7.0,-0.1015689849853516,True,0.0,native_cost,5505
77,10077,1000.0,22.586979708994477,54.0,0.0,10.0,True,0.051760196685791016,11.0,11.0,0.0,0.0,0.0,11.0,0.034273636341094926,True,0.0,native_cost,5505
78,10078,1000.0,13.123181257877548,0.0,1.0,7.0,True,0.26128077507019043,2.0,1.0,1.0,1.0,0.0,2.0,-0.02416007518768315,True,0.0,native_cost,5505
79,10079,1000.0,21.10408722114994,0.0,0.0,11.0,True,0.4442487359046936,1.0,1.0,0.0,0.0,0.0,1.0,0.230194342136383,True,0.0,native_cost,5505
80,10080,1000.0,23.698666621661687,125.0,1.0,11.0,True,0.03664720058441162,7.0,6.0,0.0,1.0,0.0,7.0,-0.06983183622360234,True,0.0,native_cost,5505
81,10081,1000.0,23.515066019135702,33.0,1.0,11.0,True,0.07796591520309448,5.0,4.0,1.0,1.0,0.0,4.0,-0.04269807338714604,True,0.0,native_cost,5505
82,10082,1000.0,19.379316118198403,36.0,1.0,9.0,True,0.03477126359939575,4.0,3.0,1.0,1.0,0.0,4.0,-0.03789423704147343,True,0.0,native_cost,5505
83,10083,1000.0,19.500314092761982,28.0,2.0,10.0,True,0.12032711505889893,6.0,4.0,1.0,1.0,1.0,4.0,-0.09446274042129521,True,0.0,native_cost,5505
84,10084,1000.0,21.05847599266781,64.0,2.0,10.0,True,0.03549599647521973,8.0,6.0,1.0,1.0,1.0,7.0,-8.832216262821824e-05,True,0.0,native_cost,5505
85,10085,1000.0,15.940936154490373,55.0,3.0,7.0,True,0.13171273469924927,5.0,2.0,3.0,3.0,0.0,4.0,-0.10166161060333256,True,0.0,native_cost,5505
86,10086,1000.0,7.027800408576695,0.0,0.0,3.0,True,0.46901464462280273,0.0,0.0,0.0,0.0,0.0,0.0,,True,0.0,native_cost,5505
87,10087,1000.0,22.356948711434597,51.0,3.0,11.0,True,0.03761011362075806,4.0,1.0,2.0,2.0,1.0,3.0,-0.10287396907806401,True,0.0,native_cost,5505
88,10088,1000.0,16.442521066154768,96.0,3.0,7.0,True,0.07065528631210327,7.0,4.0,2.0,2.0,1.0,6.0,-0.10540722608566289,True,0.0,native_cost,5505
89,10089,1000.0,24.56234066723846,9.0,1.0,12.0,True,0.17786675691604614,7.0,6.0,0.0,0.0,1.0,6.0,0.054821145534515336,True,0.0,native_cost,5505
90,10090,1000.0,22.05664785616318,80.0,2.0,11.0,True,0.05042588710784912,7.0,5.0,2.0,2.0,0.0,6.0,-0.10134600400924687,True,0.0,native_cost,5505
91,10091,1000.0,22.055489265979304,0.0,1.0,11.0,True,0.34128284454345703,2.0,1.0,1.0,1.0,0.0,2.0,-0.015673029422760054,True,0.0,native_cost,5505
92,10092,1000.0,20.81854651899812,75.0,2.0,10.0,True,0.059530019760131836,8.0,6.0,1.0,2.0,0.0,8.0,-0.1196383118629456,True,0.0,native_cost,5505
93,10093,1000.0,22.416037383411094,71.0,1.0,11.0,True,0.011232197284698486,6.0,5.0,1.0,1.0,0.0,6.0,-0.1087578415870667,True,0.0,native_cost,5505
94,10094,1000.0,18.94819724278932,0.0,1.0,10.0,True,0.2433062195777893,2.0,1.0,0.0,1.0,0.0,2.0,-0.04545484781265263,True,0.0,native_cost,5505
95,10095,1000.0,17.073796256177047,60.0,3.0,8.0,True,0.0706588625907898,6.0,3.0,2.0,2.0,1.0,5.0,-0.1140044212341309,True,0.0,native_cost,5505
96,10096,1000.0,21.79183087925503,45.0,0.0,11.0,True,0.005312025547027588,8.0,8.0,0.0,0.0,0.0,8.0,0.015707564353942827,True,0.0,native_cost,5505
97,10097,1000.0,21.543238251303706,18.0,2.0,12.0,True,0.10123300552368164,4.0,2.0,1.0,1.0,1.0,3.0,-0.04390310049057011,True,0.0,native_cost,5505
98,10098,1000.0,21.087653173090303,40.0,1.0,10.0,True,0.11258286237716675,6.0,5.0,1.0,1.0,0.0,6.0,-0.025297152996063277,True,0.0,native_cost,5505
99,10099,1000.0,21.876883226346763,92.0,3.0,10.0,True,0.03385502099990845,9.0,6.0,2.0,2.0,1.0,8.0,-0.10557441711425786,True,0.0,native_cost,5505
0,10000,1000.0,21.309948349032993,55.0,2.0,10.0,True,0.011835873126983643,7.0,5.0,2.0,2.0,0.0,6.0,-0.08718107938766484,True,0.0,gold_stl_cost,1101
1,10001,1000.0,14.56653749853001,301.0,1.0,7.0,True,0.08369332551956177,7.0,6.0,0.0,1.0,0.0,7.0,-0.1054236769676209,True,0.0,gold_stl_cost,1101
2,10002,1000.0,26.247898469359825,43.0,2.0,14.0,True,0.0922728180885315,4.0,2.0,2.0,2.0,0.0,4.0,-0.11213277578353886,True,0.0,gold_stl_cost,1101
3,10003,1000.0,19.621067337734644,78.0,2.0,9.0,True,0.045466840267181396,6.0,4.0,2.0,2.0,0.0,6.0,-0.10636960268020634,True,0.0,gold_stl_cost,1101
4,10004,1000.0,21.48298137297388,42.0,0.0,9.0,True,0.07222956418991089,5.0,5.0,0.0,0.0,0.0,5.0,0.030345273017883256,True,0.0,gold_stl_cost,1101
5,10005,1000.0,23.564730128982774,60.0,2.0,13.0,True,0.05282628536224365,8.0,6.0,2.0,2.0,0.0,7.0,-0.05909298658370976,True,0.0,gold_stl_cost,1101
6,10006,1000.0,19.924651295582862,39.0,2.0,11.0,True,0.04030787944793701,6.0,4.0,1.0,1.0,1.0,5.0,-0.11301486492156987,True,0.0,gold_stl_cost,1101
7,10007,1000.0,22.902334423939465,64.0,1.0,11.0,True,0.02289283275604248,10.0,9.0,1.0,1.0,0.0,10.0,-0.0715656161308289,True,0.0,gold_stl_cost,1101
8,10008,1000.0,22.20663887815317,119.0,3.0,10.0,True,0.028617560863494873,9.0,6.0,3.0,3.0,0.0,9.0,-0.10720591545104985,True,0.0,gold_stl_cost,1101
9,10009,1000.0,23.501664289252403,80.0,2.0,11.0,True,0.02870231866836548,6.0,4.0,1.0,1.0,1.0,5.0,-0.012746202945709273,True,0.0,gold_stl_cost,1101
10,10010,1000.0,23.70048687918461,148.0,4.0,11.0,True,0.03000587224960327,6.0,2.0,3.0,4.0,0.0,6.0,-0.12183325290679936,True,0.0,gold_stl_cost,1101
11,10011,1000.0,22.81775350686985,82.0,1.0,12.0,True,0.02088618278503418,8.0,7.0,1.0,1.0,0.0,8.0,-0.007951664924621626,True,0.0,gold_stl_cost,1101
12,10012,1000.0,24.60104530713943,74.0,1.0,12.0,True,0.07827651500701904,8.0,7.0,0.0,0.0,1.0,7.0,0.09361965656280513,True,0.0,gold_stl_cost,1101
13,10013,1000.0,20.51973897030257,167.0,4.0,10.0,True,0.05952876806259155,7.0,3.0,4.0,4.0,0.0,7.0,-0.10372405052185063,True,0.0,gold_stl_cost,1101
14,10014,1000.0,25.28025922774941,93.0,1.0,12.0,True,0.026433885097503662,8.0,7.0,0.0,0.0,1.0,7.0,0.0015698194503783736,True,0.0,gold_stl_cost,1101
15,10015,1000.0,21.396595409652946,32.0,2.0,12.0,True,0.013218462467193604,4.0,2.0,1.0,1.0,1.0,3.0,-0.09055690765380864,True,0.0,gold_stl_cost,1101
16,10016,1000.0,23.8727599700062,119.0,1.0,11.0,True,0.001873612403869629,10.0,9.0,1.0,1.0,0.0,9.0,-0.02529178857803349,True,0.0,gold_stl_cost,1101
17,10017,1000.0,23.636422328785557,62.0,0.0,11.0,True,0.013323962688446045,9.0,9.0,0.0,0.0,0.0,9.0,0.0003254532814025435,True,0.0,gold_stl_cost,1101
18,10018,1000.0,21.970318385319842,28.0,1.0,11.0,True,0.09366112947463989,8.0,7.0,1.0,1.0,0.0,7.0,-0.08945416212081914,True,0.0,gold_stl_cost,1101
19,10019,1000.0,25.99523651234449,68.0,1.0,14.0,True,0.006147444248199463,8.0,7.0,1.0,1.0,0.0,8.0,-0.11151694059371953,True,0.0,gold_stl_cost,1101
20,10020,1000.0,21.649435013875973,41.0,0.0,11.0,True,0.08589237928390503,8.0,8.0,0.0,0.0,0.0,8.0,0.019294035434722856,True,0.0,gold_stl_cost,1101
21,10021,1000.0,18.28143212390023,150.0,4.0,6.0,True,0.01943671703338623,7.0,3.0,3.0,3.0,1.0,6.0,-0.11628251075744633,True,0.0,gold_stl_cost,1101
22,10022,1000.0,22.75898704485394,30.0,1.0,11.0,True,0.1033090353012085,4.0,3.0,1.0,1.0,0.0,4.0,-0.1087927103042603,True,0.0,gold_stl_cost,1101
23,10023,1000.0,21.99118265429206,6.0,0.0,9.0,True,0.1824277639389038,3.0,3.0,0.0,0.0,0.0,3.0,0.05498118400573726,True,0.0,gold_stl_cost,1101
24,10024,1000.0,22.043763342124294,48.0,2.0,10.0,True,0.06201982498168945,4.0,2.0,2.0,2.0,0.0,4.0,-0.10411833524703984,True,0.0,gold_stl_cost,1101
25,10025,1000.0,22.053554577338218,38.0,1.0,10.0,True,0.07569247484207153,9.0,8.0,1.0,1.0,0.0,8.0,-0.08392755985260014,True,0.0,gold_stl_cost,1101
26,10026,1000.0,25.437993721257953,164.0,4.0,12.0,True,0.029630720615386963,10.0,6.0,3.0,3.0,1.0,9.0,-0.10988132953643803,True,0.0,gold_stl_cost,1101
27,10027,1000.0,24.32567072503298,62.0,4.0,11.0,True,0.07987332344055176,6.0,2.0,4.0,4.0,0.0,6.0,-0.09371458292007451,True,0.0,gold_stl_cost,1101
28,10028,1000.0,19.579858892222546,123.0,4.0,8.0,True,0.005073130130767822,6.0,2.0,3.0,4.0,0.0,6.0,-0.11234270334243779,True,0.0,gold_stl_cost,1101
29,10029,1000.0,22.490481222008384,26.0,1.0,12.0,True,0.020087242126464844,7.0,6.0,0.0,0.0,1.0,6.0,0.2467249751091003,True,0.0,gold_stl_cost,1101
30,10030,1000.0,23.557010102107597,51.0,1.0,11.0,True,0.013818204402923584,8.0,7.0,0.0,0.0,1.0,7.0,0.028469872474670366,True,0.0,gold_stl_cost,1101
31,10031,1000.0,24.382905687009043,97.0,3.0,11.0,True,0.040325939655303955,8.0,5.0,3.0,3.0,0.0,8.0,-0.07845209836959843,True,0.0,gold_stl_cost,1101
32,10032,1000.0,21.63215530161324,104.0,2.0,10.0,True,0.016544759273529053,10.0,8.0,2.0,2.0,0.0,9.0,-0.05478804111480717,True,0.0,gold_stl_cost,1101
33,10033,1000.0,20.673320930231057,20.0,1.0,10.0,True,0.05816370248794556,6.0,5.0,0.0,0.0,1.0,5.0,0.026183021068572954,True,0.0,gold_stl_cost,1101
34,10034,1000.0,21.56348519361927,19.0,1.0,11.0,True,0.014096975326538086,4.0,3.0,1.0,1.0,0.0,4.0,-0.05694239139556889,True,0.0,gold_stl_cost,1101
35,10035,1000.0,20.677709594427142,31.0,2.0,10.0,True,0.00715184211730957,5.0,3.0,2.0,2.0,0.0,5.0,-0.007241237163543746,True,0.0,gold_stl_cost,1101
36,10036,1000.0,21.660732304162593,87.0,1.0,11.0,True,0.010840237140655518,8.0,7.0,1.0,1.0,0.0,8.0,-0.10800002813339238,True,0.0,gold_stl_cost,1101
37,10037,1000.0,21.841042611507874,18.0,3.0,12.0,True,0.14842861890792847,4.0,1.0,2.0,3.0,0.0,4.0,-0.042396056652069136,True,0.0,gold_stl_cost,1101
38,10038,1000.0,23.10759279802005,0.0,2.0,11.0,True,0.21858608722686768,4.0,2.0,2.0,2.0,0.0,4.0,-0.10167680978775029,True,0.0,gold_stl_cost,1101
39,10039,1000.0,22.411784672236536,53.0,2.0,10.0,True,0.0554351806640625,7.0,5.0,1.0,1.0,1.0,6.0,-0.09450207948684697,True,0.0,gold_stl_cost,1101
40,10040,1000.0,23.47855633815925,83.0,2.0,11.0,True,0.025659263134002686,6.0,4.0,1.0,2.0,0.0,6.0,-0.10037969350814824,True,0.0,gold_stl_cost,1101
41,10041,1000.0,22.04712493196257,77.0,3.0,10.0,True,0.012545406818389893,7.0,4.0,3.0,3.0,0.0,7.0,-0.06730108261108403,True,0.0,gold_stl_cost,1101
42,10042,1000.0,19.481897528107766,0.0,0.0,10.0,True,0.29561877250671387,2.0,2.0,0.0,0.0,0.0,2.0,0.2591208934783935,True,0.0,gold_stl_cost,1101
43,10043,1000.0,23.766637219709082,26.0,1.0,12.0,True,0.12113910913467407,2.0,1.0,1.0,1.0,0.0,2.0,-0.10562072992324834,True,0.0,gold_stl_cost,1101
44,10044,1000.0,22.71540904682047,74.0,2.0,11.0,True,0.016027092933654785,6.0,4.0,2.0,2.0,0.0,5.0,-0.10607491731643681,True,0.0,gold_stl_cost,1101
45,10045,1000.0,22.508183399640984,37.0,1.0,11.0,True,0.01593679189682007,8.0,7.0,1.0,1.0,0.0,8.0,-0.10085265636444096,True,0.0,gold_stl_cost,1101
46,10046,1000.0,21.503251782530242,70.0,3.0,9.0,True,0.018526017665863037,6.0,3.0,3.0,3.0,0.0,6.0,-0.10772304534912114,True,0.0,gold_stl_cost,1101
47,10047,1000.0,22.860834701901695,48.0,2.0,9.0,True,0.06379687786102295,7.0,5.0,1.0,2.0,0.0,7.0,-0.11270837783813481,True,0.0,gold_stl_cost,1101
48,10048,1000.0,19.541199036717444,101.0,3.0,9.0,True,0.008091509342193604,4.0,1.0,3.0,3.0,0.0,4.0,-0.09124587774276738,True,0.0,gold_stl_cost,1101
49,10049,1000.0,17.10818480393891,59.0,2.0,8.0,True,0.04198873043060303,5.0,3.0,2.0,2.0,0.0,5.0,-0.10691891908645634,True,0.0,gold_stl_cost,1101
50,10050,1000.0,19.05788371989115,157.0,3.0,8.0,True,0.03779733180999756,8.0,5.0,2.0,2.0,1.0,7.0,-0.10302256345748906,True,0.0,gold_stl_cost,1101
51,10051,1000.0,21.598848943085613,8.0,1.0,11.0,True,0.17412292957305908,5.0,4.0,0.0,0.0,1.0,4.0,0.20762552022933956,True,0.0,gold_stl_cost,1101
52,10052,1000.0,26.967382951061154,26.0,1.0,15.0,True,0.03137040138244629,9.0,8.0,1.0,1.0,0.0,8.0,-0.02662681341171269,True,0.0,gold_stl_cost,1101
53,10053,1000.0,21.28617031835165,73.0,2.0,11.0,True,0.02970045804977417,8.0,6.0,2.0,2.0,0.0,8.0,-0.10871027708053593,True,0.0,gold_stl_cost,1101
54,10054,1000.0,25.57220799951392,70.0,1.0,12.0,True,0.01669067144393921,6.0,5.0,1.0,1.0,0.0,6.0,-0.10789738893508916,True,0.0,gold_stl_cost,1101
55,10055,1000.0,22.045600411445548,92.0,4.0,11.0,True,0.014569401741027832,7.0,3.0,3.0,3.0,1.0,6.0,-0.08506606817245488,True,0.0,gold_stl_cost,1101
56,10056,1000.0,23.666283871691803,206.0,2.0,10.0,True,0.014272034168243408,9.0,7.0,1.0,1.0,1.0,8.0,-0.10148190259933476,True,0.0,gold_stl_cost,1101
57,10057,1000.0,20.30247139304629,92.0,3.0,11.0,True,0.013688921928405762,6.0,3.0,2.0,2.0,1.0,5.0,-0.1077521920204163,True,0.0,gold_stl_cost,1101
58,10058,1000.0,20.19854538758773,23.0,1.0,10.0,True,0.13185936212539673,4.0,3.0,1.0,1.0,0.0,4.0,-0.06770752668380742,True,0.0,gold_stl_cost,1101
59,10059,1000.0,22.173196825094237,149.0,4.0,10.0,True,0.01819789409637451,8.0,4.0,3.0,3.0,1.0,7.0,-0.08542369604110722,True,0.0,gold_stl_cost,1101
60,10060,1000.0,24.743830806008646,107.0,2.0,10.0,True,0.007040619850158691,9.0,7.0,2.0,2.0,0.0,8.0,-0.10891877412796025,True,0.0,gold_stl_cost,1101
61,10061,1000.0,24.170227512382553,139.0,3.0,10.0,True,0.019588887691497803,9.0,6.0,2.0,2.0,1.0,8.0,-0.11612211465835576,True,0.0,gold_stl_cost,1101
62,10062,1000.0,24.566994828470342,14.0,1.0,13.0,True,0.12067562341690063,8.0,7.0,0.0,0.0,1.0,7.0,0.05817587375640865,True,0.0,gold_stl_cost,1101
63,10063,1000.0,23.339778131834464,66.0,1.0,12.0,True,0.004673123359680176,6.0,5.0,1.0,1.0,0.0,6.0,-0.1000378012657166,True,0.0,gold_stl_cost,1101
64,10064,1000.0,24.666582002536416,15.0,1.0,12.0,True,0.08542871475219727,6.0,5.0,0.0,0.0,1.0,5.0,0.26052851676940914,True,0.0,gold_stl_cost,1101
65,10065,1000.0,20.507706890063673,168.0,2.0,10.0,True,0.014422059059143066,7.0,5.0,2.0,2.0,0.0,7.0,-0.10234736204147343,True,0.0,gold_stl_cost,1101
66,10066,1000.0,21.697094276736607,92.0,4.0,10.0,True,0.01686161756515503,7.0,3.0,3.0,3.0,1.0,6.0,-0.11649994850158696,True,0.0,gold_stl_cost,1101
67,10067,1000.0,23.27535284193118,62.0,2.0,9.0,True,0.056604981422424316,7.0,5.0,1.0,1.0,1.0,6.0,-0.009691882133483931,True,0.0,gold_stl_cost,1101
68,10068,1000.0,21.400922798249667,152.0,4.0,11.0,True,0.017327070236206055,6.0,2.0,3.0,4.0,0.0,6.0,-0.11378734111785893,True,0.0,gold_stl_cost,1101
69,10069,1000.0,22.283841494780063,72.0,1.0,10.0,True,0.021510064601898193,8.0,7.0,1.0,1.0,0.0,7.0,-0.03949801921844487,True,0.0,gold_stl_cost,1101
70,10070,1000.0,24.473611452558544,104.0,4.0,12.0,True,0.038306593894958496,9.0,5.0,4.0,4.0,0.0,9.0,-0.11700420379638676,True,0.0,gold_stl_cost,1101
71,10071,1000.0,19.90177569163643,59.0,1.0,9.0,True,0.0835084319114685,6.0,5.0,1.0,1.0,0.0,5.0,-0.013774561882019087,True,0.0,gold_stl_cost,1101
72,10072,1000.0,21.845457299819827,101.0,1.0,11.0,True,0.025231540203094482,6.0,5.0,1.0,1.0,0.0,6.0,-0.11086695194244389,True,0.0,gold_stl_cost,1101
73,10073,1000.0,16.950957329743233,127.0,3.0,9.0,True,0.018702328205108643,4.0,1.0,2.0,2.0,1.0,3.0,-0.10965459346771245,True,0.0,gold_stl_cost,1101
74,10074,1000.0,24.228882650841115,110.0,3.0,10.0,True,0.050942301750183105,7.0,4.0,2.0,3.0,0.0,7.0,-0.11914317607879643,True,0.0,gold_stl_cost,1101
75,10075,1000.0,22.293267698188856,63.0,3.0,10.0,True,0.047521770000457764,8.0,5.0,2.0,2.0,1.0,7.0,-0.10850088596343999,True,0.0,gold_stl_cost,1101
76,10076,1000.0,21.744464042618347,108.0,2.0,8.0,True,0.013513684272766113,10.0,8.0,1.0,1.0,1.0,9.0,-0.08742837905883794,True,0.0,gold_stl_cost,1101
77,10077,1000.0,26.049355564242433,118.0,2.0,12.0,True,0.008751869201660156,10.0,8.0,1.0,2.0,0.0,10.0,-0.10201977491378789,True,0.0,gold_stl_cost,1101
78,10078,1000.0,24.29385806312075,66.0,2.0,12.0,True,0.08363699913024902,6.0,4.0,1.0,1.0,1.0,5.0,-0.10673724412918095,True,0.0,gold_stl_cost,1101
79,10079,1000.0,24.735711669098237,62.0,0.0,11.0,True,0.07658976316452026,8.0,8.0,0.0,0.0,0.0,8.0,0.03558988571166988,True,0.0,gold_stl_cost,1101
80,10080,1000.0,21.95246049353773,226.0,2.0,11.0,True,0.020595252513885498,6.0,4.0,2.0,2.0,0.0,5.0,-0.10547481775283818,True,0.0,gold_stl_cost,1101
81,10081,1000.0,23.334659766744153,112.0,4.0,12.0,True,0.014591217041015625,5.0,1.0,4.0,4.0,0.0,5.0,-0.10157434940338139,True,0.0,gold_stl_cost,1101
82,10082,1000.0,19.821735248118785,14.0,0.0,10.0,True,0.03135037422180176,3.0,3.0,0.0,0.0,0.0,3.0,0.16265667676925655,True,0.0,gold_stl_cost,1101
83,10083,1000.0,20.231156853709763,47.0,2.0,9.0,True,0.05528014898300171,8.0,6.0,1.0,1.0,1.0,7.0,-0.07766442298889165,True,0.0,gold_stl_cost,1101
84,10084,1000.0,18.607607838457625,57.0,2.0,8.0,True,0.01978611946105957,6.0,4.0,2.0,2.0,0.0,5.0,-0.02562205791473393,True,0.0,gold_stl_cost,1101
85,10085,1000.0,17.273228256762195,36.0,3.0,8.0,True,0.023051798343658447,5.0,2.0,2.0,3.0,0.0,5.0,-0.10569136142730717,True,0.0,gold_stl_cost,1101
86,10086,1000.0,22.884165423306968,39.0,4.0,10.0,True,0.10928463935852051,5.0,1.0,3.0,3.0,1.0,4.0,-0.07749294042587285,True,0.0,gold_stl_cost,1101
87,10087,1000.0,19.74193866956557,28.0,1.0,11.0,True,0.0673937201499939,3.0,2.0,1.0,1.0,0.0,3.0,-0.10223417282104497,True,0.0,gold_stl_cost,1101
88,10088,1000.0,19.151190639251126,44.0,2.0,9.0,True,0.018440544605255127,9.0,7.0,1.0,1.0,1.0,8.0,-0.11108421087265019,True,0.0,gold_stl_cost,1101
89,10089,1000.0,21.01837416908529,53.0,3.0,9.0,True,0.1106906533241272,8.0,5.0,2.0,2.0,1.0,7.0,-0.11226027011871342,True,0.0,gold_stl_cost,1101
90,10090,1000.0,20.988600248625517,30.0,4.0,9.0,True,0.026697635650634766,9.0,5.0,4.0,4.0,0.0,9.0,-0.07860069274902348,True,0.0,gold_stl_cost,1101
91,10091,1000.0,22.060469835838376,0.0,1.0,11.0,True,0.28655487298965454,6.0,5.0,1.0,1.0,0.0,5.0,-0.10337661504745488,True,0.0,gold_stl_cost,1101
92,10092,1000.0,24.783710416098984,20.0,1.0,12.0,True,0.06766176223754883,7.0,6.0,1.0,1.0,0.0,7.0,-0.07676391601562504,True,0.0,gold_stl_cost,1101
93,10093,1000.0,19.62856182559517,58.0,1.0,9.0,True,0.02140277624130249,9.0,8.0,0.0,1.0,0.0,9.0,-0.10665713548660283,True,0.0,gold_stl_cost,1101
94,10094,1000.0,20.49757026327279,4.0,1.0,10.0,True,0.1913985013961792,7.0,6.0,0.0,0.0,1.0,6.0,0.11328096389770503,True,0.0,gold_stl_cost,1101
95,10095,1000.0,20.30948128250475,132.0,1.0,8.0,True,0.016872167587280273,7.0,6.0,1.0,1.0,0.0,6.0,-0.1233338594436646,True,0.0,gold_stl_cost,1101
96,10096,1000.0,19.883749949964113,87.0,2.0,9.0,True,0.009153306484222412,8.0,6.0,2.0,2.0,0.0,8.0,-0.04892187118530278,True,0.0,gold_stl_cost,1101
97,10097,1000.0,21.658840831185444,50.0,0.0,10.0,True,0.03940325975418091,5.0,5.0,0.0,0.0,0.0,5.0,0.15207142829895015,True,0.0,gold_stl_cost,1101
98,10098,1000.0,22.01614213452467,94.0,2.0,11.0,True,0.019002199172973633,8.0,6.0,1.0,1.0,1.0,7.0,-0.10231052637100224,True,0.0,gold_stl_cost,1101
99,10099,1000.0,16.672298536759627,99.0,3.0,8.0,True,0.06525546312332153,6.0,3.0,3.0,3.0,0.0,6.0,-0.10931323766708378,True,0.0,gold_stl_cost,1101
0,10000,1000.0,20.484354719284966,40.0,3.0,9.0,True,0.08550471067428589,7.0,4.0,2.0,2.0,1.0,6.0,-0.019721734523773238,True,0.0,gold_stl_cost,2202
1,10001,1000.0,20.274629411362184,58.0,2.0,10.0,True,0.017338693141937256,9.0,7.0,2.0,2.0,0.0,9.0,-0.07200675010681157,True,0.0,gold_stl_cost,2202
2,10002,1000.0,22.033198737706698,11.0,2.0,11.0,True,0.14870721101760864,2.0,0.0,2.0,2.0,0.0,2.0,-0.09755872488021855,True,0.0,gold_stl_cost,2202
3,10003,1000.0,17.89682875886774,212.0,2.0,8.0,True,0.02394247055053711,7.0,5.0,2.0,2.0,0.0,6.0,-0.12012039422988896,True,0.0,gold_stl_cost,2202
4,10004,1000.0,21.062340530052097,28.0,2.0,10.0,True,0.06815814971923828,5.0,3.0,2.0,2.0,0.0,5.0,-0.06880025863647465,True,0.0,gold_stl_cost,2202
5,10005,1000.0,22.19729003764951,84.0,1.0,10.0,True,0.030960917472839355,6.0,5.0,1.0,1.0,0.0,6.0,-0.030823040008544966,True,0.0,gold_stl_cost,2202
6,10006,1000.0,22.290205876361142,34.0,0.0,11.0,True,0.05059272050857544,5.0,5.0,0.0,0.0,0.0,5.0,0.24945206642150874,True,0.0,gold_stl_cost,2202
7,10007,1000.0,21.464875261975976,47.0,1.0,10.0,True,0.053876280784606934,10.0,9.0,1.0,1.0,0.0,9.0,-0.01672928333282475,True,0.0,gold_stl_cost,2202
8,10008,1000.0,20.768486276203475,134.0,3.0,8.0,True,0.005479037761688232,11.0,8.0,2.0,2.0,1.0,10.0,-0.09349714517593388,True,0.0,gold_stl_cost,2202
9,10009,1000.0,22.3235442379937,23.0,0.0,10.0,True,0.008999526500701904,6.0,6.0,0.0,0.0,0.0,6.0,0.08031893968582149,True,0.0,gold_stl_cost,2202
10,10010,1000.0,19.81943620835409,77.0,2.0,8.0,True,0.05193203687667847,6.0,4.0,2.0,2.0,0.0,5.0,-0.10512183904647832,True,0.0,gold_stl_cost,2202
11,10011,1000.0,22.99440842846616,52.0,2.0,12.0,True,0.01251143217086792,8.0,6.0,2.0,2.0,0.0,8.0,-0.0538228034973145,True,0.0,gold_stl_cost,2202
12,10012,1000.0,20.784498628683195,31.0,0.0,11.0,True,0.030263185501098633,6.0,6.0,0.0,0.0,0.0,6.0,0.1081988930702209,True,0.0,gold_stl_cost,2202
13,10013,1000.0,19.360319877043366,90.0,3.0,9.0,True,0.0229606032371521,7.0,4.0,2.0,2.0,1.0,6.0,-0.10887550115585332,True,0.0,gold_stl_cost,2202
14,10014,1000.0,21.807722353754798,111.0,1.0,8.0,True,0.014427244663238525,8.0,7.0,0.0,0.0,1.0,7.0,0.08646388053894039,True,0.0,gold_stl_cost,2202
15,10015,1000.0,2.358632219556185,4.0,0.0,1.0,True,0.19636201858520508,1.0,1.0,0.0,0.0,0.0,1.0,0.29506660699844356,True,0.0,gold_stl_cost,2202
16,10016,1000.0,22.34970809971128,55.0,2.0,11.0,True,0.08849447965621948,8.0,6.0,2.0,2.0,0.0,7.0,-0.06304084062576298,True,0.0,gold_stl_cost,2202
17,10017,1000.0,21.723080156432843,118.0,1.0,10.0,True,0.012996375560760498,9.0,8.0,1.0,1.0,0.0,8.0,-0.06966500282287602,True,0.0,gold_stl_cost,2202
18,10018,1000.0,24.993121689927648,93.0,2.0,11.0,True,0.046924710273742676,5.0,3.0,2.0,2.0,0.0,5.0,-0.11909507513046269,True,0.0,gold_stl_cost,2202
19,10019,1000.0,18.66073980057763,61.0,0.0,10.0,True,0.03468596935272217,7.0,7.0,0.0,0.0,0.0,6.0,0.062215101718902543,True,0.0,gold_stl_cost,2202
20,10020,1000.0,22.212754413303628,69.0,3.0,11.0,True,0.016997694969177246,7.0,4.0,2.0,2.0,1.0,6.0,-0.11844007968902592,True,0.0,gold_stl_cost,2202
21,10021,1000.0,20.261815550023584,58.0,3.0,7.0,True,0.02567911148071289,7.0,4.0,3.0,3.0,0.0,7.0,-0.08629148006439213,True,0.0,gold_stl_cost,2202
22,10022,1000.0,19.3162938639598,126.0,3.0,9.0,True,0.055454134941101074,6.0,3.0,2.0,2.0,1.0,5.0,-0.11391823291778569,True,0.0,gold_stl_cost,2202
23,10023,1000.0,23.640573910251078,25.0,1.0,12.0,True,0.0317421555519104,6.0,5.0,1.0,1.0,0.0,5.0,-0.08756356239318852,True,0.0,gold_stl_cost,2202
24,10024,1000.0,19.900661465253506,58.0,2.0,10.0,True,0.024939537048339844,2.0,0.0,2.0,2.0,0.0,2.0,-0.07074289321899419,True,0.0,gold_stl_cost,2202
25,10025,1000.0,22.842404897028246,53.0,0.0,11.0,True,0.011517941951751709,7.0,7.0,0.0,0.0,0.0,6.0,0.1526128768920898,True,0.0,gold_stl_cost,2202
26,10026,1000.0,21.878531395712344,67.0,7.0,10.0,True,0.03056788444519043,7.0,0.0,6.0,6.0,1.0,6.0,-0.10165964365005498,True,0.0,gold_stl_cost,2202
27,10027,1000.0,20.345907545759474,9.0,1.0,8.0,True,0.19078391790390015,8.0,7.0,1.0,1.0,0.0,8.0,-0.03315083980560307,True,0.0,gold_stl_cost,2202
28,10028,1000.0,20.26045580914797,88.0,2.0,8.0,True,0.008239924907684326,8.0,6.0,1.0,1.0,1.0,7.0,-0.10513042211532597,True,0.0,gold_stl_cost,2202
29,10029,1000.0,22.68411689088134,68.0,1.0,11.0,True,0.024327099323272705,6.0,5.0,0.0,0.0,1.0,5.0,0.13925458192825313,True,0.0,gold_stl_cost,2202
30,10030,1000.0,21.919338562844587,11.0,0.0,9.0,True,0.1593925952911377,5.0,5.0,0.0,0.0,0.0,5.0,0.149120819568634,True,0.0,gold_stl_cost,2202
31,10031,1000.0,14.851238475859816,118.0,1.0,7.0,True,0.006794929504394531,7.0,6.0,1.0,1.0,0.0,7.0,-0.10725330114364628,True,0.0,gold_stl_cost,2202
32,10032,1000.0,19.80370786668209,36.0,0.0,9.0,True,0.11078113317489624,8.0,8.0,0.0,0.0,0.0,7.0,0.06001980304718013,True,0.0,gold_stl_cost,2202
33,10033,1000.0,20.688133883319097,35.0,1.0,10.0,True,0.047089576721191406,6.0,5.0,1.0,1.0,0.0,6.0,-0.06572841405868535,True,0.0,gold_stl_cost,2202
34,10034,1000.0,18.512011198711846,0.0,0.0,11.0,True,0.25783324241638184,4.0,4.0,0.0,0.0,0.0,4.0,0.03287870883941646,True,0.0,gold_stl_cost,2202
35,10035,1000.0,21.584259502373243,38.0,2.0,12.0,True,0.1326817274093628,5.0,3.0,2.0,2.0,0.0,5.0,-0.054758000373840376,True,0.0,gold_stl_cost,2202
36,10036,1000.0,20.759361999281282,65.0,4.0,10.0,True,0.03741234540939331,8.0,4.0,3.0,3.0,1.0,7.0,-0.10024290084838872,True,0.0,gold_stl_cost,2202
37,10037,1000.0,19.57695283493581,85.0,2.0,10.0,True,0.04670155048370361,3.0,1.0,2.0,2.0,0.0,3.0,-0.10668377876281743,True,0.0,gold_stl_cost,2202
38,10038,1000.0,14.408555909075403,7.0,1.0,7.0,True,0.18463844060897827,5.0,4.0,1.0,1.0,0.0,5.0,-0.020822513103485152,True,0.0,gold_stl_cost,2202
39,10039,1000.0,22.086564692202955,73.0,1.0,11.0,True,0.037728846073150635,5.0,4.0,1.0,1.0,0.0,5.0,-0.10030745267868046,True,0.0,gold_stl_cost,2202
40,10040,1000.0,22.206458453420964,0.0,2.0,12.0,True,0.2537273168563843,3.0,1.0,2.0,2.0,0.0,3.0,-0.06591026782989506,True,0.0,gold_stl_cost,2202
41,10041,1000.0,22.038203134059586,51.0,1.0,10.0,True,0.09247326850891113,11.0,10.0,0.0,0.0,1.0,10.0,0.0015564084053039107,True,0.0,gold_stl_cost,2202
42,10042,1000.0,20.369516488850422,36.0,1.0,10.0,True,0.032069385051727295,3.0,2.0,1.0,1.0,0.0,2.0,-0.10203193426132207,True,0.0,gold_stl_cost,2202
43,10043,1000.0,21.142095420762416,27.0,2.0,11.0,True,0.06492841243743896,6.0,4.0,1.0,1.0,1.0,5.0,-0.09022127389907841,True,0.0,gold_stl_cost,2202
44,10044,1000.0,21.15408467096745,33.0,1.0,10.0,True,0.10218358039855957,9.0,8.0,0.0,0.0,1.0,8.0,0.03540016412734981,True,0.0,gold_stl_cost,2202
45,10045,1000.0,22.44041184595335,25.0,1.0,11.0,True,0.03233367204666138,7.0,6.0,1.0,1.0,0.0,6.0,-0.042851495742797896,True,0.0,gold_stl_cost,2202
46,10046,1000.0,16.737257801177293,25.0,1.0,8.0,True,0.10464692115783691,6.0,5.0,1.0,1.0,0.0,6.0,-0.07138787508010869,True,0.0,gold_stl_cost,2202
47,10047,1000.0,22.09529765728439,110.0,0.0,10.0,True,0.010209381580352783,8.0,8.0,0.0,0.0,0.0,8.0,0.023886692523956254,True,0.0,gold_stl_cost,2202
48,10048,1000.0,21.132724374707323,38.0,2.0,11.0,True,0.08291655778884888,7.0,5.0,2.0,2.0,0.0,6.0,-0.0526900172233582,True,0.0,gold_stl_cost,2202
49,10049,1000.0,20.28322752577435,61.0,3.0,9.0,True,0.00967705249786377,8.0,5.0,2.0,3.0,0.0,8.0,-0.10035394430160527,True,0.0,gold_stl_cost,2202
50,10050,1000.0,20.602230287198836,87.0,0.0,9.0,True,0.02667635679244995,8.0,8.0,0.0,0.0,0.0,8.0,0.06833697557449336,True,0.0,gold_stl_cost,2202
51,10051,1000.0,20.428517099962846,33.0,0.0,11.0,True,0.05718719959259033,3.0,3.0,0.0,0.0,0.0,3.0,0.08892060518264766,True,0.0,gold_stl_cost,2202
52,10052,1000.0,21.241606046487504,88.0,3.0,10.0,True,0.08408385515213013,7.0,4.0,2.0,3.0,0.0,7.0,-0.11617969274520878,True,0.0,gold_stl_cost,2202
53,10053,1000.0,-7.030609491128416,21.0,1.0,2.0,True,0.061538636684417725,1.0,0.0,1.0,1.0,0.0,1.0,-0.10425530672073369,True,0.0,gold_stl_cost,2202
54,10054,1000.0,21.370815669009062,50.0,2.0,9.0,True,0.01771831512451172,9.0,7.0,1.0,1.0,1.0,8.0,-0.020954120159149214,True,0.0,gold_stl_cost,2202
55,10055,1000.0,22.350303633735166,29.0,0.0,10.0,True,0.021722853183746338,8.0,8.0,0.0,0.0,0.0,7.0,0.036524724960327104,True,0.0,gold_stl_cost,2202
56,10056,1000.0,22.909616455068317,57.0,0.0,9.0,True,0.010537505149841309,7.0,7.0,0.0,0.0,0.0,7.0,0.08663929700851436,True,0.0,gold_stl_cost,2202
57,10057,1000.0,20.386905222612086,76.0,0.0,10.0,True,0.07854956388473511,8.0,8.0,0.0,0.0,0.0,7.0,0.1468799233436584,True,0.0,gold_stl_cost,2202
58,10058,1000.0,19.847322697456548,77.0,3.0,9.0,True,0.06025654077529907,3.0,0.0,3.0,3.0,0.0,3.0,-0.05275349617004399,True,0.0,gold_stl_cost,2202
59,10059,1000.0,19.822867609660534,40.0,2.0,8.0,True,0.07172924280166626,9.0,7.0,1.0,1.0,1.0,8.0,-0.09093492031097417,True,0.0,gold_stl_cost,2202
60,10060,1000.0,23.051390757479453,82.0,2.0,11.0,True,0.014866411685943604,9.0,7.0,1.0,1.0,1.0,8.0,-0.016814577579498335,True,0.0,gold_stl_cost,2202
61,10061,1000.0,21.362678046220026,55.0,2.0,10.0,True,0.08242374658584595,7.0,5.0,1.0,1.0,1.0,6.0,-0.07252370119094853,True,0.0,gold_stl_cost,2202
62,10062,1000.0,25.84776865004278,21.0,1.0,14.0,True,0.09742408990859985,9.0,8.0,0.0,0.0,1.0,8.0,0.07843227386474605,True,0.0,gold_stl_cost,2202
63,10063,1000.0,-4.107113822698011,0.0,0.0,3.0,True,0.3231997489929199,2.0,2.0,0.0,0.0,0.0,2.0,0.2583083629608154,True,0.0,gold_stl_cost,2202
64,10064,1000.0,20.547861400174952,29.0,1.0,9.0,True,0.019787371158599854,5.0,4.0,1.0,1.0,0.0,4.0,-0.09815936088562016,True,0.0,gold_stl_cost,2202
65,10065,1000.0,20.31924444250035,71.0,2.0,8.0,True,0.0597231388092041,5.0,3.0,1.0,2.0,0.0,5.0,-0.10333727598190312,True,0.0,gold_stl_cost,2202
66,10066,1000.0,21.64576009422217,158.0,3.0,9.0,True,0.005671262741088867,7.0,4.0,2.0,2.0,1.0,6.0,-0.1123782873153687,True,0.0,gold_stl_cost,2202
67,10067,1000.0,20.36879175122158,67.0,2.0,8.0,True,0.012337982654571533,4.0,2.0,2.0,2.0,0.0,4.0,-0.10837714672088627,True,0.0,gold_stl_cost,2202
68,10068,1000.0,18.492302449776616,67.0,2.0,9.0,True,0.030460238456726074,9.0,7.0,1.0,1.0,1.0,8.0,-0.10202835798263554,True,0.0,gold_stl_cost,2202
69,10069,1000.0,-3.967007463768823,19.0,0.0,3.0,True,0.06784844398498535,2.0,2.0,0.0,0.0,0.0,2.0,0.07494039535522456,True,0.0,gold_stl_cost,2202
70,10070,1000.0,19.990252325146173,149.0,4.0,9.0,True,0.03585326671600342,10.0,6.0,3.0,3.0,1.0,9.0,-0.10256819725036626,True,0.0,gold_stl_cost,2202
71,10071,1000.0,18.450392728058432,33.0,2.0,8.0,True,0.08883637189865112,8.0,6.0,2.0,2.0,0.0,8.0,-0.10320620536804204,True,0.0,gold_stl_cost,2202
72,10072,1000.0,18.920646389020476,36.0,2.0,9.0,True,0.15565305948257446,9.0,7.0,1.0,1.0,1.0,7.0,-0.11103843450546269,True,0.0,gold_stl_cost,2202
73,10073,1000.0,21.80698103677321,31.0,1.0,10.0,True,0.0379643440246582,4.0,3.0,1.0,1.0,0.0,3.0,-0.07372640371322636,True,0.0,gold_stl_cost,2202
74,10074,1000.0,21.557363083406017,92.0,2.0,9.0,True,0.0038153529167175293,6.0,4.0,2.0,2.0,0.0,5.0,-0.08441143035888676,True,0.0,gold_stl_cost,2202
75,10075,1000.0,23.462644524484773,114.0,5.0,10.0,True,0.02131640911102295,9.0,4.0,4.0,4.0,1.0,8.0,-0.11024646759033208,True,0.0,gold_stl_cost,2202
76,10076,1000.0,21.18289336822454,85.0,0.0,10.0,True,0.019336044788360596,8.0,8.0,0.0,0.0,0.0,8.0,0.013953936100006059,True,0.0,gold_stl_cost,2202
77,10077,1000.0,21.16448890266929,115.0,1.0,10.0,True,0.03349792957305908,11.0,10.0,0.0,1.0,0.0,11.0,-0.10230265855789189,True,0.0,gold_stl_cost,2202
78,10078,1000.0,22.60281632012004,11.0,3.0,12.0,True,0.15493512153625488,5.0,2.0,3.0,3.0,0.0,4.0,-0.10603718757629399,True,0.0,gold_stl_cost,2202
79,10079,1000.0,19.98612845385105,21.0,0.0,10.0,True,0.030489563941955566,6.0,6.0,0.0,0.0,0.0,5.0,0.039614629745483354,True,0.0,gold_stl_cost,2202
80,10080,1000.0,19.850270994585117,105.0,1.0,9.0,True,0.010444879531860352,8.0,7.0,0.0,1.0,0.0,8.0,-0.03221814632415776,True,0.0,gold_stl_cost,2202
81,10081,1000.0,27.241591354236334,99.0,2.0,12.0,True,0.03633749485015869,5.0,3.0,2.0,2.0,0.0,5.0,-0.024582076072692916,True,0.0,gold_stl_cost,2202
82,10082,1000.0,24.393467179812433,57.0,2.0,12.0,True,0.041484832763671875,8.0,6.0,2.0,2.0,0.0,7.0,-0.029201376438140914,True,0.0,gold_stl_cost,2202
83,10083,1000.0,16.197835368702727,102.0,1.0,7.0,True,0.01507723331451416,7.0,6.0,1.0,1.0,0.0,7.0,-0.10057817697525029,True,0.0,gold_stl_cost,2202
84,10084,1000.0,21.667867877446042,49.0,1.0,10.0,True,0.01954704523086548,10.0,9.0,1.0,1.0,0.0,9.0,-0.016117203235626265,True,0.0,gold_stl_cost,2202
85,10085,1000.0,22.266949515069427,167.0,4.0,11.0,True,0.018119752407073975,6.0,2.0,3.0,3.0,1.0,5.0,-0.11665426492691044,True,0.0,gold_stl_cost,2202
86,10086,1000.0,20.02799115117159,37.0,1.0,10.0,True,0.05896174907684326,1.0,0.0,1.0,1.0,0.0,1.0,-0.10266457796096806,True,0.0,gold_stl_cost,2202
87,10087,1000.0,18.651750102173537,29.0,1.0,9.0,True,0.056849777698516846,7.0,6.0,0.0,0.0,1.0,6.0,0.018181991577148393,True,0.0,gold_stl_cost,2202
88,10088,1000.0,14.624191953509467,73.0,0.0,7.0,True,0.026126325130462646,6.0,6.0,0.0,0.0,0.0,6.0,0.14253349304199214,True,0.0,gold_stl_cost,2202
89,10089,1000.0,17.22616587773939,45.0,2.0,9.0,True,0.07721292972564697,8.0,6.0,1.0,1.0,1.0,7.0,-0.00366674661636357,True,0.0,gold_stl_cost,2202
90,10090,1000.0,19.67389991883465,89.0,3.0,9.0,True,0.015995264053344727,8.0,5.0,2.0,2.0,1.0,7.0,-0.10194038152694707,True,0.0,gold_stl_cost,2202
91,10091,1000.0,21.126688424183158,0.0,0.0,11.0,True,0.38194066286087036,4.0,4.0,0.0,0.0,0.0,3.0,0.1081148505210876,True,0.0,gold_stl_cost,2202
92,10092,1000.0,23.02790923105931,89.0,3.0,10.0,True,0.009361624717712402,7.0,4.0,2.0,2.0,1.0,6.0,-0.10503886938095097,True,0.0,gold_stl_cost,2202
93,10093,1000.0,21.742294609026715,58.0,2.0,10.0,True,0.06249117851257324,7.0,5.0,2.0,2.0,0.0,7.0,-0.10583602190017705,True,0.0,gold_stl_cost,2202
94,10094,1000.0,20.850518848968818,28.0,1.0,10.0,True,0.08684098720550537,7.0,6.0,0.0,0.0,1.0,6.0,0.1991127252578735,True,0.0,gold_stl_cost,2202
95,10095,1000.0,20.306683493645323,8.0,3.0,9.0,True,0.17060494422912598,6.0,3.0,3.0,3.0,0.0,5.0,-0.11490617990493779,True,0.0,gold_stl_cost,2202
96,10096,1000.0,26.170663791530387,66.0,1.0,14.0,True,0.04655563831329346,8.0,7.0,0.0,0.0,1.0,7.0,0.13446344137191768,True,0.0,gold_stl_cost,2202
97,10097,1000.0,19.841536334367902,25.0,1.0,10.0,True,0.037301480770111084,5.0,4.0,0.0,0.0,1.0,4.0,0.1681208729743957,True,0.0,gold_stl_cost,2202
98,10098,1000.0,20.107143454954894,71.0,2.0,10.0,True,0.0017400383949279785,11.0,9.0,1.0,2.0,0.0,11.0,-0.10493962764739995,True,0.0,gold_stl_cost,2202
99,10099,1000.0,22.972422506994917,119.0,2.0,10.0,True,0.03848576545715332,10.0,8.0,1.0,1.0,1.0,8.0,-0.11511145830154423,True,0.0,gold_stl_cost,2202
0,10000,1000.0,24.54728693148536,25.0,1.0,12.0,True,0.09129989147186279,7.0,6.0,1.0,1.0,0.0,6.0,-0.011457669734954878,True,0.0,gold_stl_cost,3303
1,10001,1000.0,24.687314880931808,62.0,1.0,12.0,True,0.03711515665054321,8.0,7.0,1.0,1.0,0.0,8.0,-0.04113416671752934,True,0.0,gold_stl_cost,3303
2,10002,1000.0,24.94848364542122,83.0,2.0,12.0,True,0.008900463581085205,2.0,0.0,2.0,2.0,0.0,2.0,-0.11057298183441167,True,0.0,gold_stl_cost,3303
3,10003,1000.0,25.087961960548455,55.0,2.0,11.0,True,0.017524302005767822,7.0,5.0,2.0,2.0,0.0,7.0,-0.051456558704376265,True,0.0,gold_stl_cost,3303
4,10004,1000.0,24.416120769281406,72.0,2.0,11.0,True,0.005271255970001221,5.0,3.0,1.0,1.0,1.0,4.0,-0.05200784206390385,True,0.0,gold_stl_cost,3303
5,10005,1000.0,23.605291552134986,78.0,2.0,12.0,True,0.006844282150268555,6.0,4.0,2.0,2.0,0.0,5.0,-0.11488347053527836,True,0.0,gold_stl_cost,3303
6,10006,1000.0,25.87976719643825,24.0,0.0,14.0,True,0.03785616159439087,6.0,6.0,0.0,0.0,0.0,5.0,0.17578966617584224,True,0.0,gold_stl_cost,3303
7,10007,1000.0,23.36000372613489,43.0,3.0,10.0,True,0.09663122892379761,7.0,4.0,3.0,3.0,0.0,7.0,-0.10452746152877812,True,0.0,gold_stl_cost,3303
8,10008,1000.0,28.658562799944775,87.0,3.0,13.0,True,0.014467835426330566,9.0,6.0,2.0,2.0,1.0,8.0,-0.06283288002014165,True,0.0,gold_stl_cost,3303
9,10009,1000.0,27.1956850234601,14.0,1.0,13.0,True,0.04459959268569946,5.0,4.0,1.0,1.0,0.0,5.0,-0.034951317310333296,True,0.0,gold_stl_cost,3303
10,10010,1000.0,22.809602961485325,52.0,2.0,10.0,True,0.008401930332183838,5.0,3.0,1.0,2.0,0.0,5.0,-0.07589845657348637,True,0.0,gold_stl_cost,3303
11,10011,1000.0,24.105735309130978,48.0,3.0,12.0,True,0.011369526386260986,6.0,3.0,2.0,2.0,1.0,5.0,-0.04821662902832036,True,0.0,gold_stl_cost,3303
12,10012,1000.0,23.331885473773582,63.0,1.0,12.0,True,0.06804728507995605,4.0,3.0,1.0,1.0,0.0,4.0,-0.04402576684951787,True,0.0,gold_stl_cost,3303
13,10013,1000.0,23.485849993379816,90.0,2.0,11.0,True,0.0388566255569458,6.0,4.0,1.0,2.0,0.0,6.0,-0.027509796619415328,True,0.0,gold_stl_cost,3303
14,10014,1000.0,23.738443266486684,63.0,1.0,10.0,True,0.015191316604614258,6.0,5.0,0.0,0.0,1.0,5.0,0.1023080468177795,True,0.0,gold_stl_cost,3303
15,10015,1000.0,25.38715402222988,0.0,0.0,13.0,True,0.3804992437362671,2.0,2.0,0.0,0.0,0.0,1.0,0.387457799911499,True,0.0,gold_stl_cost,3303
16,10016,1000.0,24.35134118129554,31.0,1.0,12.0,True,0.017368018627166748,8.0,7.0,0.0,0.0,1.0,7.0,0.07102562189102168,True,0.0,gold_stl_cost,3303
17,10017,1000.0,24.93662982312344,61.0,1.0,11.0,True,0.07580316066741943,10.0,9.0,0.0,0.0,1.0,9.0,0.014747154712676958,True,0.0,gold_stl_cost,3303
18,10018,1000.0,24.16872907531797,40.0,1.0,10.0,True,0.11730033159255981,10.0,9.0,1.0,1.0,0.0,10.0,-0.014563310146331832,True,0.0,gold_stl_cost,3303
19,10019,1000.0,24.811900796972623,106.0,3.0,12.0,True,0.01595824956893921,9.0,6.0,3.0,3.0,0.0,9.0,-0.10673152208328252,True,0.0,gold_stl_cost,3303
20,10020,1000.0,26.7126162667264,17.0,1.0,14.0,True,0.1588214635848999,2.0,1.0,1.0,1.0,0.0,2.0,-0.11593936681747441,True,0.0,gold_stl_cost,3303
21,10021,1000.0,26.27899992255516,119.0,4.0,11.0,True,0.006892740726470947,8.0,4.0,3.0,4.0,0.0,8.0,-0.08483396768569951,True,0.0,gold_stl_cost,3303
22,10022,1000.0,23.837528950956766,71.0,2.0,10.0,True,0.07244217395782471,10.0,8.0,2.0,2.0,0.0,9.0,-0.08968536853790288,True,0.0,gold_stl_cost,3303
23,10023,1000.0,24.76107366827273,9.0,0.0,13.0,True,0.17021924257278442,3.0,3.0,0.0,0.0,0.0,3.0,0.12958772182464595,True,0.0,gold_stl_cost,3303
24,10024,1000.0,25.787886990447987,47.0,2.0,12.0,True,0.04950302839279175,5.0,3.0,2.0,2.0,0.0,5.0,-0.0941026091575623,True,0.0,gold_stl_cost,3303
25,10025,1000.0,24.00185760109889,39.0,1.0,10.0,True,0.021190881729125977,10.0,9.0,0.0,0.0,1.0,9.0,0.03072721958160396,True,0.0,gold_stl_cost,3303
26,10026,1000.0,25.386248538809014,84.0,4.0,12.0,True,0.008706808090209961,11.0,7.0,3.0,3.0,1.0,10.0,-0.10057460069656377,True,0.0,gold_stl_cost,3303
27,10027,1000.0,22.55437131076178,39.0,4.0,12.0,True,0.044461190700531006,5.0,1.0,4.0,4.0,0.0,5.0,-0.048421728610992476,True,0.0,gold_stl_cost,3303
28,10028,1000.0,23.756564865950168,97.0,2.0,9.0,True,0.01371610164642334,8.0,6.0,1.0,1.0,1.0,7.0,-0.0655047178268433,True,0.0,gold_stl_cost,3303
29,10029,1000.0,24.844398412773444,51.0,2.0,11.0,True,0.04065406322479248,7.0,5.0,2.0,2.0,0.0,6.0,-0.05375503301620488,True,0.0,gold_stl_cost,3303
30,10030,1000.0,27.39775897476875,91.0,1.0,13.0,True,0.003932654857635498,6.0,5.0,0.0,1.0,0.0,6.0,-0.030747044086456343,True,0.0,gold_stl_cost,3303
31,10031,1000.0,20.181629839605193,78.0,3.0,8.0,True,0.020096898078918457,9.0,6.0,3.0,3.0,0.0,8.0,-0.10490887165069585,True,0.0,gold_stl_cost,3303
32,10032,1000.0,25.329387224388483,59.0,3.0,12.0,True,0.028465747833251953,9.0,6.0,2.0,2.0,1.0,8.0,-0.11814324855804448,True,0.0,gold_stl_cost,3303
33,10033,1000.0,26.38559163183527,48.0,1.0,13.0,True,0.05263549089431763,8.0,7.0,1.0,1.0,0.0,8.0,-0.02964018583297734,True,0.0,gold_stl_cost,3303
34,10034,1000.0,24.993632193352823,35.0,0.0,13.0,True,0.043339669704437256,8.0,8.0,0.0,0.0,0.0,8.0,0.04915041923522945,True,0.0,gold_stl_cost,3303
35,10035,1000.0,27.158445962922997,66.0,4.0,13.0,True,0.057830750942230225,6.0,2.0,3.0,3.0,1.0,5.0,-0.10457949638366704,True,0.0,gold_stl_cost,3303
36,10036,1000.0,23.403110361985455,53.0,4.0,9.0,True,0.01514124870300293,11.0,7.0,3.0,3.0,1.0,10.0,-0.08835266828536992,True,0.0,gold_stl_cost,3303
37,10037,1000.0,25.47853347624914,31.0,0.0,14.0,True,0.07192844152450562,3.0,3.0,0.0,0.0,0.0,3.0,0.059554350376129106,True,0.0,gold_stl_cost,3303
38,10038,1000.0,25.54089744468365,54.0,2.0,13.0,True,0.03012639284133911,6.0,4.0,2.0,2.0,0.0,6.0,-0.09299199581146245,True,0.0,gold_stl_cost,3303
39,10039,1000.0,19.03221528111999,69.0,1.0,8.0,True,0.013343989849090576,3.0,2.0,1.0,1.0,0.0,2.0,-0.043781149387359664,True,0.0,gold_stl_cost,3303
40,10040,1000.0,28.266087170607534,69.0,2.0,14.0,True,0.05447190999984741,5.0,3.0,2.0,2.0,0.0,5.0,-0.10500507354736333,True,0.0,gold_stl_cost,3303
41,10041,1000.0,27.81571771597328,67.0,3.0,13.0,True,0.012311339378356934,10.0,7.0,3.0,3.0,0.0,10.0,-0.10391466617584233,True,0.0,gold_stl_cost,3303
42,10042,1000.0,23.200629436232703,0.0,1.0,12.0,True,0.3213404417037964,2.0,1.0,0.0,0.0,1.0,1.0,0.16328002214431758,True,0.0,gold_stl_cost,3303
43,10043,1000.0,27.031301838002037,5.0,1.0,13.0,True,0.1909237504005432,4.0,3.0,0.0,0.0,1.0,3.0,0.17884094715118404,True,0.0,gold_stl_cost,3303
44,10044,1000.0,24.097300403995177,64.0,1.0,10.0,True,0.0549616813659668,8.0,7.0,1.0,1.0,0.0,8.0,-0.010502266883850142,True,0.0,gold_stl_cost,3303
45,10045,1000.0,27.106389990283787,27.0,2.0,13.0,True,0.12295246124267578,7.0,5.0,2.0,2.0,0.0,6.0,-0.03283666372299199,True,0.0,gold_stl_cost,3303
46,10046,1000.0,25.391284616306166,130.0,3.0,12.0,True,0.0035739541053771973,7.0,4.0,2.0,2.0,1.0,6.0,-0.11351125240325932,True,0.0,gold_stl_cost,3303
47,10047,1000.0,25.739375279350497,77.0,1.0,12.0,True,0.021110236644744873,7.0,6.0,1.0,1.0,0.0,6.0,-0.03713892698287968,True,0.0,gold_stl_cost,3303
48,10048,1000.0,24.867258704136475,49.0,3.0,13.0,True,0.01362079381942749,5.0,2.0,2.0,2.0,1.0,4.0,-0.10075716972351079,True,0.0,gold_stl_cost,3303
49,10049,1000.0,25.792518510541413,88.0,2.0,12.0,True,0.05606013536453247,8.0,6.0,2.0,2.0,0.0,7.0,-0.09366308450698857,True,0.0,gold_stl_cost,3303
50,10050,1000.0,23.629560787575883,45.0,3.0,11.0,True,0.043514907360076904,8.0,5.0,2.0,2.0,1.0,7.0,-0.11388050317764287,True,0.0,gold_stl_cost,3303
51,10051,1000.0,24.233809817118527,25.0,1.0,13.0,True,0.05764585733413696,4.0,3.0,1.0,1.0,0.0,3.0,-0.06340222358703618,True,0.0,gold_stl_cost,3303
52,10052,1000.0,23.986849818844348,72.0,1.0,11.0,True,0.05935639142990112,9.0,8.0,0.0,0.0,1.0,8.0,0.004383277893066362,True,0.0,gold_stl_cost,3303
53,10053,1000.0,24.172203276065147,14.0,2.0,12.0,True,0.1004490852355957,7.0,5.0,1.0,1.0,1.0,6.0,-0.00017164945602421433,True,0.0,gold_stl_cost,3303
54,10054,1000.0,23.49967957611625,92.0,4.0,10.0,True,0.011500775814056396,7.0,3.0,3.0,4.0,0.0,7.0,-0.11855291128158574,True,0.0,gold_stl_cost,3303
55,10055,1000.0,25.016291199261104,15.0,2.0,12.0,True,0.06291335821151733,6.0,4.0,1.0,1.0,1.0,5.0,-0.017782318592071578,True,0.0,gold_stl_cost,3303
56,10056,1000.0,23.023411856542225,32.0,1.0,10.0,True,0.09758752584457397,6.0,5.0,0.0,0.0,1.0,5.0,0.11225260496139522,True,0.0,gold_stl_cost,3303
57,10057,1000.0,23.877267611404932,11.0,1.0,13.0,True,0.15788054466247559,6.0,5.0,0.0,0.0,1.0,4.0,0.12670577764511104,True,0.0,gold_stl_cost,3303
58,10058,1000.0,24.2931486470261,57.0,3.0,11.0,True,0.012125551700592041,5.0,2.0,2.0,2.0,1.0,4.0,-0.08016370534896855,True,0.0,gold_stl_cost,3303
59,10059,1000.0,24.521232038172457,128.0,2.0,12.0,True,0.05685281753540039,7.0,5.0,1.0,1.0,1.0,6.0,-0.017025399208068892,True,0.0,gold_stl_cost,3303
60,10060,1000.0,25.375215734318772,0.0,1.0,14.0,True,0.26434600353240967,5.0,4.0,0.0,0.0,1.0,4.0,0.08236010074615474,True,0.0,gold_stl_cost,3303
61,10061,1000.0,13.466953974360763,56.0,0.0,6.0,True,0.016740381717681885,5.0,5.0,0.0,0.0,0.0,5.0,0.10518319606781001,True,0.0,gold_stl_cost,3303
62,10062,1000.0,28.094860792371037,0.0,1.0,14.0,True,0.22318035364151,6.0,5.0,0.0,0.0,1.0,5.0,0.12279887199401851,True,0.0,gold_stl_cost,3303
63,10063,1000.0,27.61805870178796,40.0,0.0,15.0,True,0.05756431818008423,5.0,5.0,0.0,0.0,0.0,5.0,0.10498328208923335,True,0.0,gold_stl_cost,3303
64,10064,1000.0,24.494516302227566,42.0,3.0,11.0,True,0.04327869415283203,5.0,2.0,2.0,2.0,1.0,4.0,-0.10101215839385991,True,0.0,gold_stl_cost,3303
65,10065,1000.0,27.165624460278195,42.0,3.0,12.0,True,0.030593276023864746,5.0,2.0,2.0,2.0,1.0,4.0,-0.06965141296386723,True,0.0,gold_stl_cost,3303
66,10066,1000.0,21.193812071195225,106.0,1.0,9.0,True,0.025152146816253662,8.0,7.0,1.0,1.0,0.0,8.0,-0.07783000469207768,True,0.0,gold_stl_cost,3303
67,10067,1000.0,23.61044169035449,135.0,2.0,10.0,True,0.030045032501220703,7.0,5.0,2.0,2.0,0.0,6.0,-0.11381165981292729,True,0.0,gold_stl_cost,3303
68,10068,1000.0,26.335426033044314,28.0,0.0,13.0,True,0.08616113662719727,5.0,5.0,0.0,0.0,0.0,5.0,0.13719053268432613,True,0.0,gold_stl_cost,3303
69,10069,1000.0,25.458276030552952,32.0,1.0,11.0,True,0.13512808084487915,8.0,7.0,0.0,0.0,1.0,7.0,0.03495205640792842,True,0.0,gold_stl_cost,3303
70,10070,1000.0,25.260100736862114,136.0,3.0,12.0,True,0.0446094274520874,9.0,6.0,3.0,3.0,0.0,9.0,-0.10820190906524663,True,0.0,gold_stl_cost,3303
71,10071,1000.0,24.678734980743684,28.0,0.0,12.0,True,0.014920413494110107,4.0,4.0,0.0,0.0,0.0,4.0,0.2424110889434814,True,0.0,gold_stl_cost,3303
72,10072,1000.0,25.193325930194987,47.0,3.0,12.0,True,0.010414659976959229,8.0,5.0,2.0,2.0,1.0,7.0,-0.11590664386749272,True,0.0,gold_stl_cost,3303
73,10073,1000.0,24.15448305465543,47.0,1.0,11.0,True,0.03466379642486572,3.0,2.0,0.0,0.0,1.0,2.0,0.07854528427124019,True,0.0,gold_stl_cost,3303
74,10074,1000.0,20.16055485671677,117.0,4.0,8.0,True,0.009033679962158203,7.0,3.0,3.0,3.0,1.0,6.0,-0.1208742737770081,True,0.0,gold_stl_cost,3303
75,10075,1000.0,24.579681701863592,67.0,3.0,11.0,True,0.01504969596862793,8.0,5.0,2.0,2.0,1.0,7.0,-0.08004157543182377,True,0.0,gold_stl_cost,3303
76,10076,1000.0,20.09697712180241,104.0,1.0,8.0,True,0.01235353946685791,10.0,9.0,0.0,0.0,1.0,9.0,0.03389776945114131,True,0.0,gold_stl_cost,3303
77,10077,1000.0,21.505157451555306,63.0,2.0,10.0,True,0.08859837055206299,10.0,8.0,1.0,1.0,1.0,9.0,-0.10244374275207524,True,0.0,gold_stl_cost,3303
78,10078,1000.0,26.699196655276182,24.0,1.0,13.0,True,0.12167108058929443,6.0,5.0,0.0,0.0,1.0,5.0,0.04609860181808467,True,0.0,gold_stl_cost,3303
79,10079,1000.0,26.153475342172896,23.0,1.0,14.0,True,0.030996322631835938,3.0,2.0,1.0,1.0,0.0,3.0,-0.10471968650817876,True,0.0,gold_stl_cost,3303
80,10080,1000.0,23.579615798396844,63.0,4.0,10.0,True,0.0029574036598205566,9.0,5.0,3.0,3.0,1.0,8.0,-0.10693948268890385,True,0.0,gold_stl_cost,3303
81,10081,1000.0,27.23611729530967,104.0,2.0,13.0,True,0.015182197093963623,6.0,4.0,1.0,2.0,0.0,6.0,-0.1008816242218018,True,0.0,gold_stl_cost,3303
82,10082,1000.0,24.116484126479918,20.0,1.0,13.0,True,0.12341576814651489,4.0,3.0,1.0,1.0,0.0,4.0,-0.018046963214874312,True,0.0,gold_stl_cost,3303
83,10083,1000.0,24.869842501939274,52.0,2.0,12.0,True,0.06689000129699707,8.0,6.0,2.0,2.0,0.0,8.0,-0.023546028137207076,True,0.0,gold_stl_cost,3303
84,10084,1000.0,25.345689012840012,25.0,2.0,11.0,True,0.060628294944763184,9.0,7.0,1.0,1.0,1.0,8.0,-0.012630152702331587,True,0.0,gold_stl_cost,3303
85,10085,1000.0,20.82933034787311,147.0,3.0,8.0,True,0.031046569347381592,8.0,5.0,3.0,3.0,0.0,8.0,-0.10561518669128422,True,0.0,gold_stl_cost,3303
86,10086,1000.0,27.010046824030724,1.0,3.0,14.0,True,0.19308578968048096,4.0,1.0,2.0,2.0,1.0,3.0,-0.08299522399902348,True,0.0,gold_stl_cost,3303
87,10087,1000.0,24.864642613849355,0.0,0.0,13.0,True,0.22447353601455688,5.0,5.0,0.0,0.0,0.0,5.0,0.20570058822631831,True,0.0,gold_stl_cost,3303
88,10088,1000.0,21.708477761980248,66.0,1.0,9.0,True,0.02896338701248169,7.0,6.0,1.0,1.0,0.0,6.0,-0.0620625495910645,True,0.0,gold_stl_cost,3303
89,10089,1000.0,22.94199441083947,59.0,1.0,11.0,True,0.03380924463272095,7.0,6.0,1.0,1.0,0.0,7.0,-0.10932128429412846,True,0.0,gold_stl_cost,3303
90,10090,1000.0,25.743747951081673,26.0,3.0,12.0,True,0.11335229873657227,6.0,3.0,3.0,3.0,0.0,5.0,-0.040766346454620406,True,0.0,gold_stl_cost,3303
91,10091,1000.0,25.51365283556879,0.0,0.0,12.0,True,0.26981842517852783,2.0,2.0,0.0,0.0,0.0,2.0,0.03183693885803218,True,0.0,gold_stl_cost,3303
92,10092,1000.0,23.7932201083986,68.0,3.0,11.0,True,0.041821181774139404,5.0,2.0,3.0,3.0,0.0,4.0,-0.07920401096343999,True,0.0,gold_stl_cost,3303
93,10093,1000.0,26.948871302335192,84.0,3.0,13.0,True,0.024078369140625,9.0,6.0,2.0,2.0,1.0,8.0,-0.11487113237380986,True,0.0,gold_stl_cost,3303
94,10094,1000.0,26.806807658823345,0.0,0.0,15.0,True,0.42504680156707764,1.0,1.0,0.0,0.0,0.0,1.0,0.16151101589202876,True,0.0,gold_stl_cost,3303
95,10095,1000.0,26.399356932947285,63.0,2.0,12.0,True,0.013693571090698242,5.0,3.0,1.0,2.0,0.0,5.0,-0.10438530445098881,True,0.0,gold_stl_cost,3303
96,10096,1000.0,26.29076029884891,47.0,1.0,13.0,True,0.023063600063323975,6.0,5.0,1.0,1.0,0.0,6.0,-0.07424013614654545,True,0.0,gold_stl_cost,3303
97,10097,1000.0,24.786920708604157,30.0,1.0,11.0,True,0.05256986618041992,5.0,4.0,1.0,1.0,0.0,5.0,-0.08491908311843877,True,0.0,gold_stl_cost,3303
98,10098,1000.0,27.884689254742625,29.0,0.0,15.0,True,0.11025917530059814,10.0,10.0,0.0,0.0,0.0,9.0,0.007447254657745317,True,0.0,gold_stl_cost,3303
99,10099,1000.0,22.923672948488274,70.0,4.0,11.0,True,0.018812835216522217,9.0,5.0,3.0,3.0,1.0,8.0,-0.11840771436691289,True,0.0,gold_stl_cost,3303
0,10000,1000.0,26.037716672912097,13.0,0.0,12.0,True,0.11586803197860718,9.0,9.0,0.0,0.0,0.0,9.0,0.055440199375152543,True,0.0,gold_stl_cost,4404
1,10001,1000.0,27.91947613215052,30.0,2.0,13.0,True,0.0817381739616394,6.0,4.0,1.0,1.0,1.0,5.0,-0.08150534629821782,True,0.0,gold_stl_cost,4404
2,10002,1000.0,25.35728545814345,0.0,0.0,12.0,True,0.24772632122039795,3.0,3.0,0.0,0.0,0.0,3.0,0.08666504621505733,True,0.0,gold_stl_cost,4404
3,10003,1000.0,27.375498911707837,62.0,3.0,13.0,True,0.010988295078277588,6.0,3.0,2.0,2.0,1.0,5.0,-0.10605757236480717,True,0.0,gold_stl_cost,4404
4,10004,1000.0,26.12607924039321,62.0,0.0,13.0,True,0.01279449462890625,9.0,9.0,0.0,0.0,0.0,9.0,0.01791162490844722,True,0.0,gold_stl_cost,4404
5,10005,1000.0,26.594003528509347,62.0,2.0,13.0,True,0.09166127443313599,8.0,6.0,2.0,2.0,0.0,8.0,-0.053440320491790816,True,0.0,gold_stl_cost,4404
6,10006,1000.0,24.729592517207493,53.0,2.0,12.0,True,0.04861217737197876,6.0,4.0,1.0,1.0,1.0,5.0,-0.009048151969909712,True,0.0,gold_stl_cost,4404
7,10007,1000.0,25.614385373235564,39.0,0.0,13.0,True,0.028109729290008545,9.0,9.0,0.0,0.0,0.0,9.0,0.0031855821609496626,True,0.0,gold_stl_cost,4404
8,10008,1000.0,27.860693650713074,100.0,2.0,14.0,True,0.011309802532196045,9.0,7.0,2.0,2.0,0.0,8.0,-0.05990962982177739,True,0.0,gold_stl_cost,4404
9,10009,1000.0,26.618812529388606,102.0,2.0,13.0,True,0.017343342304229736,7.0,5.0,1.0,1.0,1.0,6.0,-0.07414947748184209,True,0.0,gold_stl_cost,4404
10,10010,1000.0,24.160942694623373,172.0,5.0,10.0,True,0.007317781448364258,9.0,4.0,4.0,4.0,1.0,8.0,-0.11457734107971196,True,0.0,gold_stl_cost,4404
11,10011,1000.0,25.026670456493946,40.0,0.0,12.0,True,0.009458363056182861,6.0,6.0,0.0,0.0,0.0,6.0,0.09693754911422725,True,0.0,gold_stl_cost,4404
12,10012,1000.0,26.57002702381851,14.0,0.0,14.0,True,0.05160391330718994,4.0,4.0,0.0,0.0,0.0,4.0,0.08613075017929073,True,0.0,gold_stl_cost,4404
13,10013,1000.0,24.999231536283332,69.0,3.0,11.0,True,0.007574558258056641,7.0,4.0,2.0,2.0,1.0,6.0,-0.043591427803039595,True,0.0,gold_stl_cost,4404
14,10014,1000.0,26.76822460567928,128.0,4.0,11.0,True,0.014545440673828125,9.0,5.0,3.0,3.0,1.0,8.0,-0.09396170377731328,True,0.0,gold_stl_cost,4404
15,10015,1000.0,13.179515686422747,43.0,1.0,5.0,True,0.08514297008514404,3.0,2.0,1.0,1.0,0.0,2.0,-0.06043176651000981,True,0.0,gold_stl_cost,4404
16,10016,1000.0,26.273769195605382,114.0,3.0,12.0,True,0.019218385219573975,9.0,6.0,2.0,2.0,1.0,8.0,-0.022865998744964644,True,0.0,gold_stl_cost,4404
17,10017,1000.0,24.994793789330288,76.0,1.0,12.0,True,0.013462185859680176,7.0,6.0,1.0,1.0,0.0,7.0,-0.08668236732482915,True,0.0,gold_stl_cost,4404
18,10018,1000.0,26.11668822761203,60.0,3.0,13.0,True,0.04443240165710449,7.0,4.0,2.0,2.0,1.0,6.0,-0.01797794103622441,True,0.0,gold_stl_cost,4404
19,10019,1000.0,26.50999159320054,45.0,3.0,13.0,True,0.0067327022552490234,7.0,4.0,2.0,2.0,1.0,6.0,-0.10668520927429204,True,0.0,gold_stl_cost,4404
20,10020,1000.0,26.016076318406704,15.0,0.0,14.0,True,0.07699120044708252,5.0,5.0,0.0,0.0,0.0,5.0,0.02671982049942012,True,0.0,gold_stl_cost,4404
21,10021,1000.0,27.190327703938237,75.0,2.0,11.0,True,0.035988807678222656,12.0,10.0,2.0,2.0,0.0,11.0,-0.024130392074585005,True,0.0,gold_stl_cost,4404
22,10022,1000.0,26.45130745410279,76.0,3.0,13.0,True,0.05101954936981201,7.0,4.0,3.0,3.0,0.0,7.0,-0.09151445627212529,True,0.0,gold_stl_cost,4404
23,10023,1000.0,28.416402719085454,44.0,1.0,15.0,True,0.02691417932510376,5.0,4.0,1.0,1.0,0.0,5.0,-0.04705862998962407,True,0.0,gold_stl_cost,4404
24,10024,1000.0,29.261259382816206,41.0,2.0,15.0,True,0.06029123067855835,2.0,0.0,2.0,2.0,0.0,2.0,-0.10061161518096928,True,0.0,gold_stl_cost,4404
25,10025,1000.0,24.299466248332465,60.0,2.0,10.0,True,0.07827454805374146,9.0,7.0,2.0,2.0,0.0,9.0,-0.014885175228118941,True,0.0,gold_stl_cost,4404
26,10026,1000.0,24.435733250208614,86.0,2.0,11.0,True,0.014920592308044434,8.0,6.0,2.0,2.0,0.0,7.0,-0.04674141407012944,True,0.0,gold_stl_cost,4404
27,10027,1000.0,26.669890144308738,117.0,2.0,12.0,True,0.005477249622344971,10.0,8.0,1.0,1.0,1.0,9.0,-0.10126303434371953,True,0.0,gold_stl_cost,4404
28,10028,1000.0,25.003079662274104,92.0,4.0,11.0,True,0.017098188400268555,6.0,2.0,3.0,4.0,0.0,6.0,-0.08774666786193852,True,0.0,gold_stl_cost,4404
29,10029,1000.0,24.845100043952698,30.0,2.0,12.0,True,0.031196951866149902,6.0,4.0,1.0,1.0,1.0,5.0,-0.03802977800369267,True,0.0,gold_stl_cost,4404
30,10030,1000.0,26.277792136248536,27.0,2.0,12.0,True,0.05886572599411011,6.0,4.0,2.0,2.0,0.0,6.0,-0.06773023605346684,True,0.0,gold_stl_cost,4404
31,10031,1000.0,24.981405384854952,47.0,1.0,10.0,True,0.09811502695083618,9.0,8.0,0.0,1.0,0.0,9.0,-0.06869064569473271,True,0.0,gold_stl_cost,4404
32,10032,1000.0,28.890364907620096,104.0,1.0,15.0,True,0.04178434610366821,8.0,7.0,1.0,1.0,0.0,7.0,-0.02676932811737065,True,0.0,gold_stl_cost,4404
33,10033,1000.0,25.323838446067384,59.0,2.0,12.0,True,0.026789367198944092,8.0,6.0,1.0,2.0,0.0,8.0,-0.10838286876678471,True,0.0,gold_stl_cost,4404
34,10034,1000.0,27.31138482975075,18.0,0.0,14.0,True,0.08539080619812012,8.0,8.0,0.0,0.0,0.0,8.0,0.05572093725204463,True,0.0,gold_stl_cost,4404
35,10035,1000.0,24.069815902854316,99.0,5.0,10.0,True,0.016576051712036133,8.0,3.0,4.0,4.0,1.0,7.0,-0.11185865402221684,True,0.0,gold_stl_cost,4404
36,10036,1000.0,27.739532756311746,38.0,1.0,14.0,True,0.022632122039794922,12.0,11.0,0.0,0.0,1.0,11.0,0.026420128345489458,True,0.0,gold_stl_cost,4404
37,10037,1000.0,24.4977981886841,37.0,1.0,12.0,True,0.052125513553619385,7.0,6.0,0.0,0.0,1.0,6.0,0.21395213603973384,True,0.0,gold_stl_cost,4404
38,10038,1000.0,25.272467650764156,41.0,2.0,11.0,True,0.10930877923965454,6.0,4.0,1.0,1.0,1.0,5.0,-0.06610052585601811,True,0.0,gold_stl_cost,4404
39,10039,1000.0,25.001241083857167,54.0,1.0,10.0,True,0.09205323457717896,9.0,8.0,0.0,0.0,1.0,8.0,0.011313748359680131,True,0.0,gold_stl_cost,4404
40,10040,1000.0,25.697480803893995,82.0,3.0,12.0,True,0.0729532241821289,6.0,3.0,3.0,3.0,0.0,5.0,-0.10746912956237797,True,0.0,gold_stl_cost,4404
41,10041,1000.0,25.851143846553896,79.0,2.0,11.0,True,0.01062619686126709,9.0,7.0,2.0,2.0,0.0,9.0,-0.09775184392929082,True,0.0,gold_stl_cost,4404
42,10042,1000.0,26.81813752950984,0.0,0.0,13.0,True,0.25427430868148804,1.0,1.0,0.0,0.0,0.0,1.0,0.1474832415580749,True,0.0,gold_stl_cost,4404
43,10043,1000.0,25.151497897135414,8.0,1.0,13.0,True,0.1617477536201477,5.0,4.0,0.0,0.0,1.0,4.0,0.026919198036193803,True,0.0,gold_stl_cost,4404
44,10044,1000.0,25.121972951186763,42.0,4.0,13.0,True,0.005831480026245117,7.0,3.0,3.0,3.0,1.0,6.0,-0.1068044781684876,True,0.0,gold_stl_cost,4404
45,10045,1000.0,25.090062638860218,70.0,3.0,12.0,True,0.003130674362182617,5.0,2.0,2.0,3.0,0.0,5.0,-0.10222898721694951,True,0.0,gold_stl_cost,4404
46,10046,1000.0,26.50938394370496,74.0,4.0,11.0,True,0.016858577728271484,7.0,3.0,3.0,3.0,1.0,5.0,-0.08401178121566777,True,0.0,gold_stl_cost,4404
47,10047,1000.0,25.375533167324647,88.0,2.0,11.0,True,0.010141074657440186,8.0,6.0,2.0,2.0,0.0,8.0,-0.058168339729309126,True,0.0,gold_stl_cost,4404
48,10048,1000.0,25.181740757685475,66.0,2.0,13.0,True,0.016232013702392578,6.0,4.0,2.0,2.0,0.0,6.0,-0.07789992094039921,True,0.0,gold_stl_cost,4404
49,10049,1000.0,24.295509879844758,65.0,1.0,11.0,True,0.01634502410888672,5.0,4.0,1.0,1.0,0.0,5.0,-0.048018145561218306,True,0.0,gold_stl_cost,4404
50,10050,1000.0,25.75383989530087,78.0,1.0,12.0,True,0.021552979946136475,12.0,11.0,1.0,1.0,0.0,11.0,-0.025192189216613814,True,0.0,gold_stl_cost,4404
51,10051,1000.0,24.39661955439078,64.0,1.0,11.0,True,0.027067065238952637,4.0,3.0,1.0,1.0,0.0,4.0,-0.11785964965820317,True,0.0,gold_stl_cost,4404
52,10052,1000.0,25.714484828500645,30.0,1.0,11.0,True,0.06547272205352783,8.0,7.0,1.0,1.0,0.0,8.0,-0.11010556221008305,True,0.0,gold_stl_cost,4404
53,10053,1000.0,26.061490469503497,52.0,0.0,13.0,True,0.06331372261047363,9.0,9.0,0.0,0.0,0.0,9.0,0.08184171915054317,True,0.0,gold_stl_cost,4404
54,10054,1000.0,24.960168991714454,79.0,3.0,10.0,True,0.09535074234008789,7.0,4.0,2.0,3.0,0.0,7.0,-0.10528652667999272,True,0.0,gold_stl_cost,4404
55,10055,1000.0,24.58780215302704,56.0,1.0,12.0,True,0.008979320526123047,7.0,6.0,1.0,1.0,0.0,6.0,-0.09726707935333256,True,0.0,gold_stl_cost,4404
56,10056,1000.0,24.8530659231983,50.0,1.0,10.0,True,0.04195868968963623,4.0,3.0,1.0,1.0,0.0,4.0,-0.02443652153015141,True,0.0,gold_stl_cost,4404
57,10057,1000.0,25.874461118641193,27.0,2.0,14.0,True,0.02942025661468506,10.0,8.0,1.0,1.0,1.0,9.0,-0.05390309095382695,True,0.0,gold_stl_cost,4404
58,10058,1000.0,25.879091701222933,56.0,2.0,13.0,True,0.01690918207168579,4.0,2.0,2.0,2.0,0.0,4.0,-0.11911116838455205,True,0.0,gold_stl_cost,4404
59,10059,1000.0,24.323357119584898,75.0,3.0,11.0,True,0.034295082092285156,6.0,3.0,3.0,3.0,0.0,6.0,-0.06502066850662236,True,0.0,gold_stl_cost,4404
60,10060,1000.0,27.014918059730007,38.0,0.0,13.0,True,0.08665162324905396,7.0,7.0,0.0,0.0,0.0,7.0,0.010673058032989458,True,0.0,gold_stl_cost,4404
61,10061,1000.0,26.501168705559394,99.0,3.0,12.0,True,0.008521556854248047,8.0,5.0,2.0,2.0,1.0,7.0,-0.07461814880371098,True,0.0,gold_stl_cost,4404
62,10062,1000.0,26.9053792606378,51.0,2.0,14.0,True,0.0037062764167785645,6.0,4.0,1.0,1.0,1.0,5.0,-0.11244033575057988,True,0.0,gold_stl_cost,4404
63,10063,1000.0,25.17376262194375,76.0,3.0,15.0,True,0.010767638683319092,3.0,0.0,2.0,2.0,1.0,2.0,-0.11538325548172002,True,0.0,gold_stl_cost,4404
64,10064,1000.0,24.717038820075686,32.0,1.0,11.0,True,0.06614738702774048,8.0,7.0,1.0,1.0,0.0,7.0,-0.007721352577209517,True,0.0,gold_stl_cost,4404
65,10065,1000.0,19.214870898078516,44.0,1.0,7.0,True,0.10819780826568604,4.0,3.0,1.0,1.0,0.0,4.0,-0.018523323535919234,True,0.0,gold_stl_cost,4404
66,10066,1000.0,18.763305087300978,172.0,5.0,7.0,True,0.006003141403198242,7.0,2.0,4.0,4.0,1.0,6.0,-0.11174600124359135,True,0.0,gold_stl_cost,4404
67,10067,1000.0,25.74329809057599,79.0,4.0,12.0,True,0.02461373805999756,7.0,3.0,3.0,3.0,1.0,6.0,-0.1154392242431641,True,0.0,gold_stl_cost,4404
68,10068,1000.0,26.0273671431828,61.0,1.0,12.0,True,0.02064192295074463,7.0,6.0,1.0,1.0,0.0,7.0,-0.004985320568084761,True,0.0,gold_stl_cost,4404
69,10069,1000.0,26.201704377959686,74.0,0.0,12.0,True,0.09414893388748169,8.0,8.0,0.0,0.0,0.0,8.0,0.012469244003295854,True,0.0,gold_stl_cost,4404
70,10070,1000.0,25.192304070056707,92.0,4.0,11.0,True,0.07327169179916382,7.0,3.0,3.0,4.0,0.0,7.0,-0.10394667387008671,True,0.0,gold_stl_cost,4404
71,10071,1000.0,31.052654850122053,44.0,1.0,17.0,True,0.11266565322875977,5.0,4.0,1.0,1.0,0.0,5.0,-0.045708405971527144,True,0.0,gold_stl_cost,4404
72,10072,1000.0,25.31430493897051,8.0,0.0,12.0,True,0.17072653770446777,3.0,3.0,0.0,0.0,0.0,3.0,0.05520452260971065,True,0.0,gold_stl_cost,4404
73,10073,1000.0,24.454303688267373,34.0,2.0,12.0,True,0.08389860391616821,3.0,1.0,2.0,2.0,0.0,3.0,-0.0567224502563477,True,0.0,gold_stl_cost,4404
74,10074,1000.0,24.800537082694063,97.0,4.0,11.0,True,0.012990832328796387,7.0,3.0,3.0,3.0,1.0,6.0,-0.10141091346740727,True,0.0,gold_stl_cost,4404
75,10075,1000.0,25.054354286803573,93.0,0.0,11.0,True,0.01321953535079956,9.0,9.0,0.0,0.0,0.0,9.0,0.016310167312622026,True,0.0,gold_stl_cost,4404
76,10076,1000.0,25.02060991072358,24.0,2.0,11.0,True,0.015048086643218994,8.0,6.0,2.0,2.0,0.0,7.0,-0.11043457984924321,True,0.0,gold_stl_cost,4404
77,10077,1000.0,27.141956622894213,55.0,3.0,13.0,True,0.020868301391601562,12.0,9.0,2.0,2.0,1.0,11.0,-0.07405291795730595,True,0.0,gold_stl_cost,4404
78,10078,1000.0,25.649090222974337,48.0,1.0,13.0,True,0.024026691913604736,7.0,6.0,1.0,1.0,0.0,7.0,-0.03343265056610112,True,0.0,gold_stl_cost,4404
79,10079,1000.0,25.11211748302958,7.0,0.0,13.0,True,0.17991632223129272,3.0,3.0,0.0,0.0,0.0,3.0,0.12461884021759029,True,0.0,gold_stl_cost,4404
80,10080,1000.0,26.421542913779376,47.0,1.0,12.0,True,0.059969544410705566,6.0,5.0,1.0,1.0,0.0,5.0,-0.07858138084411626,True,0.0,gold_stl_cost,4404
81,10081,1000.0,27.989564205362512,76.0,3.0,14.0,True,0.04940807819366455,6.0,3.0,3.0,3.0,0.0,6.0,-0.09483181238174443,True,0.0,gold_stl_cost,4404
82,10082,1000.0,26.576696517757227,44.0,2.0,14.0,True,0.012042582035064697,6.0,4.0,1.0,1.0,1.0,5.0,-0.05176680088043217,True,0.0,gold_stl_cost,4404
83,10083,1000.0,26.33406296338262,43.0,2.0,13.0,True,0.03646963834762573,10.0,8.0,2.0,2.0,0.0,10.0,-0.06195204257965092,True,0.0,gold_stl_cost,4404
84,10084,1000.0,26.268579973529995,99.0,3.0,12.0,True,0.013029813766479492,10.0,7.0,2.0,2.0,1.0,9.0,-0.022949504852294966,True,0.0,gold_stl_cost,4404
85,10085,1000.0,24.416102175408014,17.0,3.0,11.0,True,0.16259336471557617,8.0,5.0,2.0,2.0,1.0,7.0,-0.06485294103622441,True,0.0,gold_stl_cost,4404
86,10086,1000.0,21.018706443395786,40.0,0.0,10.0,True,0.015491008758544922,5.0,5.0,0.0,0.0,0.0,5.0,0.0560554981231689,True,0.0,gold_stl_cost,4404
87,10087,1000.0,25.24878486270609,18.0,1.0,13.0,True,0.05523473024368286,1.0,0.0,0.0,1.0,0.0,1.0,-0.011100935935974166,True,0.0,gold_stl_cost,4404
88,10088,1000.0,25.74556780650164,120.0,4.0,11.0,True,0.03249478340148926,7.0,3.0,3.0,3.0,1.0,6.0,-0.12353967428207402,True,0.0,gold_stl_cost,4404
89,10089,1000.0,25.37299943580888,93.0,1.0,12.0,True,0.02078479528427124,10.0,9.0,1.0,1.0,0.0,10.0,-0.008341300487518355,True,0.0,gold_stl_cost,4404
90,10090,1000.0,27.134890026503854,56.0,3.0,12.0,True,0.03774136304855347,7.0,4.0,2.0,2.0,1.0,6.0,-0.04506735801696782,True,0.0,gold_stl_cost,4404
91,10091,1000.0,23.92079741248017,23.0,0.0,12.0,True,0.11404430866241455,4.0,4.0,0.0,0.0,0.0,3.0,0.10371048450469966,True,0.0,gold_stl_cost,4404
92,10092,1000.0,25.99488562350598,58.0,3.0,13.0,True,0.10482591390609741,7.0,4.0,2.0,2.0,1.0,6.0,-0.10092579126358037,True,0.0,gold_stl_cost,4404
93,10093,1000.0,28.478015887254514,85.0,2.0,14.0,True,0.05316603183746338,9.0,7.0,1.0,1.0,1.0,8.0,-0.046650934219360396,True,0.0,gold_stl_cost,4404
94,10094,1000.0,27.24357661855902,26.0,1.0,14.0,True,0.07363808155059814,3.0,2.0,1.0,1.0,0.0,3.0,-0.05173246860504155,True,0.0,gold_stl_cost,4404
95,10095,1000.0,24.790080798400595,37.0,1.0,11.0,True,0.029011130332946777,6.0,5.0,0.0,0.0,1.0,5.0,0.04672284126281734,True,0.0,gold_stl_cost,4404
96,10096,1000.0,25.339595560522866,26.0,1.0,12.0,True,0.012026488780975342,5.0,4.0,0.0,0.0,1.0,4.0,0.01649023294448848,True,0.0,gold_stl_cost,4404
97,10097,1000.0,25.67233838004222,0.0,1.0,12.0,True,0.24940001964569092,5.0,4.0,0.0,0.0,1.0,4.0,0.09943468570709224,True,0.0,gold_stl_cost,4404
98,10098,1000.0,26.787145053425775,63.0,2.0,11.0,True,0.1279299259185791,10.0,8.0,1.0,1.0,1.0,8.0,-0.0006338834762573686,True,0.0,gold_stl_cost,4404
99,10099,1000.0,27.733692029352824,84.0,1.0,14.0,True,0.025775671005249023,12.0,11.0,1.0,1.0,0.0,12.0,-0.02811686992645268,True,0.0,gold_stl_cost,4404
0,10000,1000.0,25.621597948585077,43.0,1.0,12.0,True,0.04243558645248413,9.0,8.0,0.0,1.0,0.0,9.0,-0.0405476570129395,True,0.0,gold_stl_cost,5505
1,10001,1000.0,25.84062075386828,40.0,1.0,13.0,True,0.05176734924316406,8.0,7.0,0.0,0.0,1.0,7.0,0.07039297819137569,True,0.0,gold_stl_cost,5505
2,10002,1000.0,26.56388568307375,33.0,1.0,13.0,True,0.04388415813446045,1.0,0.0,1.0,1.0,0.0,1.0,-0.10128306150436406,True,0.0,gold_stl_cost,5505
3,10003,1000.0,14.246631005865424,92.0,3.0,6.0,True,0.06216609477996826,5.0,2.0,2.0,2.0,1.0,4.0,-0.10481535196304326,True,0.0,gold_stl_cost,5505
4,10004,1000.0,26.934225889350273,102.0,2.0,12.0,True,0.004521667957305908,8.0,6.0,1.0,1.0,1.0,7.0,-0.08602164983749394,True,0.0,gold_stl_cost,5505
5,10005,1000.0,28.855319384267204,72.0,1.0,14.0,True,0.007861912250518799,8.0,7.0,1.0,1.0,0.0,8.0,-0.10643594264984135,True,0.0,gold_stl_cost,5505
6,10006,1000.0,24.961979842351866,39.0,1.0,12.0,True,0.031049787998199463,8.0,7.0,0.0,0.0,1.0,7.0,0.13196272850036617,True,0.0,gold_stl_cost,5505
7,10007,1000.0,27.99490568524834,29.0,2.0,15.0,True,0.11443805694580078,6.0,4.0,2.0,2.0,0.0,6.0,-0.07033966779708867,True,0.0,gold_stl_cost,5505
8,10008,1000.0,25.090471375438298,86.0,2.0,12.0,True,0.04113650321960449,10.0,8.0,1.0,1.0,1.0,9.0,-0.011516678333282515,True,0.0,gold_stl_cost,5505
9,10009,1000.0,27.439059100324812,67.0,0.0,13.0,True,0.02271437644958496,5.0,5.0,0.0,0.0,0.0,5.0,0.014877152442932084,True,0.0,gold_stl_cost,5505
10,10010,1000.0,28.126638751279643,83.0,2.0,13.0,True,0.02892225980758667,6.0,4.0,1.0,2.0,0.0,6.0,-0.029835271835327193,True,0.0,gold_stl_cost,5505
11,10011,1000.0,25.314000971702626,32.0,0.0,12.0,True,0.14348548650741577,8.0,8.0,0.0,0.0,0.0,8.0,0.010357272624969438,True,0.0,gold_stl_cost,5505
12,10012,1000.0,24.355029393766017,0.0,0.0,11.0,True,0.2738158106803894,3.0,3.0,0.0,0.0,0.0,3.0,0.03635485172271724,True,0.0,gold_stl_cost,5505
13,10013,1000.0,23.030272145133495,52.0,1.0,10.0,True,0.03644639253616333,8.0,7.0,0.0,0.0,1.0,7.0,0.0201668262481689,True,0.0,gold_stl_cost,5505
14,10014,1000.0,25.782999225673848,71.0,3.0,11.0,True,0.03712749481201172,8.0,5.0,2.0,2.0,1.0,6.0,-0.07991980314254765,True,0.0,gold_stl_cost,5505
15,10015,1000.0,26.458277196732524,18.0,2.0,13.0,True,0.05417829751968384,4.0,2.0,2.0,2.0,0.0,4.0,-0.10878394842147832,True,0.0,gold_stl_cost,5505
16,10016,1000.0,24.36390028008691,59.0,3.0,11.0,True,0.03336596488952637,4.0,1.0,3.0,3.0,0.0,4.0,-0.11323659420013432,True,0.0,gold_stl_cost,5505
17,10017,1000.0,24.871270993095095,63.0,0.0,10.0,True,0.04539996385574341,9.0,9.0,0.0,0.0,0.0,9.0,0.041518461704254106,True,0.0,gold_stl_cost,5505
18,10018,1000.0,24.709238757284766,50.0,2.0,11.0,True,0.05179542303085327,9.0,7.0,1.0,1.0,1.0,8.0,-0.06977121829986577,True,0.0,gold_stl_cost,5505
19,10019,1000.0,27.17967288319778,43.0,0.0,14.0,True,0.06711941957473755,4.0,4.0,0.0,0.0,0.0,3.0,0.025476169586181596,True,0.0,gold_stl_cost,5505
20,10020,1000.0,24.743378305870465,22.0,1.0,13.0,True,0.07112663984298706,5.0,4.0,1.0,1.0,0.0,5.0,-0.022663223743438765,True,0.0,gold_stl_cost,5505
21,10021,1000.0,26.155057256827718,88.0,1.0,11.0,True,0.008916199207305908,10.0,9.0,1.0,1.0,0.0,9.0,-0.03083734512329106,True,0.0,gold_stl_cost,5505
22,10022,1000.0,26.2819376461066,42.0,0.0,12.0,True,0.05472850799560547,8.0,8.0,0.0,0.0,0.0,7.0,0.008081865310668901,True,0.0,gold_stl_cost,5505
23,10023,1000.0,28.793108862615554,40.0,1.0,15.0,True,0.011348962783813477,4.0,3.0,1.0,1.0,0.0,4.0,-0.003185379505157515,True,0.0,gold_stl_cost,5505
24,10024,1000.0,23.129178711587883,31.0,1.0,11.0,True,0.003365814685821533,1.0,0.0,0.0,1.0,0.0,1.0,-0.08634029626846318,True,0.0,gold_stl_cost,5505
25,10025,1000.0,25.380186327740375,53.0,2.0,12.0,True,0.032814860343933105,10.0,8.0,2.0,2.0,0.0,9.0,-0.06161354780197148,True,0.0,gold_stl_cost,5505
26,10026,1000.0,25.193993959052023,42.0,1.0,12.0,True,0.018986821174621582,8.0,7.0,1.0,1.0,0.0,7.0,-0.09112893342971806,True,0.0,gold_stl_cost,5505
27,10027,1000.0,25.00645946950499,90.0,3.0,13.0,True,0.055110812187194824,10.0,7.0,2.0,2.0,1.0,9.0,-0.08136891126632695,True,0.0,gold_stl_cost,5505
28,10028,1000.0,27.26640166528523,46.0,3.0,11.0,True,0.057485103607177734,9.0,6.0,2.0,2.0,1.0,8.0,-0.04863040447235112,True,0.0,gold_stl_cost,5505
29,10029,1000.0,27.721033515585077,13.0,1.0,14.0,True,0.044946134090423584,6.0,5.0,1.0,1.0,0.0,6.0,-0.06897406578063969,True,0.0,gold_stl_cost,5505
30,10030,1000.0,25.440946055052336,24.0,2.0,11.0,True,0.11664694547653198,3.0,1.0,2.0,2.0,0.0,3.0,-0.1174759149551392,True,0.0,gold_stl_cost,5505
31,10031,1000.0,25.649315787490195,49.0,4.0,11.0,True,0.12067615985870361,9.0,5.0,4.0,4.0,0.0,9.0,-0.08685545921325688,True,0.0,gold_stl_cost,5505
32,10032,1000.0,27.491121844082954,19.0,1.0,14.0,True,0.06897085905075073,7.0,6.0,1.0,1.0,0.0,6.0,-0.10227243900299077,True,0.0,gold_stl_cost,5505
33,10033,1000.0,27.713843058348175,58.0,2.0,14.0,True,0.003274083137512207,9.0,7.0,1.0,1.0,1.0,8.0,-0.035762238502502486,True,0.0,gold_stl_cost,5505
34,10034,1000.0,27.102519279017542,0.0,1.0,15.0,True,0.20373094081878662,4.0,3.0,1.0,1.0,0.0,3.0,-0.05774919986724858,True,0.0,gold_stl_cost,5505
35,10035,1000.0,25.949976585858167,26.0,2.0,12.0,True,0.09179198741912842,6.0,4.0,2.0,2.0,0.0,5.0,-0.08979587554931645,True,0.0,gold_stl_cost,5505
36,10036,1000.0,26.2847535248211,42.0,1.0,13.0,True,0.06650608777999878,7.0,6.0,0.0,0.0,1.0,6.0,0.060437154769897417,True,0.0,gold_stl_cost,5505
37,10037,1000.0,25.77893638004025,27.0,1.0,13.0,True,0.06487208604812622,2.0,1.0,1.0,1.0,0.0,2.0,-0.10616718530654912,True,0.0,gold_stl_cost,5505
38,10038,1000.0,27.009965947610908,58.0,2.0,13.0,True,0.05353671312332153,6.0,4.0,1.0,1.0,1.0,5.0,-0.050886678695678755,True,0.0,gold_stl_cost,5505
39,10039,1000.0,26.798083779389344,70.0,3.0,13.0,True,0.0077013373374938965,7.0,4.0,2.0,2.0,1.0,6.0,-0.07205109596252446,True,0.0,gold_stl_cost,5505
40,10040,1000.0,26.409099052038073,23.0,2.0,14.0,True,0.09649229049682617,6.0,4.0,1.0,1.0,1.0,5.0,-0.057314503192901656,True,0.0,gold_stl_cost,5505
41,10041,1000.0,25.918139922701812,98.0,0.0,11.0,True,0.03911876678466797,10.0,10.0,0.0,0.0,0.0,10.0,0.0010655641555785689,True,0.0,gold_stl_cost,5505
42,10042,1000.0,24.330052642744704,16.0,1.0,12.0,True,0.11593687534332275,1.0,0.0,1.0,1.0,0.0,1.0,-0.0006911039352417436,True,0.0,gold_stl_cost,5505
43,10043,1000.0,26.953702736670493,32.0,1.0,13.0,True,0.07532483339309692,3.0,2.0,1.0,1.0,0.0,3.0,-0.03733115196228032,True,0.0,gold_stl_cost,5505
44,10044,1000.0,26.302979811754085,74.0,0.0,12.0,True,0.0615425705909729,7.0,7.0,0.0,0.0,0.0,7.0,0.012070310115814165,True,0.0,gold_stl_cost,5505
45,10045,1000.0,28.890708979834017,54.0,3.0,15.0,True,0.02705293893814087,10.0,7.0,3.0,3.0,0.0,9.0,-0.11981372833251958,True,0.0,gold_stl_cost,5505
46,10046,1000.0,25.825833108116058,72.0,3.0,12.0,True,0.06822001934051514,7.0,4.0,2.0,2.0,1.0,6.0,-0.06279014348983769,True,0.0,gold_stl_cost,5505
47,10047,1000.0,27.006788126484025,73.0,2.0,11.0,True,0.0043430328369140625,8.0,6.0,1.0,1.0,1.0,7.0,-0.004899668693542525,True,0.0,gold_stl_cost,5505
48,10048,1000.0,2.9842907593045394,62.0,1.0,2.0,True,0.16407394409179688,1.0,0.0,0.0,1.0,0.0,1.0,-0.11534945964813237,True,0.0,gold_stl_cost,5505
49,10049,1000.0,24.17649836604687,25.0,1.0,10.0,True,0.0607185959815979,8.0,7.0,1.0,1.0,0.0,7.0,-0.059705245494842574,True,0.0,gold_stl_cost,5505
50,10050,1000.0,25.739731687986023,58.0,2.0,11.0,True,0.015222430229187012,10.0,8.0,1.0,1.0,1.0,9.0,-0.011050510406494185,True,0.0,gold_stl_cost,5505
51,10051,1000.0,25.390743699630548,0.0,0.0,11.0,True,0.37882375717163086,1.0,1.0,0.0,0.0,0.0,1.0,0.1800363183021545,True,0.0,gold_stl_cost,5505
52,10052,1000.0,25.391898988895264,103.0,2.0,11.0,True,0.021786153316497803,8.0,6.0,1.0,1.0,1.0,7.0,-0.10750292539596562,True,0.0,gold_stl_cost,5505
53,10053,1000.0,26.5531133156328,0.0,0.0,12.0,True,0.220592200756073,6.0,6.0,0.0,0.0,0.0,6.0,0.1369416236877441,True,0.0,gold_stl_cost,5505
54,10054,1000.0,26.923935002516373,116.0,3.0,12.0,True,0.019418656826019287,7.0,4.0,2.0,3.0,0.0,7.0,-0.05507503747940068,True,0.0,gold_stl_cost,5505
55,10055,1000.0,27.129365542478354,56.0,1.0,14.0,True,0.04574847221374512,4.0,3.0,1.0,1.0,0.0,4.0,-0.059270191192627,True,0.0,gold_stl_cost,5505
56,10056,1000.0,26.541017685210818,79.0,1.0,12.0,True,0.017578303813934326,6.0,5.0,0.0,0.0,1.0,5.0,0.008650493621826127,True,0.0,gold_stl_cost,5505
57,10057,1000.0,25.816241122653082,75.0,4.0,14.0,True,0.013352572917938232,6.0,2.0,3.0,3.0,1.0,5.0,-0.057115483283996626,True,0.0,gold_stl_cost,5505
58,10058,1000.0,23.657857535010407,41.0,1.0,12.0,True,0.048383116722106934,7.0,6.0,1.0,1.0,0.0,7.0,-0.04090725183486943,True,0.0,gold_stl_cost,5505
59,10059,1000.0,26.708383776101982,65.0,2.0,12.0,True,0.015279114246368408,10.0,8.0,1.0,1.0,1.0,8.0,-0.08334945440292363,True,0.0,gold_stl_cost,5505
60,10060,1000.0,24.930421655189093,53.0,1.0,13.0,True,0.0036013126373291016,8.0,7.0,0.0,0.0,1.0,7.0,0.07830460071563716,True,0.0,gold_stl_cost,5505
61,10061,1000.0,25.986352660047487,38.0,1.0,11.0,True,0.017525553703308105,9.0,8.0,1.0,1.0,0.0,8.0,-0.11608581542968754,True,0.0,gold_stl_cost,5505
62,10062,1000.0,30.54980466980487,55.0,1.0,15.0,True,0.058721065521240234,9.0,8.0,1.0,1.0,0.0,9.0,-0.0985620498657227,True,0.0,gold_stl_cost,5505
63,10063,1000.0,18.400669590985217,19.0,0.0,9.0,True,0.06000262498855591,5.0,5.0,0.0,0.0,0.0,4.0,0.06593389511108394,True,0.0,gold_stl_cost,5505
64,10064,1000.0,23.745297631237918,10.0,0.0,12.0,True,0.18823117017745972,8.0,8.0,0.0,0.0,0.0,8.0,0.05820734500885005,True,0.0,gold_stl_cost,5505
65,10065,1000.0,25.438740146411874,22.0,3.0,13.0,True,0.02060598134994507,4.0,1.0,3.0,3.0,0.0,4.0,-0.07704054117202763,True,0.0,gold_stl_cost,5505
66,10066,1000.0,27.25108655875374,74.0,3.0,11.0,True,0.006978213787078857,7.0,4.0,2.0,2.0,1.0,6.0,-0.04261403083801274,True,0.0,gold_stl_cost,5505
67,10067,1000.0,26.157697144421036,97.0,2.0,11.0,True,0.02146017551422119,8.0,6.0,2.0,2.0,0.0,8.0,-0.10751061439514165,True,0.0,gold_stl_cost,5505
68,10068,1000.0,27.414818785724492,68.0,0.0,14.0,True,0.02640080451965332,8.0,8.0,0.0,0.0,0.0,7.0,0.022235882282257036,True,0.0,gold_stl_cost,5505
69,10069,1000.0,25.831572685261563,77.0,2.0,12.0,True,0.02917402982711792,7.0,5.0,1.0,1.0,1.0,6.0,-0.00048314332962040574,True,0.0,gold_stl_cost,5505
70,10070,1000.0,24.61961516387055,121.0,2.0,11.0,True,0.009696543216705322,8.0,6.0,2.0,2.0,0.0,7.0,-0.10355471372604375,True,0.0,gold_stl_cost,5505
71,10071,1000.0,25.87376516907443,0.0,0.0,13.0,True,0.2441917061805725,7.0,7.0,0.0,0.0,0.0,7.0,0.0037295341491698775,True,0.0,gold_stl_cost,5505
72,10072,1000.0,24.873800036553803,31.0,3.0,11.0,True,0.14504241943359375,5.0,2.0,3.0,3.0,0.0,5.0,-0.11162029504776005,True,0.0,gold_stl_cost,5505
73,10073,1000.0,23.710195636866047,0.0,0.0,11.0,True,0.3350719213485718,4.0,4.0,0.0,0.0,0.0,4.0,0.17390264272689815,True,0.0,gold_stl_cost,5505
74,10074,1000.0,26.484101031413047,71.0,2.0,11.0,True,0.03586077690124512,7.0,5.0,2.0,2.0,0.0,7.0,-0.10098551511764531,True,0.0,gold_stl_cost,5505
75,10075,1000.0,25.10675977923529,95.0,3.0,13.0,True,0.006496131420135498,7.0,4.0,3.0,3.0,0.0,6.0,-0.11681358814239506,True,0.0,gold_stl_cost,5505
76,10076,1000.0,27.703351204469072,126.0,3.0,12.0,True,0.02558112144470215,9.0,6.0,2.0,2.0,1.0,8.0,-0.10222308635711674,True,0.0,gold_stl_cost,5505
77,10077,1000.0,25.48977635275878,122.0,1.0,12.0,True,0.01865905523300171,9.0,8.0,1.0,1.0,0.0,9.0,-0.025762426853179976,True,0.0,gold_stl_cost,5505
78,10078,1000.0,26.24081656314229,11.0,1.0,12.0,True,0.15877121686935425,7.0,6.0,1.0,1.0,0.0,7.0,-0.041882324218750044,True,0.0,gold_stl_cost,5505
79,10079,1000.0,25.775815272243563,0.0,1.0,13.0,True,0.23281341791152954,4.0,3.0,0.0,0.0,1.0,3.0,0.20486999750137325,True,0.0,gold_stl_cost,5505
80,10080,1000.0,24.231369801167602,63.0,4.0,11.0,True,0.03261208534240723,9.0,5.0,4.0,4.0,0.0,8.0,-0.10132168531417851,True,0.0,gold_stl_cost,5505
81,10081,1000.0,25.29929214987351,30.0,2.0,14.0,True,0.018354177474975586,6.0,4.0,2.0,2.0,0.0,6.0,-0.10517476797103886,True,0.0,gold_stl_cost,5505
82,10082,1000.0,25.099160772704636,0.0,0.0,13.0,True,0.3256189227104187,2.0,2.0,0.0,0.0,0.0,1.0,0.39270813465118404,True,0.0,gold_stl_cost,5505
83,10083,1000.0,23.826013248384697,79.0,6.0,11.0,True,0.028591275215148926,8.0,2.0,5.0,5.0,1.0,7.0,-0.10462920665740971,True,0.0,gold_stl_cost,5505
84,10084,1000.0,26.59267323201584,81.0,1.0,12.0,True,0.04595142602920532,10.0,9.0,0.0,0.0,1.0,8.0,0.003927659988403276,True,0.0,gold_stl_cost,5505
85,10085,1000.0,25.139557913775207,56.0,2.0,10.0,True,0.027663052082061768,6.0,4.0,1.0,1.0,1.0,5.0,-0.03245865106582646,True,0.0,gold_stl_cost,5505
86,10086,1000.0,7.673178270748394,253.0,2.0,3.0,True,0.0967664122581482,3.0,1.0,1.0,2.0,0.0,3.0,-0.1020560741424561,True,0.0,gold_stl_cost,5505
87,10087,1000.0,25.233216776223458,71.0,1.0,13.0,True,0.019520580768585205,5.0,4.0,1.0,1.0,0.0,5.0,-0.1045478463172913,True,0.0,gold_stl_cost,5505
88,10088,1000.0,20.33997253177222,82.0,2.0,9.0,True,0.051675260066986084,6.0,4.0,1.0,2.0,0.0,6.0,-0.10393236875534062,True,0.0,gold_stl_cost,5505
89,10089,1000.0,23.250046188082706,62.0,2.0,10.0,True,0.05393528938293457,7.0,5.0,1.0,1.0,1.0,6.0,-0.05002729892730717,True,0.0,gold_stl_cost,5505
90,10090,1000.0,1.8706765756123787,0.0,0.0,1.0,True,0.21755164861679077,1.0,1.0,0.0,0.0,0.0,1.0,0.032792520523071245,True,0.0,gold_stl_cost,5505
91,10091,1000.0,25.761991547449725,0.0,0.0,13.0,True,0.327667236328125,3.0,3.0,0.0,0.0,0.0,2.0,0.12858958244323726,True,0.0,gold_stl_cost,5505
92,10092,1000.0,26.515305623867107,43.0,2.0,14.0,True,0.09420812129974365,9.0,7.0,2.0,2.0,0.0,9.0,-0.1021011352539063,True,0.0,gold_stl_cost,5505
93,10093,1000.0,28.68617177350825,65.0,3.0,14.0,True,0.036518633365631104,7.0,4.0,2.0,2.0,1.0,6.0,-0.036557245254516646,True,0.0,gold_stl_cost,5505
94,10094,1000.0,27.93501794638223,21.0,0.0,15.0,True,0.02755558490753174,3.0,3.0,0.0,0.0,0.0,3.0,0.294422698020935,True,0.0,gold_stl_cost,5505
95,10095,1000.0,25.25445373655748,70.0,1.0,11.0,True,0.014218389987945557,7.0,6.0,1.0,1.0,0.0,6.0,-0.08804671764373784,True,0.0,gold_stl_cost,5505
96,10096,1000.0,25.8657988605446,40.0,0.0,13.0,True,0.0391654372215271,8.0,8.0,0.0,0.0,0.0,8.0,0.0188318014144897,True,0.0,gold_stl_cost,5505
97,10097,1000.0,27.40198895764479,18.0,1.0,14.0,True,0.15734928846359253,5.0,4.0,0.0,0.0,1.0,4.0,0.022227835655212358,True,0.0,gold_stl_cost,5505
98,10098,1000.0,25.668385119282902,62.0,2.0,12.0,True,0.011024951934814453,11.0,9.0,1.0,1.0,1.0,10.0,-0.03465788364410405,True,0.0,gold_stl_cost,5505
99,10099,1000.0,11.968875361194932,16.0,1.0,6.0,True,0.009172439575195312,4.0,3.0,1.0,1.0,0.0,4.0,-0.011382567882537886,True,0.0,gold_stl_cost,5505
